ISO-10303-21;
HEADER;
/* Generated by software containing ST-Developer
 * from STEP Tools, Inc. (www.steptools.com) 
 */

FILE_DESCRIPTION(
/* description */ ('DISPLAY, LED, 16 SEG, GRN, TEKCREATIONS'),
/* implementation_level */ '2;1');

FILE_NAME(
/* name */ 'UFCSingleDigit.step',
/* time_stamp */ '2026-10-03T14:56:09-04:00',
/* author */ (''),
/* organization */ (''),
/* preprocessor_version */ 'ST-DEVELOPER v20.2',
/* originating_system */ 'Autodesk Translation Framework v15.15.0.0',
/* authorisation */ '');

FILE_SCHEMA (('AUTOMOTIVE_DESIGN { 1 0 10303 214 3 1 1 }'));
ENDSEC;

DATA;
#10=MECHANICAL_DESIGN_GEOMETRIC_PRESENTATION_REPRESENTATION('',(#497,#498,
#499,#500,#501,#502,#503,#504,#505,#506,#507,#508,#509,#510,#511,#512,#513,
#514,#515,#516,#517,#518,#519,#520,#521,#522,#523,#524,#525,#526,#527,#528,
#529,#530,#531,#532,#533,#534,#535,#536,#537,#538,#539,#540,#541,#542,#543,
#544,#545,#546,#547,#548,#549,#550,#551,#552,#553,#554,#555,#556,#557,#558,
#559,#560,#561,#562,#563,#564,#565,#566,#567,#568,#569,#570,#571,#572,#573,
#574,#575,#576,#577,#578,#579,#580,#581,#582,#583,#584),#16025);
#11=SHAPE_REPRESENTATION_RELATIONSHIP('SRR','None',#16032,#12);
#12=ADVANCED_BREP_SHAPE_REPRESENTATION('',(#13),#16024);
#13=MANIFOLD_SOLID_BREP('Body1',#9213);
#14=CIRCLE('',#9386,0.4);
#15=CIRCLE('',#9387,0.4);
#16=CIRCLE('',#9390,0.4);
#17=CIRCLE('',#9391,0.4);
#18=CIRCLE('',#9394,0.4);
#19=CIRCLE('',#9395,0.4);
#20=CIRCLE('',#9398,0.4);
#21=CIRCLE('',#9399,0.4);
#22=CIRCLE('',#9402,0.4);
#23=CIRCLE('',#9403,0.4);
#24=CIRCLE('',#9406,0.4);
#25=CIRCLE('',#9407,0.4);
#26=CIRCLE('',#9410,0.4);
#27=CIRCLE('',#9411,0.4);
#28=CIRCLE('',#9414,0.4);
#29=CIRCLE('',#9415,0.4);
#30=CIRCLE('',#9418,0.400000000000001);
#31=CIRCLE('',#9419,0.400000000000001);
#32=CIRCLE('',#9422,0.4);
#33=CIRCLE('',#9423,0.4);
#34=CIRCLE('',#9426,0.4);
#35=CIRCLE('',#9427,0.4);
#36=CIRCLE('',#9430,0.4);
#37=CIRCLE('',#9431,0.4);
#38=CIRCLE('',#9434,0.4);
#39=CIRCLE('',#9435,0.4);
#40=CIRCLE('',#9438,0.400000000000001);
#41=CIRCLE('',#9439,0.400000000000001);
#42=CIRCLE('',#9442,0.4);
#43=CIRCLE('',#9443,0.4);
#44=CIRCLE('',#9446,0.4);
#45=CIRCLE('',#9447,0.4);
#46=CIRCLE('',#9450,0.4);
#47=CIRCLE('',#9451,0.4);
#48=CIRCLE('',#9454,0.4);
#49=CIRCLE('',#9455,0.4);
#50=CIRCLE('',#9458,0.4);
#51=CIRCLE('',#9459,0.4);
#52=CIRCLE('',#9462,0.400000000000001);
#53=CIRCLE('',#9463,0.400000000000001);
#54=CIRCLE('',#9466,0.4);
#55=CIRCLE('',#9467,0.4);
#56=CIRCLE('',#9470,0.4);
#57=CIRCLE('',#9471,0.4);
#58=CIRCLE('',#9474,0.4);
#59=CIRCLE('',#9475,0.4);
#60=CIRCLE('',#9478,0.4);
#61=CIRCLE('',#9479,0.4);
#62=CIRCLE('',#9482,0.400000000000001);
#63=CIRCLE('',#9483,0.400000000000001);
#64=CIRCLE('',#9486,0.4);
#65=CIRCLE('',#9487,0.4);
#66=CIRCLE('',#9490,0.4);
#67=CIRCLE('',#9491,0.4);
#68=CIRCLE('',#9494,0.4);
#69=CIRCLE('',#9495,0.4);
#70=CIRCLE('',#9498,0.4);
#71=CIRCLE('',#9499,0.4);
#72=CIRCLE('',#9502,0.4);
#73=CIRCLE('',#9503,0.4);
#74=CIRCLE('',#9506,0.4);
#75=CIRCLE('',#9507,0.4);
#76=CIRCLE('',#9510,0.4);
#77=CIRCLE('',#9511,0.4);
#78=CIRCLE('',#9514,0.4);
#79=CIRCLE('',#9515,0.4);
#80=CIRCLE('',#9518,0.4);
#81=CIRCLE('',#9519,0.4);
#82=CIRCLE('',#9522,0.400000000000002);
#83=CIRCLE('',#9523,0.400000000000002);
#84=CIRCLE('',#9526,0.4);
#85=CIRCLE('',#9527,0.4);
#86=CIRCLE('',#9530,0.4);
#87=CIRCLE('',#9531,0.4);
#88=CIRCLE('',#9534,0.4);
#89=CIRCLE('',#9535,0.4);
#90=CIRCLE('',#9538,0.4);
#91=CIRCLE('',#9539,0.4);
#92=CIRCLE('',#9542,0.4);
#93=CIRCLE('',#9543,0.4);
#94=CIRCLE('',#9546,0.400000000000001);
#95=CIRCLE('',#9547,0.400000000000001);
#96=CIRCLE('',#9550,0.4);
#97=CIRCLE('',#9551,0.4);
#98=CIRCLE('',#9554,0.4);
#99=CIRCLE('',#9555,0.4);
#100=CIRCLE('',#9558,0.4);
#101=CIRCLE('',#9559,0.4);
#102=CIRCLE('',#9562,0.4);
#103=CIRCLE('',#9563,0.4);
#104=CIRCLE('',#9566,0.4);
#105=CIRCLE('',#9567,0.4);
#106=CIRCLE('',#9570,0.4);
#107=CIRCLE('',#9571,0.4);
#108=CIRCLE('',#9574,0.4);
#109=CIRCLE('',#9575,0.4);
#110=CIRCLE('',#9578,0.225);
#111=CIRCLE('',#9579,0.225);
#112=CIRCLE('',#9582,0.225);
#113=CIRCLE('',#9583,0.225);
#114=CIRCLE('',#9586,0.225);
#115=CIRCLE('',#9587,0.225);
#116=CIRCLE('',#9590,0.225);
#117=CIRCLE('',#9591,0.225);
#118=CIRCLE('',#9594,0.225);
#119=CIRCLE('',#9595,0.225);
#120=CIRCLE('',#9598,0.225);
#121=CIRCLE('',#9599,0.225);
#122=CIRCLE('',#9602,0.225);
#123=CIRCLE('',#9603,0.225);
#124=CIRCLE('',#9606,0.225);
#125=CIRCLE('',#9607,0.225);
#126=CYLINDRICAL_SURFACE('',#9385,0.4);
#127=CYLINDRICAL_SURFACE('',#9389,0.4);
#128=CYLINDRICAL_SURFACE('',#9393,0.4);
#129=CYLINDRICAL_SURFACE('',#9397,0.4);
#130=CYLINDRICAL_SURFACE('',#9401,0.4);
#131=CYLINDRICAL_SURFACE('',#9405,0.4);
#132=CYLINDRICAL_SURFACE('',#9409,0.4);
#133=CYLINDRICAL_SURFACE('',#9413,0.4);
#134=CYLINDRICAL_SURFACE('',#9417,0.400000000000001);
#135=CYLINDRICAL_SURFACE('',#9421,0.4);
#136=CYLINDRICAL_SURFACE('',#9425,0.4);
#137=CYLINDRICAL_SURFACE('',#9429,0.4);
#138=CYLINDRICAL_SURFACE('',#9433,0.4);
#139=CYLINDRICAL_SURFACE('',#9437,0.400000000000001);
#140=CYLINDRICAL_SURFACE('',#9441,0.4);
#141=CYLINDRICAL_SURFACE('',#9445,0.4);
#142=CYLINDRICAL_SURFACE('',#9449,0.4);
#143=CYLINDRICAL_SURFACE('',#9453,0.4);
#144=CYLINDRICAL_SURFACE('',#9457,0.4);
#145=CYLINDRICAL_SURFACE('',#9461,0.400000000000001);
#146=CYLINDRICAL_SURFACE('',#9465,0.4);
#147=CYLINDRICAL_SURFACE('',#9469,0.4);
#148=CYLINDRICAL_SURFACE('',#9473,0.4);
#149=CYLINDRICAL_SURFACE('',#9477,0.4);
#150=CYLINDRICAL_SURFACE('',#9481,0.400000000000001);
#151=CYLINDRICAL_SURFACE('',#9485,0.4);
#152=CYLINDRICAL_SURFACE('',#9489,0.4);
#153=CYLINDRICAL_SURFACE('',#9493,0.4);
#154=CYLINDRICAL_SURFACE('',#9497,0.4);
#155=CYLINDRICAL_SURFACE('',#9501,0.4);
#156=CYLINDRICAL_SURFACE('',#9505,0.4);
#157=CYLINDRICAL_SURFACE('',#9509,0.4);
#158=CYLINDRICAL_SURFACE('',#9513,0.4);
#159=CYLINDRICAL_SURFACE('',#9517,0.4);
#160=CYLINDRICAL_SURFACE('',#9521,0.400000000000002);
#161=CYLINDRICAL_SURFACE('',#9525,0.4);
#162=CYLINDRICAL_SURFACE('',#9529,0.4);
#163=CYLINDRICAL_SURFACE('',#9533,0.4);
#164=CYLINDRICAL_SURFACE('',#9537,0.4);
#165=CYLINDRICAL_SURFACE('',#9541,0.4);
#166=CYLINDRICAL_SURFACE('',#9545,0.400000000000001);
#167=CYLINDRICAL_SURFACE('',#9549,0.4);
#168=CYLINDRICAL_SURFACE('',#9553,0.4);
#169=CYLINDRICAL_SURFACE('',#9557,0.4);
#170=CYLINDRICAL_SURFACE('',#9561,0.4);
#171=CYLINDRICAL_SURFACE('',#9565,0.4);
#172=CYLINDRICAL_SURFACE('',#9569,0.4);
#173=CYLINDRICAL_SURFACE('',#9573,0.4);
#174=CYLINDRICAL_SURFACE('',#9577,0.225);
#175=CYLINDRICAL_SURFACE('',#9581,0.225);
#176=CYLINDRICAL_SURFACE('',#9585,0.225);
#177=CYLINDRICAL_SURFACE('',#9589,0.225);
#178=CYLINDRICAL_SURFACE('',#9593,0.225);
#179=CYLINDRICAL_SURFACE('',#9597,0.225);
#180=CYLINDRICAL_SURFACE('',#9601,0.225);
#181=CYLINDRICAL_SURFACE('',#9605,0.225);
#182=FACE_BOUND('',#1132,.T.);
#183=FACE_BOUND('',#1177,.T.);
#184=FACE_BOUND('',#1209,.T.);
#185=FACE_BOUND('',#1224,.T.);
#186=FACE_BOUND('',#1254,.T.);
#187=FACE_BOUND('',#1276,.T.);
#188=FACE_BOUND('',#1400,.T.);
#189=FACE_BOUND('',#1427,.T.);
#190=FACE_BOUND('',#1449,.T.);
#191=FACE_BOUND('',#1642,.T.);
#192=FACE_BOUND('',#1643,.T.);
#193=FACE_BOUND('',#1644,.T.);
#194=FACE_BOUND('',#1645,.T.);
#195=FACE_BOUND('',#1646,.T.);
#196=FACE_BOUND('',#1647,.T.);
#197=FACE_BOUND('',#1648,.T.);
#198=FACE_BOUND('',#1649,.T.);
#199=FACE_BOUND('',#1650,.T.);
#200=FACE_BOUND('',#1651,.T.);
#201=FACE_BOUND('',#1652,.T.);
#202=FACE_BOUND('',#1653,.T.);
#203=FACE_BOUND('',#1654,.T.);
#204=FACE_BOUND('',#1655,.T.);
#205=FACE_BOUND('',#1656,.T.);
#206=FACE_BOUND('',#1657,.T.);
#207=FACE_BOUND('',#1658,.T.);
#208=FACE_BOUND('',#1659,.T.);
#209=FACE_BOUND('',#1660,.T.);
#210=FACE_BOUND('',#1661,.T.);
#211=FACE_BOUND('',#1662,.T.);
#212=FACE_BOUND('',#1663,.T.);
#213=FACE_BOUND('',#1664,.T.);
#214=FACE_BOUND('',#1665,.T.);
#215=FACE_BOUND('',#1666,.T.);
#216=FACE_BOUND('',#1667,.T.);
#217=FACE_BOUND('',#1668,.T.);
#218=FACE_BOUND('',#1669,.T.);
#219=FACE_BOUND('',#1670,.T.);
#220=FACE_BOUND('',#1671,.T.);
#221=FACE_BOUND('',#1672,.T.);
#222=FACE_BOUND('',#1673,.T.);
#223=FACE_BOUND('',#1674,.T.);
#224=FACE_BOUND('',#1675,.T.);
#225=FACE_BOUND('',#1676,.T.);
#226=FACE_BOUND('',#1677,.T.);
#227=FACE_BOUND('',#1678,.T.);
#228=FACE_BOUND('',#1679,.T.);
#229=FACE_BOUND('',#1680,.T.);
#230=FACE_BOUND('',#1681,.T.);
#231=FACE_BOUND('',#1682,.T.);
#232=FACE_BOUND('',#1683,.T.);
#233=FACE_BOUND('',#1684,.T.);
#234=FACE_BOUND('',#1685,.T.);
#235=FACE_BOUND('',#1686,.T.);
#236=FACE_BOUND('',#1687,.T.);
#237=FACE_BOUND('',#1688,.T.);
#238=FACE_BOUND('',#1689,.T.);
#239=FACE_BOUND('',#1692,.T.);
#240=FACE_BOUND('',#1693,.T.);
#241=FACE_BOUND('',#1694,.T.);
#242=FACE_BOUND('',#1695,.T.);
#243=FACE_BOUND('',#1696,.T.);
#244=FACE_BOUND('',#1697,.T.);
#245=FACE_BOUND('',#1698,.T.);
#246=FACE_BOUND('',#1699,.T.);
#247=FACE_BOUND('',#1702,.T.);
#248=FACE_BOUND('',#1703,.T.);
#249=FACE_BOUND('',#1704,.T.);
#250=FACE_BOUND('',#1705,.T.);
#251=FACE_BOUND('',#1706,.T.);
#252=FACE_BOUND('',#1707,.T.);
#253=FACE_BOUND('',#1708,.T.);
#254=FACE_BOUND('',#1709,.T.);
#255=FACE_BOUND('',#1710,.T.);
#256=FACE_BOUND('',#1711,.T.);
#257=FACE_BOUND('',#1712,.T.);
#258=FACE_BOUND('',#1713,.T.);
#259=FACE_BOUND('',#1714,.T.);
#260=FACE_BOUND('',#1715,.T.);
#261=FACE_BOUND('',#1716,.T.);
#262=FACE_BOUND('',#1717,.T.);
#263=FACE_BOUND('',#1718,.T.);
#264=FACE_BOUND('',#1719,.T.);
#265=FACE_BOUND('',#1720,.T.);
#266=FACE_BOUND('',#1721,.T.);
#267=FACE_BOUND('',#1722,.T.);
#268=FACE_BOUND('',#1723,.T.);
#269=PLANE('',#9227);
#270=PLANE('',#9228);
#271=PLANE('',#9229);
#272=PLANE('',#9230);
#273=PLANE('',#9231);
#274=PLANE('',#9232);
#275=PLANE('',#9233);
#276=PLANE('',#9234);
#277=PLANE('',#9235);
#278=PLANE('',#9236);
#279=PLANE('',#9237);
#280=PLANE('',#9238);
#281=PLANE('',#9239);
#282=PLANE('',#9240);
#283=PLANE('',#9241);
#284=PLANE('',#9242);
#285=PLANE('',#9243);
#286=PLANE('',#9244);
#287=PLANE('',#9245);
#288=PLANE('',#9246);
#289=PLANE('',#9247);
#290=PLANE('',#9248);
#291=PLANE('',#9249);
#292=PLANE('',#9250);
#293=PLANE('',#9251);
#294=PLANE('',#9252);
#295=PLANE('',#9253);
#296=PLANE('',#9254);
#297=PLANE('',#9255);
#298=PLANE('',#9256);
#299=PLANE('',#9257);
#300=PLANE('',#9258);
#301=PLANE('',#9259);
#302=PLANE('',#9260);
#303=PLANE('',#9261);
#304=PLANE('',#9262);
#305=PLANE('',#9263);
#306=PLANE('',#9264);
#307=PLANE('',#9265);
#308=PLANE('',#9266);
#309=PLANE('',#9267);
#310=PLANE('',#9268);
#311=PLANE('',#9269);
#312=PLANE('',#9270);
#313=PLANE('',#9271);
#314=PLANE('',#9272);
#315=PLANE('',#9273);
#316=PLANE('',#9274);
#317=PLANE('',#9275);
#318=PLANE('',#9276);
#319=PLANE('',#9277);
#320=PLANE('',#9278);
#321=PLANE('',#9279);
#322=PLANE('',#9280);
#323=PLANE('',#9281);
#324=PLANE('',#9282);
#325=PLANE('',#9283);
#326=PLANE('',#9284);
#327=PLANE('',#9285);
#328=PLANE('',#9286);
#329=PLANE('',#9287);
#330=PLANE('',#9288);
#331=PLANE('',#9289);
#332=PLANE('',#9290);
#333=PLANE('',#9291);
#334=PLANE('',#9292);
#335=PLANE('',#9293);
#336=PLANE('',#9294);
#337=PLANE('',#9295);
#338=PLANE('',#9296);
#339=PLANE('',#9297);
#340=PLANE('',#9298);
#341=PLANE('',#9299);
#342=PLANE('',#9300);
#343=PLANE('',#9301);
#344=PLANE('',#9302);
#345=PLANE('',#9303);
#346=PLANE('',#9304);
#347=PLANE('',#9305);
#348=PLANE('',#9306);
#349=PLANE('',#9307);
#350=PLANE('',#9308);
#351=PLANE('',#9309);
#352=PLANE('',#9310);
#353=PLANE('',#9311);
#354=PLANE('',#9312);
#355=PLANE('',#9313);
#356=PLANE('',#9314);
#357=PLANE('',#9315);
#358=PLANE('',#9316);
#359=PLANE('',#9317);
#360=PLANE('',#9318);
#361=PLANE('',#9319);
#362=PLANE('',#9320);
#363=PLANE('',#9321);
#364=PLANE('',#9322);
#365=PLANE('',#9323);
#366=PLANE('',#9324);
#367=PLANE('',#9325);
#368=PLANE('',#9326);
#369=PLANE('',#9327);
#370=PLANE('',#9328);
#371=PLANE('',#9329);
#372=PLANE('',#9330);
#373=PLANE('',#9331);
#374=PLANE('',#9332);
#375=PLANE('',#9333);
#376=PLANE('',#9334);
#377=PLANE('',#9335);
#378=PLANE('',#9336);
#379=PLANE('',#9337);
#380=PLANE('',#9338);
#381=PLANE('',#9339);
#382=PLANE('',#9340);
#383=PLANE('',#9341);
#384=PLANE('',#9342);
#385=PLANE('',#9343);
#386=PLANE('',#9344);
#387=PLANE('',#9345);
#388=PLANE('',#9346);
#389=PLANE('',#9347);
#390=PLANE('',#9348);
#391=PLANE('',#9349);
#392=PLANE('',#9350);
#393=PLANE('',#9351);
#394=PLANE('',#9352);
#395=PLANE('',#9353);
#396=PLANE('',#9354);
#397=PLANE('',#9355);
#398=PLANE('',#9356);
#399=PLANE('',#9357);
#400=PLANE('',#9358);
#401=PLANE('',#9359);
#402=PLANE('',#9360);
#403=PLANE('',#9361);
#404=PLANE('',#9362);
#405=PLANE('',#9363);
#406=PLANE('',#9364);
#407=PLANE('',#9365);
#408=PLANE('',#9366);
#409=PLANE('',#9367);
#410=PLANE('',#9368);
#411=PLANE('',#9369);
#412=PLANE('',#9370);
#413=PLANE('',#9371);
#414=PLANE('',#9372);
#415=PLANE('',#9373);
#416=PLANE('',#9374);
#417=PLANE('',#9375);
#418=PLANE('',#9376);
#419=PLANE('',#9377);
#420=PLANE('',#9378);
#421=PLANE('',#9379);
#422=PLANE('',#9380);
#423=PLANE('',#9381);
#424=PLANE('',#9382);
#425=PLANE('',#9383);
#426=PLANE('',#9384);
#427=PLANE('',#9388);
#428=PLANE('',#9392);
#429=PLANE('',#9396);
#430=PLANE('',#9400);
#431=PLANE('',#9404);
#432=PLANE('',#9408);
#433=PLANE('',#9412);
#434=PLANE('',#9416);
#435=PLANE('',#9420);
#436=PLANE('',#9424);
#437=PLANE('',#9428);
#438=PLANE('',#9432);
#439=PLANE('',#9436);
#440=PLANE('',#9440);
#441=PLANE('',#9444);
#442=PLANE('',#9448);
#443=PLANE('',#9452);
#444=PLANE('',#9456);
#445=PLANE('',#9460);
#446=PLANE('',#9464);
#447=PLANE('',#9468);
#448=PLANE('',#9472);
#449=PLANE('',#9476);
#450=PLANE('',#9480);
#451=PLANE('',#9484);
#452=PLANE('',#9488);
#453=PLANE('',#9492);
#454=PLANE('',#9496);
#455=PLANE('',#9500);
#456=PLANE('',#9504);
#457=PLANE('',#9508);
#458=PLANE('',#9512);
#459=PLANE('',#9516);
#460=PLANE('',#9520);
#461=PLANE('',#9524);
#462=PLANE('',#9528);
#463=PLANE('',#9532);
#464=PLANE('',#9536);
#465=PLANE('',#9540);
#466=PLANE('',#9544);
#467=PLANE('',#9548);
#468=PLANE('',#9552);
#469=PLANE('',#9556);
#470=PLANE('',#9560);
#471=PLANE('',#9564);
#472=PLANE('',#9568);
#473=PLANE('',#9572);
#474=PLANE('',#9576);
#475=PLANE('',#9580);
#476=PLANE('',#9584);
#477=PLANE('',#9588);
#478=PLANE('',#9592);
#479=PLANE('',#9596);
#480=PLANE('',#9600);
#481=PLANE('',#9604);
#482=PLANE('',#9608);
#483=PLANE('',#9609);
#484=PLANE('',#9610);
#485=PLANE('',#9611);
#486=PLANE('',#9612);
#487=PLANE('',#9613);
#488=PLANE('',#9614);
#489=PLANE('',#9615);
#490=PLANE('',#9616);
#491=PLANE('',#9617);
#492=PLANE('',#9618);
#493=PLANE('',#9619);
#494=PLANE('',#9620);
#495=PLANE('',#9621);
#496=PLANE('',#9622);
#497=STYLED_ITEM('',(#16043),#8707);
#498=STYLED_ITEM('',(#16043),#8720);
#499=STYLED_ITEM('',(#16043),#8736);
#500=STYLED_ITEM('',(#16043),#8751);
#501=STYLED_ITEM('',(#16043),#8761);
#502=STYLED_ITEM('',(#16043),#8782);
#503=STYLED_ITEM('',(#16043),#8796);
#504=STYLED_ITEM('',(#16043),#8825);
#505=STYLED_ITEM('',(#16043),#8846);
#506=STYLED_ITEM('',(#16043),#8856);
#507=STYLED_ITEM('',(#16043),#8879);
#508=STYLED_ITEM('',(#16043),#8902);
#509=STYLED_ITEM('',(#16043),#8925);
#510=STYLED_ITEM('',(#16043),#8948);
#511=STYLED_ITEM('',(#16043),#8969);
#512=STYLED_ITEM('',(#16043),#8974);
#513=STYLED_ITEM('',(#16043),#8995);
#514=STYLED_ITEM('',(#16043),#9016);
#515=STYLED_ITEM('',(#16043),#9021);
#516=STYLED_ITEM('',(#16043),#9034);
#517=STYLED_ITEM('',(#16043),#9052);
#518=STYLED_ITEM('',(#16043),#9065);
#519=STYLED_ITEM('',(#16044),#9088);
#520=STYLED_ITEM('',(#16044),#9090);
#521=STYLED_ITEM('',(#16044),#9092);
#522=STYLED_ITEM('',(#16044),#9094);
#523=STYLED_ITEM('',(#16044),#9096);
#524=STYLED_ITEM('',(#16044),#9098);
#525=STYLED_ITEM('',(#16044),#9100);
#526=STYLED_ITEM('',(#16044),#9102);
#527=STYLED_ITEM('',(#16044),#9104);
#528=STYLED_ITEM('',(#16044),#9106);
#529=STYLED_ITEM('',(#16044),#9108);
#530=STYLED_ITEM('',(#16044),#9110);
#531=STYLED_ITEM('',(#16044),#9112);
#532=STYLED_ITEM('',(#16044),#9114);
#533=STYLED_ITEM('',(#16044),#9116);
#534=STYLED_ITEM('',(#16044),#9118);
#535=STYLED_ITEM('',(#16044),#9120);
#536=STYLED_ITEM('',(#16044),#9122);
#537=STYLED_ITEM('',(#16044),#9124);
#538=STYLED_ITEM('',(#16044),#9126);
#539=STYLED_ITEM('',(#16044),#9128);
#540=STYLED_ITEM('',(#16044),#9130);
#541=STYLED_ITEM('',(#16044),#9132);
#542=STYLED_ITEM('',(#16044),#9134);
#543=STYLED_ITEM('',(#16044),#9136);
#544=STYLED_ITEM('',(#16044),#9138);
#545=STYLED_ITEM('',(#16044),#9140);
#546=STYLED_ITEM('',(#16044),#9142);
#547=STYLED_ITEM('',(#16044),#9144);
#548=STYLED_ITEM('',(#16044),#9146);
#549=STYLED_ITEM('',(#16044),#9148);
#550=STYLED_ITEM('',(#16044),#9150);
#551=STYLED_ITEM('',(#16044),#9152);
#552=STYLED_ITEM('',(#16044),#9154);
#553=STYLED_ITEM('',(#16044),#9156);
#554=STYLED_ITEM('',(#16044),#9158);
#555=STYLED_ITEM('',(#16044),#9160);
#556=STYLED_ITEM('',(#16044),#9162);
#557=STYLED_ITEM('',(#16044),#9164);
#558=STYLED_ITEM('',(#16044),#9166);
#559=STYLED_ITEM('',(#16044),#9168);
#560=STYLED_ITEM('',(#16044),#9170);
#561=STYLED_ITEM('',(#16044),#9172);
#562=STYLED_ITEM('',(#16044),#9174);
#563=STYLED_ITEM('',(#16044),#9176);
#564=STYLED_ITEM('',(#16044),#9178);
#565=STYLED_ITEM('',(#16044),#9180);
#566=STYLED_ITEM('',(#16044),#9182);
#567=STYLED_ITEM('',(#16045),#9183);
#568=STYLED_ITEM('',(#16045),#9184);
#569=STYLED_ITEM('',(#16045),#9185);
#570=STYLED_ITEM('',(#16045),#9186);
#571=STYLED_ITEM('',(#16045),#9187);
#572=STYLED_ITEM('',(#16045),#9188);
#573=STYLED_ITEM('',(#16045),#9189);
#574=STYLED_ITEM('',(#16045),#9190);
#575=STYLED_ITEM('',(#16045),#9191);
#576=STYLED_ITEM('',(#16045),#9192);
#577=STYLED_ITEM('',(#16045),#9193);
#578=STYLED_ITEM('',(#16045),#9194);
#579=STYLED_ITEM('',(#16045),#9195);
#580=STYLED_ITEM('',(#16045),#9196);
#581=STYLED_ITEM('',(#16045),#9197);
#582=STYLED_ITEM('',(#16045),#9198);
#583=STYLED_ITEM('',(#16043),#9208);
#584=STYLED_ITEM('',(#16042),#13);
#585=FACE_OUTER_BOUND('',#1111,.T.);
#586=FACE_OUTER_BOUND('',#1112,.T.);
#587=FACE_OUTER_BOUND('',#1113,.T.);
#588=FACE_OUTER_BOUND('',#1114,.T.);
#589=FACE_OUTER_BOUND('',#1115,.T.);
#590=FACE_OUTER_BOUND('',#1116,.T.);
#591=FACE_OUTER_BOUND('',#1117,.T.);
#592=FACE_OUTER_BOUND('',#1118,.T.);
#593=FACE_OUTER_BOUND('',#1119,.T.);
#594=FACE_OUTER_BOUND('',#1120,.T.);
#595=FACE_OUTER_BOUND('',#1121,.T.);
#596=FACE_OUTER_BOUND('',#1122,.T.);
#597=FACE_OUTER_BOUND('',#1123,.T.);
#598=FACE_OUTER_BOUND('',#1124,.T.);
#599=FACE_OUTER_BOUND('',#1125,.T.);
#600=FACE_OUTER_BOUND('',#1126,.T.);
#601=FACE_OUTER_BOUND('',#1127,.T.);
#602=FACE_OUTER_BOUND('',#1128,.T.);
#603=FACE_OUTER_BOUND('',#1129,.T.);
#604=FACE_OUTER_BOUND('',#1130,.T.);
#605=FACE_OUTER_BOUND('',#1131,.T.);
#606=FACE_OUTER_BOUND('',#1133,.T.);
#607=FACE_OUTER_BOUND('',#1134,.T.);
#608=FACE_OUTER_BOUND('',#1135,.T.);
#609=FACE_OUTER_BOUND('',#1136,.T.);
#610=FACE_OUTER_BOUND('',#1137,.T.);
#611=FACE_OUTER_BOUND('',#1138,.T.);
#612=FACE_OUTER_BOUND('',#1139,.T.);
#613=FACE_OUTER_BOUND('',#1140,.T.);
#614=FACE_OUTER_BOUND('',#1141,.T.);
#615=FACE_OUTER_BOUND('',#1142,.T.);
#616=FACE_OUTER_BOUND('',#1143,.T.);
#617=FACE_OUTER_BOUND('',#1144,.T.);
#618=FACE_OUTER_BOUND('',#1145,.T.);
#619=FACE_OUTER_BOUND('',#1146,.T.);
#620=FACE_OUTER_BOUND('',#1147,.T.);
#621=FACE_OUTER_BOUND('',#1148,.T.);
#622=FACE_OUTER_BOUND('',#1149,.T.);
#623=FACE_OUTER_BOUND('',#1150,.T.);
#624=FACE_OUTER_BOUND('',#1151,.T.);
#625=FACE_OUTER_BOUND('',#1152,.T.);
#626=FACE_OUTER_BOUND('',#1153,.T.);
#627=FACE_OUTER_BOUND('',#1154,.T.);
#628=FACE_OUTER_BOUND('',#1155,.T.);
#629=FACE_OUTER_BOUND('',#1156,.T.);
#630=FACE_OUTER_BOUND('',#1157,.T.);
#631=FACE_OUTER_BOUND('',#1158,.T.);
#632=FACE_OUTER_BOUND('',#1159,.T.);
#633=FACE_OUTER_BOUND('',#1160,.T.);
#634=FACE_OUTER_BOUND('',#1161,.T.);
#635=FACE_OUTER_BOUND('',#1162,.T.);
#636=FACE_OUTER_BOUND('',#1163,.T.);
#637=FACE_OUTER_BOUND('',#1164,.T.);
#638=FACE_OUTER_BOUND('',#1165,.T.);
#639=FACE_OUTER_BOUND('',#1166,.T.);
#640=FACE_OUTER_BOUND('',#1167,.T.);
#641=FACE_OUTER_BOUND('',#1168,.T.);
#642=FACE_OUTER_BOUND('',#1169,.T.);
#643=FACE_OUTER_BOUND('',#1170,.T.);
#644=FACE_OUTER_BOUND('',#1171,.T.);
#645=FACE_OUTER_BOUND('',#1172,.T.);
#646=FACE_OUTER_BOUND('',#1173,.T.);
#647=FACE_OUTER_BOUND('',#1174,.T.);
#648=FACE_OUTER_BOUND('',#1175,.T.);
#649=FACE_OUTER_BOUND('',#1176,.T.);
#650=FACE_OUTER_BOUND('',#1178,.T.);
#651=FACE_OUTER_BOUND('',#1179,.T.);
#652=FACE_OUTER_BOUND('',#1180,.T.);
#653=FACE_OUTER_BOUND('',#1181,.T.);
#654=FACE_OUTER_BOUND('',#1182,.T.);
#655=FACE_OUTER_BOUND('',#1183,.T.);
#656=FACE_OUTER_BOUND('',#1184,.T.);
#657=FACE_OUTER_BOUND('',#1185,.T.);
#658=FACE_OUTER_BOUND('',#1186,.T.);
#659=FACE_OUTER_BOUND('',#1187,.T.);
#660=FACE_OUTER_BOUND('',#1188,.T.);
#661=FACE_OUTER_BOUND('',#1189,.T.);
#662=FACE_OUTER_BOUND('',#1190,.T.);
#663=FACE_OUTER_BOUND('',#1191,.T.);
#664=FACE_OUTER_BOUND('',#1192,.T.);
#665=FACE_OUTER_BOUND('',#1193,.T.);
#666=FACE_OUTER_BOUND('',#1194,.T.);
#667=FACE_OUTER_BOUND('',#1195,.T.);
#668=FACE_OUTER_BOUND('',#1196,.T.);
#669=FACE_OUTER_BOUND('',#1197,.T.);
#670=FACE_OUTER_BOUND('',#1198,.T.);
#671=FACE_OUTER_BOUND('',#1199,.T.);
#672=FACE_OUTER_BOUND('',#1200,.T.);
#673=FACE_OUTER_BOUND('',#1201,.T.);
#674=FACE_OUTER_BOUND('',#1202,.T.);
#675=FACE_OUTER_BOUND('',#1203,.T.);
#676=FACE_OUTER_BOUND('',#1204,.T.);
#677=FACE_OUTER_BOUND('',#1205,.T.);
#678=FACE_OUTER_BOUND('',#1206,.T.);
#679=FACE_OUTER_BOUND('',#1207,.T.);
#680=FACE_OUTER_BOUND('',#1208,.T.);
#681=FACE_OUTER_BOUND('',#1210,.T.);
#682=FACE_OUTER_BOUND('',#1211,.T.);
#683=FACE_OUTER_BOUND('',#1212,.T.);
#684=FACE_OUTER_BOUND('',#1213,.T.);
#685=FACE_OUTER_BOUND('',#1214,.T.);
#686=FACE_OUTER_BOUND('',#1215,.T.);
#687=FACE_OUTER_BOUND('',#1216,.T.);
#688=FACE_OUTER_BOUND('',#1217,.T.);
#689=FACE_OUTER_BOUND('',#1218,.T.);
#690=FACE_OUTER_BOUND('',#1219,.T.);
#691=FACE_OUTER_BOUND('',#1220,.T.);
#692=FACE_OUTER_BOUND('',#1221,.T.);
#693=FACE_OUTER_BOUND('',#1222,.T.);
#694=FACE_OUTER_BOUND('',#1223,.T.);
#695=FACE_OUTER_BOUND('',#1225,.T.);
#696=FACE_OUTER_BOUND('',#1226,.T.);
#697=FACE_OUTER_BOUND('',#1227,.T.);
#698=FACE_OUTER_BOUND('',#1228,.T.);
#699=FACE_OUTER_BOUND('',#1229,.T.);
#700=FACE_OUTER_BOUND('',#1230,.T.);
#701=FACE_OUTER_BOUND('',#1231,.T.);
#702=FACE_OUTER_BOUND('',#1232,.T.);
#703=FACE_OUTER_BOUND('',#1233,.T.);
#704=FACE_OUTER_BOUND('',#1234,.T.);
#705=FACE_OUTER_BOUND('',#1235,.T.);
#706=FACE_OUTER_BOUND('',#1236,.T.);
#707=FACE_OUTER_BOUND('',#1237,.T.);
#708=FACE_OUTER_BOUND('',#1238,.T.);
#709=FACE_OUTER_BOUND('',#1239,.T.);
#710=FACE_OUTER_BOUND('',#1240,.T.);
#711=FACE_OUTER_BOUND('',#1241,.T.);
#712=FACE_OUTER_BOUND('',#1242,.T.);
#713=FACE_OUTER_BOUND('',#1243,.T.);
#714=FACE_OUTER_BOUND('',#1244,.T.);
#715=FACE_OUTER_BOUND('',#1245,.T.);
#716=FACE_OUTER_BOUND('',#1246,.T.);
#717=FACE_OUTER_BOUND('',#1247,.T.);
#718=FACE_OUTER_BOUND('',#1248,.T.);
#719=FACE_OUTER_BOUND('',#1249,.T.);
#720=FACE_OUTER_BOUND('',#1250,.T.);
#721=FACE_OUTER_BOUND('',#1251,.T.);
#722=FACE_OUTER_BOUND('',#1252,.T.);
#723=FACE_OUTER_BOUND('',#1253,.T.);
#724=FACE_OUTER_BOUND('',#1255,.T.);
#725=FACE_OUTER_BOUND('',#1256,.T.);
#726=FACE_OUTER_BOUND('',#1257,.T.);
#727=FACE_OUTER_BOUND('',#1258,.T.);
#728=FACE_OUTER_BOUND('',#1259,.T.);
#729=FACE_OUTER_BOUND('',#1260,.T.);
#730=FACE_OUTER_BOUND('',#1261,.T.);
#731=FACE_OUTER_BOUND('',#1262,.T.);
#732=FACE_OUTER_BOUND('',#1263,.T.);
#733=FACE_OUTER_BOUND('',#1264,.T.);
#734=FACE_OUTER_BOUND('',#1265,.T.);
#735=FACE_OUTER_BOUND('',#1266,.T.);
#736=FACE_OUTER_BOUND('',#1267,.T.);
#737=FACE_OUTER_BOUND('',#1268,.T.);
#738=FACE_OUTER_BOUND('',#1269,.T.);
#739=FACE_OUTER_BOUND('',#1270,.T.);
#740=FACE_OUTER_BOUND('',#1271,.T.);
#741=FACE_OUTER_BOUND('',#1272,.T.);
#742=FACE_OUTER_BOUND('',#1273,.T.);
#743=FACE_OUTER_BOUND('',#1274,.T.);
#744=FACE_OUTER_BOUND('',#1275,.T.);
#745=FACE_OUTER_BOUND('',#1277,.T.);
#746=FACE_OUTER_BOUND('',#1278,.T.);
#747=FACE_OUTER_BOUND('',#1279,.T.);
#748=FACE_OUTER_BOUND('',#1280,.T.);
#749=FACE_OUTER_BOUND('',#1281,.T.);
#750=FACE_OUTER_BOUND('',#1282,.T.);
#751=FACE_OUTER_BOUND('',#1283,.T.);
#752=FACE_OUTER_BOUND('',#1284,.T.);
#753=FACE_OUTER_BOUND('',#1285,.T.);
#754=FACE_OUTER_BOUND('',#1286,.T.);
#755=FACE_OUTER_BOUND('',#1287,.T.);
#756=FACE_OUTER_BOUND('',#1288,.T.);
#757=FACE_OUTER_BOUND('',#1289,.T.);
#758=FACE_OUTER_BOUND('',#1290,.T.);
#759=FACE_OUTER_BOUND('',#1291,.T.);
#760=FACE_OUTER_BOUND('',#1292,.T.);
#761=FACE_OUTER_BOUND('',#1293,.T.);
#762=FACE_OUTER_BOUND('',#1294,.T.);
#763=FACE_OUTER_BOUND('',#1295,.T.);
#764=FACE_OUTER_BOUND('',#1296,.T.);
#765=FACE_OUTER_BOUND('',#1297,.T.);
#766=FACE_OUTER_BOUND('',#1298,.T.);
#767=FACE_OUTER_BOUND('',#1299,.T.);
#768=FACE_OUTER_BOUND('',#1300,.T.);
#769=FACE_OUTER_BOUND('',#1301,.T.);
#770=FACE_OUTER_BOUND('',#1302,.T.);
#771=FACE_OUTER_BOUND('',#1303,.T.);
#772=FACE_OUTER_BOUND('',#1304,.T.);
#773=FACE_OUTER_BOUND('',#1305,.T.);
#774=FACE_OUTER_BOUND('',#1306,.T.);
#775=FACE_OUTER_BOUND('',#1307,.T.);
#776=FACE_OUTER_BOUND('',#1308,.T.);
#777=FACE_OUTER_BOUND('',#1309,.T.);
#778=FACE_OUTER_BOUND('',#1310,.T.);
#779=FACE_OUTER_BOUND('',#1311,.T.);
#780=FACE_OUTER_BOUND('',#1312,.T.);
#781=FACE_OUTER_BOUND('',#1313,.T.);
#782=FACE_OUTER_BOUND('',#1314,.T.);
#783=FACE_OUTER_BOUND('',#1315,.T.);
#784=FACE_OUTER_BOUND('',#1316,.T.);
#785=FACE_OUTER_BOUND('',#1317,.T.);
#786=FACE_OUTER_BOUND('',#1318,.T.);
#787=FACE_OUTER_BOUND('',#1319,.T.);
#788=FACE_OUTER_BOUND('',#1320,.T.);
#789=FACE_OUTER_BOUND('',#1321,.T.);
#790=FACE_OUTER_BOUND('',#1322,.T.);
#791=FACE_OUTER_BOUND('',#1323,.T.);
#792=FACE_OUTER_BOUND('',#1324,.T.);
#793=FACE_OUTER_BOUND('',#1325,.T.);
#794=FACE_OUTER_BOUND('',#1326,.T.);
#795=FACE_OUTER_BOUND('',#1327,.T.);
#796=FACE_OUTER_BOUND('',#1328,.T.);
#797=FACE_OUTER_BOUND('',#1329,.T.);
#798=FACE_OUTER_BOUND('',#1330,.T.);
#799=FACE_OUTER_BOUND('',#1331,.T.);
#800=FACE_OUTER_BOUND('',#1332,.T.);
#801=FACE_OUTER_BOUND('',#1333,.T.);
#802=FACE_OUTER_BOUND('',#1334,.T.);
#803=FACE_OUTER_BOUND('',#1335,.T.);
#804=FACE_OUTER_BOUND('',#1336,.T.);
#805=FACE_OUTER_BOUND('',#1337,.T.);
#806=FACE_OUTER_BOUND('',#1338,.T.);
#807=FACE_OUTER_BOUND('',#1339,.T.);
#808=FACE_OUTER_BOUND('',#1340,.T.);
#809=FACE_OUTER_BOUND('',#1341,.T.);
#810=FACE_OUTER_BOUND('',#1342,.T.);
#811=FACE_OUTER_BOUND('',#1343,.T.);
#812=FACE_OUTER_BOUND('',#1344,.T.);
#813=FACE_OUTER_BOUND('',#1345,.T.);
#814=FACE_OUTER_BOUND('',#1346,.T.);
#815=FACE_OUTER_BOUND('',#1347,.T.);
#816=FACE_OUTER_BOUND('',#1348,.T.);
#817=FACE_OUTER_BOUND('',#1349,.T.);
#818=FACE_OUTER_BOUND('',#1350,.T.);
#819=FACE_OUTER_BOUND('',#1351,.T.);
#820=FACE_OUTER_BOUND('',#1352,.T.);
#821=FACE_OUTER_BOUND('',#1353,.T.);
#822=FACE_OUTER_BOUND('',#1354,.T.);
#823=FACE_OUTER_BOUND('',#1355,.T.);
#824=FACE_OUTER_BOUND('',#1356,.T.);
#825=FACE_OUTER_BOUND('',#1357,.T.);
#826=FACE_OUTER_BOUND('',#1358,.T.);
#827=FACE_OUTER_BOUND('',#1359,.T.);
#828=FACE_OUTER_BOUND('',#1360,.T.);
#829=FACE_OUTER_BOUND('',#1361,.T.);
#830=FACE_OUTER_BOUND('',#1362,.T.);
#831=FACE_OUTER_BOUND('',#1363,.T.);
#832=FACE_OUTER_BOUND('',#1364,.T.);
#833=FACE_OUTER_BOUND('',#1365,.T.);
#834=FACE_OUTER_BOUND('',#1366,.T.);
#835=FACE_OUTER_BOUND('',#1367,.T.);
#836=FACE_OUTER_BOUND('',#1368,.T.);
#837=FACE_OUTER_BOUND('',#1369,.T.);
#838=FACE_OUTER_BOUND('',#1370,.T.);
#839=FACE_OUTER_BOUND('',#1371,.T.);
#840=FACE_OUTER_BOUND('',#1372,.T.);
#841=FACE_OUTER_BOUND('',#1373,.T.);
#842=FACE_OUTER_BOUND('',#1374,.T.);
#843=FACE_OUTER_BOUND('',#1375,.T.);
#844=FACE_OUTER_BOUND('',#1376,.T.);
#845=FACE_OUTER_BOUND('',#1377,.T.);
#846=FACE_OUTER_BOUND('',#1378,.T.);
#847=FACE_OUTER_BOUND('',#1379,.T.);
#848=FACE_OUTER_BOUND('',#1380,.T.);
#849=FACE_OUTER_BOUND('',#1381,.T.);
#850=FACE_OUTER_BOUND('',#1382,.T.);
#851=FACE_OUTER_BOUND('',#1383,.T.);
#852=FACE_OUTER_BOUND('',#1384,.T.);
#853=FACE_OUTER_BOUND('',#1385,.T.);
#854=FACE_OUTER_BOUND('',#1386,.T.);
#855=FACE_OUTER_BOUND('',#1387,.T.);
#856=FACE_OUTER_BOUND('',#1388,.T.);
#857=FACE_OUTER_BOUND('',#1389,.T.);
#858=FACE_OUTER_BOUND('',#1390,.T.);
#859=FACE_OUTER_BOUND('',#1391,.T.);
#860=FACE_OUTER_BOUND('',#1392,.T.);
#861=FACE_OUTER_BOUND('',#1393,.T.);
#862=FACE_OUTER_BOUND('',#1394,.T.);
#863=FACE_OUTER_BOUND('',#1395,.T.);
#864=FACE_OUTER_BOUND('',#1396,.T.);
#865=FACE_OUTER_BOUND('',#1397,.T.);
#866=FACE_OUTER_BOUND('',#1398,.T.);
#867=FACE_OUTER_BOUND('',#1399,.T.);
#868=FACE_OUTER_BOUND('',#1401,.T.);
#869=FACE_OUTER_BOUND('',#1402,.T.);
#870=FACE_OUTER_BOUND('',#1403,.T.);
#871=FACE_OUTER_BOUND('',#1404,.T.);
#872=FACE_OUTER_BOUND('',#1405,.T.);
#873=FACE_OUTER_BOUND('',#1406,.T.);
#874=FACE_OUTER_BOUND('',#1407,.T.);
#875=FACE_OUTER_BOUND('',#1408,.T.);
#876=FACE_OUTER_BOUND('',#1409,.T.);
#877=FACE_OUTER_BOUND('',#1410,.T.);
#878=FACE_OUTER_BOUND('',#1411,.T.);
#879=FACE_OUTER_BOUND('',#1412,.T.);
#880=FACE_OUTER_BOUND('',#1413,.T.);
#881=FACE_OUTER_BOUND('',#1414,.T.);
#882=FACE_OUTER_BOUND('',#1415,.T.);
#883=FACE_OUTER_BOUND('',#1416,.T.);
#884=FACE_OUTER_BOUND('',#1417,.T.);
#885=FACE_OUTER_BOUND('',#1418,.T.);
#886=FACE_OUTER_BOUND('',#1419,.T.);
#887=FACE_OUTER_BOUND('',#1420,.T.);
#888=FACE_OUTER_BOUND('',#1421,.T.);
#889=FACE_OUTER_BOUND('',#1422,.T.);
#890=FACE_OUTER_BOUND('',#1423,.T.);
#891=FACE_OUTER_BOUND('',#1424,.T.);
#892=FACE_OUTER_BOUND('',#1425,.T.);
#893=FACE_OUTER_BOUND('',#1426,.T.);
#894=FACE_OUTER_BOUND('',#1428,.T.);
#895=FACE_OUTER_BOUND('',#1429,.T.);
#896=FACE_OUTER_BOUND('',#1430,.T.);
#897=FACE_OUTER_BOUND('',#1431,.T.);
#898=FACE_OUTER_BOUND('',#1432,.T.);
#899=FACE_OUTER_BOUND('',#1433,.T.);
#900=FACE_OUTER_BOUND('',#1434,.T.);
#901=FACE_OUTER_BOUND('',#1435,.T.);
#902=FACE_OUTER_BOUND('',#1436,.T.);
#903=FACE_OUTER_BOUND('',#1437,.T.);
#904=FACE_OUTER_BOUND('',#1438,.T.);
#905=FACE_OUTER_BOUND('',#1439,.T.);
#906=FACE_OUTER_BOUND('',#1440,.T.);
#907=FACE_OUTER_BOUND('',#1441,.T.);
#908=FACE_OUTER_BOUND('',#1442,.T.);
#909=FACE_OUTER_BOUND('',#1443,.T.);
#910=FACE_OUTER_BOUND('',#1444,.T.);
#911=FACE_OUTER_BOUND('',#1445,.T.);
#912=FACE_OUTER_BOUND('',#1446,.T.);
#913=FACE_OUTER_BOUND('',#1447,.T.);
#914=FACE_OUTER_BOUND('',#1448,.T.);
#915=FACE_OUTER_BOUND('',#1450,.T.);
#916=FACE_OUTER_BOUND('',#1451,.T.);
#917=FACE_OUTER_BOUND('',#1452,.T.);
#918=FACE_OUTER_BOUND('',#1453,.T.);
#919=FACE_OUTER_BOUND('',#1454,.T.);
#920=FACE_OUTER_BOUND('',#1455,.T.);
#921=FACE_OUTER_BOUND('',#1456,.T.);
#922=FACE_OUTER_BOUND('',#1457,.T.);
#923=FACE_OUTER_BOUND('',#1458,.T.);
#924=FACE_OUTER_BOUND('',#1459,.T.);
#925=FACE_OUTER_BOUND('',#1460,.T.);
#926=FACE_OUTER_BOUND('',#1461,.T.);
#927=FACE_OUTER_BOUND('',#1462,.T.);
#928=FACE_OUTER_BOUND('',#1463,.T.);
#929=FACE_OUTER_BOUND('',#1464,.T.);
#930=FACE_OUTER_BOUND('',#1465,.T.);
#931=FACE_OUTER_BOUND('',#1466,.T.);
#932=FACE_OUTER_BOUND('',#1467,.T.);
#933=FACE_OUTER_BOUND('',#1468,.T.);
#934=FACE_OUTER_BOUND('',#1469,.T.);
#935=FACE_OUTER_BOUND('',#1470,.T.);
#936=FACE_OUTER_BOUND('',#1471,.T.);
#937=FACE_OUTER_BOUND('',#1472,.T.);
#938=FACE_OUTER_BOUND('',#1473,.T.);
#939=FACE_OUTER_BOUND('',#1474,.T.);
#940=FACE_OUTER_BOUND('',#1475,.T.);
#941=FACE_OUTER_BOUND('',#1476,.T.);
#942=FACE_OUTER_BOUND('',#1477,.T.);
#943=FACE_OUTER_BOUND('',#1478,.T.);
#944=FACE_OUTER_BOUND('',#1479,.T.);
#945=FACE_OUTER_BOUND('',#1480,.T.);
#946=FACE_OUTER_BOUND('',#1481,.T.);
#947=FACE_OUTER_BOUND('',#1482,.T.);
#948=FACE_OUTER_BOUND('',#1483,.T.);
#949=FACE_OUTER_BOUND('',#1484,.T.);
#950=FACE_OUTER_BOUND('',#1485,.T.);
#951=FACE_OUTER_BOUND('',#1486,.T.);
#952=FACE_OUTER_BOUND('',#1487,.T.);
#953=FACE_OUTER_BOUND('',#1488,.T.);
#954=FACE_OUTER_BOUND('',#1489,.T.);
#955=FACE_OUTER_BOUND('',#1490,.T.);
#956=FACE_OUTER_BOUND('',#1491,.T.);
#957=FACE_OUTER_BOUND('',#1492,.T.);
#958=FACE_OUTER_BOUND('',#1493,.T.);
#959=FACE_OUTER_BOUND('',#1494,.T.);
#960=FACE_OUTER_BOUND('',#1495,.T.);
#961=FACE_OUTER_BOUND('',#1496,.T.);
#962=FACE_OUTER_BOUND('',#1497,.T.);
#963=FACE_OUTER_BOUND('',#1498,.T.);
#964=FACE_OUTER_BOUND('',#1499,.T.);
#965=FACE_OUTER_BOUND('',#1500,.T.);
#966=FACE_OUTER_BOUND('',#1501,.T.);
#967=FACE_OUTER_BOUND('',#1502,.T.);
#968=FACE_OUTER_BOUND('',#1503,.T.);
#969=FACE_OUTER_BOUND('',#1504,.T.);
#970=FACE_OUTER_BOUND('',#1505,.T.);
#971=FACE_OUTER_BOUND('',#1506,.T.);
#972=FACE_OUTER_BOUND('',#1507,.T.);
#973=FACE_OUTER_BOUND('',#1508,.T.);
#974=FACE_OUTER_BOUND('',#1509,.T.);
#975=FACE_OUTER_BOUND('',#1510,.T.);
#976=FACE_OUTER_BOUND('',#1511,.T.);
#977=FACE_OUTER_BOUND('',#1512,.T.);
#978=FACE_OUTER_BOUND('',#1513,.T.);
#979=FACE_OUTER_BOUND('',#1514,.T.);
#980=FACE_OUTER_BOUND('',#1515,.T.);
#981=FACE_OUTER_BOUND('',#1516,.T.);
#982=FACE_OUTER_BOUND('',#1517,.T.);
#983=FACE_OUTER_BOUND('',#1518,.T.);
#984=FACE_OUTER_BOUND('',#1519,.T.);
#985=FACE_OUTER_BOUND('',#1520,.T.);
#986=FACE_OUTER_BOUND('',#1521,.T.);
#987=FACE_OUTER_BOUND('',#1522,.T.);
#988=FACE_OUTER_BOUND('',#1523,.T.);
#989=FACE_OUTER_BOUND('',#1524,.T.);
#990=FACE_OUTER_BOUND('',#1525,.T.);
#991=FACE_OUTER_BOUND('',#1526,.T.);
#992=FACE_OUTER_BOUND('',#1527,.T.);
#993=FACE_OUTER_BOUND('',#1528,.T.);
#994=FACE_OUTER_BOUND('',#1529,.T.);
#995=FACE_OUTER_BOUND('',#1530,.T.);
#996=FACE_OUTER_BOUND('',#1531,.T.);
#997=FACE_OUTER_BOUND('',#1532,.T.);
#998=FACE_OUTER_BOUND('',#1533,.T.);
#999=FACE_OUTER_BOUND('',#1534,.T.);
#1000=FACE_OUTER_BOUND('',#1535,.T.);
#1001=FACE_OUTER_BOUND('',#1536,.T.);
#1002=FACE_OUTER_BOUND('',#1537,.T.);
#1003=FACE_OUTER_BOUND('',#1538,.T.);
#1004=FACE_OUTER_BOUND('',#1539,.T.);
#1005=FACE_OUTER_BOUND('',#1540,.T.);
#1006=FACE_OUTER_BOUND('',#1541,.T.);
#1007=FACE_OUTER_BOUND('',#1542,.T.);
#1008=FACE_OUTER_BOUND('',#1543,.T.);
#1009=FACE_OUTER_BOUND('',#1544,.T.);
#1010=FACE_OUTER_BOUND('',#1545,.T.);
#1011=FACE_OUTER_BOUND('',#1546,.T.);
#1012=FACE_OUTER_BOUND('',#1547,.T.);
#1013=FACE_OUTER_BOUND('',#1548,.T.);
#1014=FACE_OUTER_BOUND('',#1549,.T.);
#1015=FACE_OUTER_BOUND('',#1550,.T.);
#1016=FACE_OUTER_BOUND('',#1551,.T.);
#1017=FACE_OUTER_BOUND('',#1552,.T.);
#1018=FACE_OUTER_BOUND('',#1553,.T.);
#1019=FACE_OUTER_BOUND('',#1554,.T.);
#1020=FACE_OUTER_BOUND('',#1555,.T.);
#1021=FACE_OUTER_BOUND('',#1556,.T.);
#1022=FACE_OUTER_BOUND('',#1557,.T.);
#1023=FACE_OUTER_BOUND('',#1558,.T.);
#1024=FACE_OUTER_BOUND('',#1559,.T.);
#1025=FACE_OUTER_BOUND('',#1560,.T.);
#1026=FACE_OUTER_BOUND('',#1561,.T.);
#1027=FACE_OUTER_BOUND('',#1562,.T.);
#1028=FACE_OUTER_BOUND('',#1563,.T.);
#1029=FACE_OUTER_BOUND('',#1564,.T.);
#1030=FACE_OUTER_BOUND('',#1565,.T.);
#1031=FACE_OUTER_BOUND('',#1566,.T.);
#1032=FACE_OUTER_BOUND('',#1567,.T.);
#1033=FACE_OUTER_BOUND('',#1568,.T.);
#1034=FACE_OUTER_BOUND('',#1569,.T.);
#1035=FACE_OUTER_BOUND('',#1570,.T.);
#1036=FACE_OUTER_BOUND('',#1571,.T.);
#1037=FACE_OUTER_BOUND('',#1572,.T.);
#1038=FACE_OUTER_BOUND('',#1573,.T.);
#1039=FACE_OUTER_BOUND('',#1574,.T.);
#1040=FACE_OUTER_BOUND('',#1575,.T.);
#1041=FACE_OUTER_BOUND('',#1576,.T.);
#1042=FACE_OUTER_BOUND('',#1577,.T.);
#1043=FACE_OUTER_BOUND('',#1578,.T.);
#1044=FACE_OUTER_BOUND('',#1579,.T.);
#1045=FACE_OUTER_BOUND('',#1580,.T.);
#1046=FACE_OUTER_BOUND('',#1581,.T.);
#1047=FACE_OUTER_BOUND('',#1582,.T.);
#1048=FACE_OUTER_BOUND('',#1583,.T.);
#1049=FACE_OUTER_BOUND('',#1584,.T.);
#1050=FACE_OUTER_BOUND('',#1585,.T.);
#1051=FACE_OUTER_BOUND('',#1586,.T.);
#1052=FACE_OUTER_BOUND('',#1587,.T.);
#1053=FACE_OUTER_BOUND('',#1588,.T.);
#1054=FACE_OUTER_BOUND('',#1589,.T.);
#1055=FACE_OUTER_BOUND('',#1590,.T.);
#1056=FACE_OUTER_BOUND('',#1591,.T.);
#1057=FACE_OUTER_BOUND('',#1592,.T.);
#1058=FACE_OUTER_BOUND('',#1593,.T.);
#1059=FACE_OUTER_BOUND('',#1594,.T.);
#1060=FACE_OUTER_BOUND('',#1595,.T.);
#1061=FACE_OUTER_BOUND('',#1596,.T.);
#1062=FACE_OUTER_BOUND('',#1597,.T.);
#1063=FACE_OUTER_BOUND('',#1598,.T.);
#1064=FACE_OUTER_BOUND('',#1599,.T.);
#1065=FACE_OUTER_BOUND('',#1600,.T.);
#1066=FACE_OUTER_BOUND('',#1601,.T.);
#1067=FACE_OUTER_BOUND('',#1602,.T.);
#1068=FACE_OUTER_BOUND('',#1603,.T.);
#1069=FACE_OUTER_BOUND('',#1604,.T.);
#1070=FACE_OUTER_BOUND('',#1605,.T.);
#1071=FACE_OUTER_BOUND('',#1606,.T.);
#1072=FACE_OUTER_BOUND('',#1607,.T.);
#1073=FACE_OUTER_BOUND('',#1608,.T.);
#1074=FACE_OUTER_BOUND('',#1609,.T.);
#1075=FACE_OUTER_BOUND('',#1610,.T.);
#1076=FACE_OUTER_BOUND('',#1611,.T.);
#1077=FACE_OUTER_BOUND('',#1612,.T.);
#1078=FACE_OUTER_BOUND('',#1613,.T.);
#1079=FACE_OUTER_BOUND('',#1614,.T.);
#1080=FACE_OUTER_BOUND('',#1615,.T.);
#1081=FACE_OUTER_BOUND('',#1616,.T.);
#1082=FACE_OUTER_BOUND('',#1617,.T.);
#1083=FACE_OUTER_BOUND('',#1618,.T.);
#1084=FACE_OUTER_BOUND('',#1619,.T.);
#1085=FACE_OUTER_BOUND('',#1620,.T.);
#1086=FACE_OUTER_BOUND('',#1621,.T.);
#1087=FACE_OUTER_BOUND('',#1622,.T.);
#1088=FACE_OUTER_BOUND('',#1623,.T.);
#1089=FACE_OUTER_BOUND('',#1624,.T.);
#1090=FACE_OUTER_BOUND('',#1625,.T.);
#1091=FACE_OUTER_BOUND('',#1626,.T.);
#1092=FACE_OUTER_BOUND('',#1627,.T.);
#1093=FACE_OUTER_BOUND('',#1628,.T.);
#1094=FACE_OUTER_BOUND('',#1629,.T.);
#1095=FACE_OUTER_BOUND('',#1630,.T.);
#1096=FACE_OUTER_BOUND('',#1631,.T.);
#1097=FACE_OUTER_BOUND('',#1632,.T.);
#1098=FACE_OUTER_BOUND('',#1633,.T.);
#1099=FACE_OUTER_BOUND('',#1634,.T.);
#1100=FACE_OUTER_BOUND('',#1635,.T.);
#1101=FACE_OUTER_BOUND('',#1636,.T.);
#1102=FACE_OUTER_BOUND('',#1637,.T.);
#1103=FACE_OUTER_BOUND('',#1638,.T.);
#1104=FACE_OUTER_BOUND('',#1639,.T.);
#1105=FACE_OUTER_BOUND('',#1640,.T.);
#1106=FACE_OUTER_BOUND('',#1641,.T.);
#1107=FACE_OUTER_BOUND('',#1690,.T.);
#1108=FACE_OUTER_BOUND('',#1691,.T.);
#1109=FACE_OUTER_BOUND('',#1700,.T.);
#1110=FACE_OUTER_BOUND('',#1701,.T.);
#1111=EDGE_LOOP('',(#5823,#5824,#5825,#5826));
#1112=EDGE_LOOP('',(#5827,#5828,#5829,#5830));
#1113=EDGE_LOOP('',(#5831,#5832,#5833,#5834));
#1114=EDGE_LOOP('',(#5835,#5836,#5837,#5838));
#1115=EDGE_LOOP('',(#5839,#5840,#5841,#5842));
#1116=EDGE_LOOP('',(#5843,#5844,#5845,#5846));
#1117=EDGE_LOOP('',(#5847,#5848,#5849,#5850));
#1118=EDGE_LOOP('',(#5851,#5852,#5853,#5854));
#1119=EDGE_LOOP('',(#5855,#5856,#5857,#5858));
#1120=EDGE_LOOP('',(#5859,#5860,#5861,#5862));
#1121=EDGE_LOOP('',(#5863,#5864,#5865,#5866));
#1122=EDGE_LOOP('',(#5867,#5868,#5869,#5870));
#1123=EDGE_LOOP('',(#5871,#5872,#5873,#5874));
#1124=EDGE_LOOP('',(#5875,#5876,#5877,#5878));
#1125=EDGE_LOOP('',(#5879,#5880,#5881,#5882));
#1126=EDGE_LOOP('',(#5883,#5884,#5885,#5886));
#1127=EDGE_LOOP('',(#5887,#5888,#5889,#5890));
#1128=EDGE_LOOP('',(#5891,#5892,#5893,#5894));
#1129=EDGE_LOOP('',(#5895,#5896,#5897,#5898));
#1130=EDGE_LOOP('',(#5899,#5900,#5901,#5902));
#1131=EDGE_LOOP('',(#5903,#5904,#5905,#5906,#5907,#5908,#5909,#5910,#5911,
#5912,#5913));
#1132=EDGE_LOOP('',(#5914,#5915,#5916,#5917,#5918,#5919,#5920,#5921,#5922));
#1133=EDGE_LOOP('',(#5923,#5924,#5925,#5926));
#1134=EDGE_LOOP('',(#5927,#5928,#5929,#5930));
#1135=EDGE_LOOP('',(#5931,#5932,#5933,#5934));
#1136=EDGE_LOOP('',(#5935,#5936,#5937,#5938));
#1137=EDGE_LOOP('',(#5939,#5940,#5941,#5942));
#1138=EDGE_LOOP('',(#5943,#5944,#5945,#5946));
#1139=EDGE_LOOP('',(#5947,#5948,#5949,#5950));
#1140=EDGE_LOOP('',(#5951,#5952,#5953,#5954));
#1141=EDGE_LOOP('',(#5955,#5956,#5957,#5958));
#1142=EDGE_LOOP('',(#5959,#5960,#5961,#5962));
#1143=EDGE_LOOP('',(#5963,#5964,#5965,#5966));
#1144=EDGE_LOOP('',(#5967,#5968,#5969,#5970));
#1145=EDGE_LOOP('',(#5971,#5972,#5973,#5974,#5975,#5976,#5977,#5978,#5979,
#5980,#5981,#5982));
#1146=EDGE_LOOP('',(#5983,#5984,#5985,#5986));
#1147=EDGE_LOOP('',(#5987,#5988,#5989,#5990));
#1148=EDGE_LOOP('',(#5991,#5992,#5993,#5994));
#1149=EDGE_LOOP('',(#5995,#5996,#5997,#5998));
#1150=EDGE_LOOP('',(#5999,#6000,#6001,#6002));
#1151=EDGE_LOOP('',(#6003,#6004,#6005,#6006));
#1152=EDGE_LOOP('',(#6007,#6008,#6009,#6010));
#1153=EDGE_LOOP('',(#6011,#6012,#6013,#6014));
#1154=EDGE_LOOP('',(#6015,#6016,#6017,#6018));
#1155=EDGE_LOOP('',(#6019,#6020,#6021,#6022));
#1156=EDGE_LOOP('',(#6023,#6024,#6025,#6026));
#1157=EDGE_LOOP('',(#6027,#6028,#6029,#6030));
#1158=EDGE_LOOP('',(#6031,#6032,#6033,#6034));
#1159=EDGE_LOOP('',(#6035,#6036,#6037,#6038));
#1160=EDGE_LOOP('',(#6039,#6040,#6041,#6042));
#1161=EDGE_LOOP('',(#6043,#6044,#6045,#6046,#6047,#6048,#6049,#6050,#6051,
#6052,#6053,#6054,#6055,#6056,#6057));
#1162=EDGE_LOOP('',(#6058,#6059,#6060,#6061));
#1163=EDGE_LOOP('',(#6062,#6063,#6064,#6065));
#1164=EDGE_LOOP('',(#6066,#6067,#6068,#6069));
#1165=EDGE_LOOP('',(#6070,#6071,#6072,#6073));
#1166=EDGE_LOOP('',(#6074,#6075,#6076,#6077));
#1167=EDGE_LOOP('',(#6078,#6079,#6080,#6081));
#1168=EDGE_LOOP('',(#6082,#6083,#6084,#6085));
#1169=EDGE_LOOP('',(#6086,#6087,#6088,#6089));
#1170=EDGE_LOOP('',(#6090,#6091,#6092,#6093));
#1171=EDGE_LOOP('',(#6094,#6095,#6096,#6097));
#1172=EDGE_LOOP('',(#6098,#6099,#6100,#6101));
#1173=EDGE_LOOP('',(#6102,#6103,#6104,#6105));
#1174=EDGE_LOOP('',(#6106,#6107,#6108,#6109));
#1175=EDGE_LOOP('',(#6110,#6111,#6112,#6113));
#1176=EDGE_LOOP('',(#6114,#6115,#6116,#6117,#6118,#6119,#6120,#6121,#6122,
#6123,#6124));
#1177=EDGE_LOOP('',(#6125,#6126,#6127));
#1178=EDGE_LOOP('',(#6128,#6129,#6130,#6131));
#1179=EDGE_LOOP('',(#6132,#6133,#6134,#6135));
#1180=EDGE_LOOP('',(#6136,#6137,#6138,#6139));
#1181=EDGE_LOOP('',(#6140,#6141,#6142,#6143));
#1182=EDGE_LOOP('',(#6144,#6145,#6146,#6147));
#1183=EDGE_LOOP('',(#6148,#6149,#6150,#6151));
#1184=EDGE_LOOP('',(#6152,#6153,#6154,#6155));
#1185=EDGE_LOOP('',(#6156,#6157,#6158,#6159));
#1186=EDGE_LOOP('',(#6160,#6161,#6162,#6163));
#1187=EDGE_LOOP('',(#6164,#6165,#6166,#6167,#6168,#6169,#6170,#6171,#6172));
#1188=EDGE_LOOP('',(#6173,#6174,#6175,#6176));
#1189=EDGE_LOOP('',(#6177,#6178,#6179,#6180));
#1190=EDGE_LOOP('',(#6181,#6182,#6183,#6184));
#1191=EDGE_LOOP('',(#6185,#6186,#6187,#6188));
#1192=EDGE_LOOP('',(#6189,#6190,#6191,#6192));
#1193=EDGE_LOOP('',(#6193,#6194,#6195,#6196));
#1194=EDGE_LOOP('',(#6197,#6198,#6199,#6200));
#1195=EDGE_LOOP('',(#6201,#6202,#6203,#6204));
#1196=EDGE_LOOP('',(#6205,#6206,#6207,#6208));
#1197=EDGE_LOOP('',(#6209,#6210,#6211,#6212));
#1198=EDGE_LOOP('',(#6213,#6214,#6215,#6216));
#1199=EDGE_LOOP('',(#6217,#6218,#6219,#6220));
#1200=EDGE_LOOP('',(#6221,#6222,#6223,#6224));
#1201=EDGE_LOOP('',(#6225,#6226,#6227,#6228));
#1202=EDGE_LOOP('',(#6229,#6230,#6231,#6232));
#1203=EDGE_LOOP('',(#6233,#6234,#6235,#6236));
#1204=EDGE_LOOP('',(#6237,#6238,#6239,#6240));
#1205=EDGE_LOOP('',(#6241,#6242,#6243,#6244));
#1206=EDGE_LOOP('',(#6245,#6246,#6247,#6248));
#1207=EDGE_LOOP('',(#6249,#6250,#6251,#6252));
#1208=EDGE_LOOP('',(#6253,#6254,#6255,#6256,#6257,#6258,#6259,#6260,#6261,
#6262,#6263,#6264));
#1209=EDGE_LOOP('',(#6265,#6266,#6267,#6268,#6269,#6270,#6271,#6272));
#1210=EDGE_LOOP('',(#6273,#6274,#6275,#6276));
#1211=EDGE_LOOP('',(#6277,#6278,#6279,#6280));
#1212=EDGE_LOOP('',(#6281,#6282,#6283,#6284));
#1213=EDGE_LOOP('',(#6285,#6286,#6287,#6288));
#1214=EDGE_LOOP('',(#6289,#6290,#6291,#6292));
#1215=EDGE_LOOP('',(#6293,#6294,#6295,#6296));
#1216=EDGE_LOOP('',(#6297,#6298,#6299,#6300));
#1217=EDGE_LOOP('',(#6301,#6302,#6303,#6304));
#1218=EDGE_LOOP('',(#6305,#6306,#6307,#6308));
#1219=EDGE_LOOP('',(#6309,#6310,#6311,#6312));
#1220=EDGE_LOOP('',(#6313,#6314,#6315,#6316));
#1221=EDGE_LOOP('',(#6317,#6318,#6319,#6320));
#1222=EDGE_LOOP('',(#6321,#6322,#6323,#6324));
#1223=EDGE_LOOP('',(#6325,#6326,#6327,#6328,#6329,#6330,#6331,#6332));
#1224=EDGE_LOOP('',(#6333,#6334,#6335,#6336,#6337));
#1225=EDGE_LOOP('',(#6338,#6339,#6340,#6341));
#1226=EDGE_LOOP('',(#6342,#6343,#6344,#6345));
#1227=EDGE_LOOP('',(#6346,#6347,#6348,#6349));
#1228=EDGE_LOOP('',(#6350,#6351,#6352,#6353));
#1229=EDGE_LOOP('',(#6354,#6355,#6356,#6357));
#1230=EDGE_LOOP('',(#6358,#6359,#6360,#6361));
#1231=EDGE_LOOP('',(#6362,#6363,#6364,#6365));
#1232=EDGE_LOOP('',(#6366,#6367,#6368,#6369));
#1233=EDGE_LOOP('',(#6370,#6371,#6372,#6373));
#1234=EDGE_LOOP('',(#6374,#6375,#6376,#6377));
#1235=EDGE_LOOP('',(#6378,#6379,#6380,#6381));
#1236=EDGE_LOOP('',(#6382,#6383,#6384,#6385));
#1237=EDGE_LOOP('',(#6386,#6387,#6388,#6389));
#1238=EDGE_LOOP('',(#6390,#6391,#6392,#6393));
#1239=EDGE_LOOP('',(#6394,#6395,#6396,#6397));
#1240=EDGE_LOOP('',(#6398,#6399,#6400,#6401));
#1241=EDGE_LOOP('',(#6402,#6403,#6404,#6405));
#1242=EDGE_LOOP('',(#6406,#6407,#6408,#6409));
#1243=EDGE_LOOP('',(#6410,#6411,#6412,#6413));
#1244=EDGE_LOOP('',(#6414,#6415,#6416,#6417));
#1245=EDGE_LOOP('',(#6418,#6419,#6420,#6421));
#1246=EDGE_LOOP('',(#6422,#6423,#6424,#6425));
#1247=EDGE_LOOP('',(#6426,#6427,#6428,#6429));
#1248=EDGE_LOOP('',(#6430,#6431,#6432,#6433));
#1249=EDGE_LOOP('',(#6434,#6435,#6436,#6437));
#1250=EDGE_LOOP('',(#6438,#6439,#6440,#6441));
#1251=EDGE_LOOP('',(#6442,#6443,#6444,#6445));
#1252=EDGE_LOOP('',(#6446,#6447,#6448,#6449));
#1253=EDGE_LOOP('',(#6450,#6451,#6452,#6453,#6454,#6455,#6456,#6457,#6458,
#6459,#6460,#6461,#6462,#6463,#6464,#6465,#6466,#6467,#6468));
#1254=EDGE_LOOP('',(#6469,#6470,#6471,#6472,#6473,#6474,#6475,#6476,#6477));
#1255=EDGE_LOOP('',(#6478,#6479,#6480,#6481));
#1256=EDGE_LOOP('',(#6482,#6483,#6484,#6485));
#1257=EDGE_LOOP('',(#6486,#6487,#6488,#6489));
#1258=EDGE_LOOP('',(#6490,#6491,#6492,#6493));
#1259=EDGE_LOOP('',(#6494,#6495,#6496,#6497));
#1260=EDGE_LOOP('',(#6498,#6499,#6500,#6501));
#1261=EDGE_LOOP('',(#6502,#6503,#6504,#6505));
#1262=EDGE_LOOP('',(#6506,#6507,#6508,#6509));
#1263=EDGE_LOOP('',(#6510,#6511,#6512,#6513));
#1264=EDGE_LOOP('',(#6514,#6515,#6516,#6517));
#1265=EDGE_LOOP('',(#6518,#6519,#6520,#6521));
#1266=EDGE_LOOP('',(#6522,#6523,#6524,#6525));
#1267=EDGE_LOOP('',(#6526,#6527,#6528,#6529));
#1268=EDGE_LOOP('',(#6530,#6531,#6532,#6533));
#1269=EDGE_LOOP('',(#6534,#6535,#6536,#6537));
#1270=EDGE_LOOP('',(#6538,#6539,#6540,#6541));
#1271=EDGE_LOOP('',(#6542,#6543,#6544,#6545));
#1272=EDGE_LOOP('',(#6546,#6547,#6548,#6549));
#1273=EDGE_LOOP('',(#6550,#6551,#6552,#6553));
#1274=EDGE_LOOP('',(#6554,#6555,#6556,#6557));
#1275=EDGE_LOOP('',(#6558,#6559,#6560,#6561,#6562,#6563,#6564,#6565,#6566,
#6567,#6568,#6569));
#1276=EDGE_LOOP('',(#6570,#6571,#6572,#6573,#6574,#6575,#6576,#6577));
#1277=EDGE_LOOP('',(#6578,#6579,#6580,#6581));
#1278=EDGE_LOOP('',(#6582,#6583,#6584,#6585));
#1279=EDGE_LOOP('',(#6586,#6587,#6588,#6589));
#1280=EDGE_LOOP('',(#6590,#6591,#6592,#6593));
#1281=EDGE_LOOP('',(#6594,#6595,#6596,#6597));
#1282=EDGE_LOOP('',(#6598,#6599,#6600,#6601));
#1283=EDGE_LOOP('',(#6602,#6603,#6604,#6605));
#1284=EDGE_LOOP('',(#6606,#6607,#6608,#6609));
#1285=EDGE_LOOP('',(#6610,#6611,#6612,#6613));
#1286=EDGE_LOOP('',(#6614,#6615,#6616,#6617,#6618,#6619,#6620,#6621,#6622));
#1287=EDGE_LOOP('',(#6623,#6624,#6625,#6626));
#1288=EDGE_LOOP('',(#6627,#6628,#6629,#6630));
#1289=EDGE_LOOP('',(#6631,#6632,#6633,#6634));
#1290=EDGE_LOOP('',(#6635,#6636,#6637,#6638));
#1291=EDGE_LOOP('',(#6639,#6640,#6641,#6642));
#1292=EDGE_LOOP('',(#6643,#6644,#6645,#6646));
#1293=EDGE_LOOP('',(#6647,#6648,#6649,#6650));
#1294=EDGE_LOOP('',(#6651,#6652,#6653,#6654));
#1295=EDGE_LOOP('',(#6655,#6656,#6657,#6658));
#1296=EDGE_LOOP('',(#6659,#6660,#6661,#6662));
#1297=EDGE_LOOP('',(#6663,#6664,#6665,#6666));
#1298=EDGE_LOOP('',(#6667,#6668,#6669,#6670));
#1299=EDGE_LOOP('',(#6671,#6672,#6673,#6674));
#1300=EDGE_LOOP('',(#6675,#6676,#6677,#6678));
#1301=EDGE_LOOP('',(#6679,#6680,#6681,#6682));
#1302=EDGE_LOOP('',(#6683,#6684,#6685,#6686));
#1303=EDGE_LOOP('',(#6687,#6688,#6689,#6690));
#1304=EDGE_LOOP('',(#6691,#6692,#6693,#6694));
#1305=EDGE_LOOP('',(#6695,#6696,#6697,#6698));
#1306=EDGE_LOOP('',(#6699,#6700,#6701,#6702));
#1307=EDGE_LOOP('',(#6703,#6704,#6705,#6706));
#1308=EDGE_LOOP('',(#6707,#6708,#6709,#6710));
#1309=EDGE_LOOP('',(#6711,#6712,#6713,#6714,#6715,#6716,#6717,#6718,#6719,
#6720,#6721,#6722,#6723,#6724,#6725,#6726,#6727,#6728,#6729,#6730,#6731,
#6732));
#1310=EDGE_LOOP('',(#6733,#6734,#6735,#6736));
#1311=EDGE_LOOP('',(#6737,#6738,#6739,#6740));
#1312=EDGE_LOOP('',(#6741,#6742,#6743,#6744));
#1313=EDGE_LOOP('',(#6745,#6746,#6747,#6748));
#1314=EDGE_LOOP('',(#6749,#6750,#6751,#6752));
#1315=EDGE_LOOP('',(#6753,#6754,#6755,#6756));
#1316=EDGE_LOOP('',(#6757,#6758,#6759,#6760));
#1317=EDGE_LOOP('',(#6761,#6762,#6763,#6764));
#1318=EDGE_LOOP('',(#6765,#6766,#6767,#6768));
#1319=EDGE_LOOP('',(#6769,#6770,#6771,#6772));
#1320=EDGE_LOOP('',(#6773,#6774,#6775,#6776));
#1321=EDGE_LOOP('',(#6777,#6778,#6779,#6780));
#1322=EDGE_LOOP('',(#6781,#6782,#6783,#6784));
#1323=EDGE_LOOP('',(#6785,#6786,#6787,#6788));
#1324=EDGE_LOOP('',(#6789,#6790,#6791,#6792));
#1325=EDGE_LOOP('',(#6793,#6794,#6795,#6796));
#1326=EDGE_LOOP('',(#6797,#6798,#6799,#6800));
#1327=EDGE_LOOP('',(#6801,#6802,#6803,#6804));
#1328=EDGE_LOOP('',(#6805,#6806,#6807,#6808));
#1329=EDGE_LOOP('',(#6809,#6810,#6811,#6812));
#1330=EDGE_LOOP('',(#6813,#6814,#6815,#6816));
#1331=EDGE_LOOP('',(#6817,#6818,#6819,#6820));
#1332=EDGE_LOOP('',(#6821,#6822,#6823,#6824,#6825,#6826,#6827,#6828,#6829,
#6830,#6831,#6832,#6833,#6834,#6835,#6836,#6837,#6838,#6839,#6840,#6841,
#6842));
#1333=EDGE_LOOP('',(#6843,#6844,#6845,#6846));
#1334=EDGE_LOOP('',(#6847,#6848,#6849,#6850));
#1335=EDGE_LOOP('',(#6851,#6852,#6853,#6854));
#1336=EDGE_LOOP('',(#6855,#6856,#6857,#6858));
#1337=EDGE_LOOP('',(#6859,#6860,#6861,#6862));
#1338=EDGE_LOOP('',(#6863,#6864,#6865,#6866));
#1339=EDGE_LOOP('',(#6867,#6868,#6869,#6870));
#1340=EDGE_LOOP('',(#6871,#6872,#6873,#6874));
#1341=EDGE_LOOP('',(#6875,#6876,#6877,#6878));
#1342=EDGE_LOOP('',(#6879,#6880,#6881,#6882));
#1343=EDGE_LOOP('',(#6883,#6884,#6885,#6886));
#1344=EDGE_LOOP('',(#6887,#6888,#6889,#6890));
#1345=EDGE_LOOP('',(#6891,#6892,#6893,#6894));
#1346=EDGE_LOOP('',(#6895,#6896,#6897,#6898));
#1347=EDGE_LOOP('',(#6899,#6900,#6901,#6902));
#1348=EDGE_LOOP('',(#6903,#6904,#6905,#6906));
#1349=EDGE_LOOP('',(#6907,#6908,#6909,#6910));
#1350=EDGE_LOOP('',(#6911,#6912,#6913,#6914));
#1351=EDGE_LOOP('',(#6915,#6916,#6917,#6918));
#1352=EDGE_LOOP('',(#6919,#6920,#6921,#6922));
#1353=EDGE_LOOP('',(#6923,#6924,#6925,#6926));
#1354=EDGE_LOOP('',(#6927,#6928,#6929,#6930));
#1355=EDGE_LOOP('',(#6931,#6932,#6933,#6934,#6935,#6936,#6937,#6938,#6939,
#6940,#6941,#6942,#6943,#6944,#6945,#6946,#6947,#6948,#6949,#6950,#6951,
#6952));
#1356=EDGE_LOOP('',(#6953,#6954,#6955,#6956));
#1357=EDGE_LOOP('',(#6957,#6958,#6959,#6960));
#1358=EDGE_LOOP('',(#6961,#6962,#6963,#6964));
#1359=EDGE_LOOP('',(#6965,#6966,#6967,#6968));
#1360=EDGE_LOOP('',(#6969,#6970,#6971,#6972));
#1361=EDGE_LOOP('',(#6973,#6974,#6975,#6976));
#1362=EDGE_LOOP('',(#6977,#6978,#6979,#6980));
#1363=EDGE_LOOP('',(#6981,#6982,#6983,#6984));
#1364=EDGE_LOOP('',(#6985,#6986,#6987,#6988));
#1365=EDGE_LOOP('',(#6989,#6990,#6991,#6992));
#1366=EDGE_LOOP('',(#6993,#6994,#6995,#6996));
#1367=EDGE_LOOP('',(#6997,#6998,#6999,#7000));
#1368=EDGE_LOOP('',(#7001,#7002,#7003,#7004));
#1369=EDGE_LOOP('',(#7005,#7006,#7007,#7008));
#1370=EDGE_LOOP('',(#7009,#7010,#7011,#7012));
#1371=EDGE_LOOP('',(#7013,#7014,#7015,#7016));
#1372=EDGE_LOOP('',(#7017,#7018,#7019,#7020));
#1373=EDGE_LOOP('',(#7021,#7022,#7023,#7024));
#1374=EDGE_LOOP('',(#7025,#7026,#7027,#7028));
#1375=EDGE_LOOP('',(#7029,#7030,#7031,#7032));
#1376=EDGE_LOOP('',(#7033,#7034,#7035,#7036));
#1377=EDGE_LOOP('',(#7037,#7038,#7039,#7040));
#1378=EDGE_LOOP('',(#7041,#7042,#7043,#7044,#7045,#7046,#7047,#7048,#7049,
#7050,#7051,#7052,#7053,#7054,#7055,#7056,#7057,#7058,#7059,#7060,#7061,
#7062));
#1379=EDGE_LOOP('',(#7063,#7064,#7065,#7066));
#1380=EDGE_LOOP('',(#7067,#7068,#7069,#7070));
#1381=EDGE_LOOP('',(#7071,#7072,#7073,#7074));
#1382=EDGE_LOOP('',(#7075,#7076,#7077,#7078));
#1383=EDGE_LOOP('',(#7079,#7080,#7081,#7082));
#1384=EDGE_LOOP('',(#7083,#7084,#7085,#7086));
#1385=EDGE_LOOP('',(#7087,#7088,#7089,#7090));
#1386=EDGE_LOOP('',(#7091,#7092,#7093,#7094));
#1387=EDGE_LOOP('',(#7095,#7096,#7097,#7098));
#1388=EDGE_LOOP('',(#7099,#7100,#7101,#7102));
#1389=EDGE_LOOP('',(#7103,#7104,#7105,#7106));
#1390=EDGE_LOOP('',(#7107,#7108,#7109,#7110));
#1391=EDGE_LOOP('',(#7111,#7112,#7113,#7114));
#1392=EDGE_LOOP('',(#7115,#7116,#7117,#7118));
#1393=EDGE_LOOP('',(#7119,#7120,#7121,#7122));
#1394=EDGE_LOOP('',(#7123,#7124,#7125,#7126));
#1395=EDGE_LOOP('',(#7127,#7128,#7129,#7130));
#1396=EDGE_LOOP('',(#7131,#7132,#7133,#7134));
#1397=EDGE_LOOP('',(#7135,#7136,#7137,#7138));
#1398=EDGE_LOOP('',(#7139,#7140,#7141,#7142));
#1399=EDGE_LOOP('',(#7143,#7144,#7145,#7146,#7147,#7148,#7149,#7150,#7151,
#7152,#7153,#7154));
#1400=EDGE_LOOP('',(#7155,#7156,#7157,#7158,#7159,#7160,#7161,#7162));
#1401=EDGE_LOOP('',(#7163,#7164,#7165,#7166));
#1402=EDGE_LOOP('',(#7167,#7168,#7169,#7170));
#1403=EDGE_LOOP('',(#7171,#7172,#7173,#7174));
#1404=EDGE_LOOP('',(#7175,#7176,#7177,#7178));
#1405=EDGE_LOOP('',(#7179,#7180,#7181,#7182));
#1406=EDGE_LOOP('',(#7183,#7184,#7185,#7186));
#1407=EDGE_LOOP('',(#7187,#7188,#7189,#7190));
#1408=EDGE_LOOP('',(#7191,#7192,#7193,#7194));
#1409=EDGE_LOOP('',(#7195,#7196,#7197,#7198));
#1410=EDGE_LOOP('',(#7199,#7200,#7201,#7202));
#1411=EDGE_LOOP('',(#7203,#7204,#7205,#7206));
#1412=EDGE_LOOP('',(#7207,#7208,#7209,#7210));
#1413=EDGE_LOOP('',(#7211,#7212,#7213,#7214));
#1414=EDGE_LOOP('',(#7215,#7216,#7217,#7218));
#1415=EDGE_LOOP('',(#7219,#7220,#7221,#7222));
#1416=EDGE_LOOP('',(#7223,#7224,#7225,#7226));
#1417=EDGE_LOOP('',(#7227,#7228,#7229,#7230));
#1418=EDGE_LOOP('',(#7231,#7232,#7233,#7234));
#1419=EDGE_LOOP('',(#7235,#7236,#7237,#7238));
#1420=EDGE_LOOP('',(#7239,#7240,#7241,#7242));
#1421=EDGE_LOOP('',(#7243,#7244,#7245,#7246));
#1422=EDGE_LOOP('',(#7247,#7248,#7249,#7250));
#1423=EDGE_LOOP('',(#7251,#7252,#7253,#7254));
#1424=EDGE_LOOP('',(#7255,#7256,#7257,#7258));
#1425=EDGE_LOOP('',(#7259,#7260,#7261,#7262));
#1426=EDGE_LOOP('',(#7263,#7264,#7265,#7266,#7267,#7268,#7269,#7270,#7271,
#7272,#7273,#7274));
#1427=EDGE_LOOP('',(#7275,#7276,#7277,#7278,#7279,#7280,#7281,#7282));
#1428=EDGE_LOOP('',(#7283,#7284,#7285,#7286));
#1429=EDGE_LOOP('',(#7287,#7288,#7289,#7290));
#1430=EDGE_LOOP('',(#7291,#7292,#7293,#7294));
#1431=EDGE_LOOP('',(#7295,#7296,#7297,#7298));
#1432=EDGE_LOOP('',(#7299,#7300,#7301,#7302));
#1433=EDGE_LOOP('',(#7303,#7304,#7305,#7306));
#1434=EDGE_LOOP('',(#7307,#7308,#7309,#7310));
#1435=EDGE_LOOP('',(#7311,#7312,#7313,#7314));
#1436=EDGE_LOOP('',(#7315,#7316,#7317,#7318));
#1437=EDGE_LOOP('',(#7319,#7320,#7321,#7322));
#1438=EDGE_LOOP('',(#7323,#7324,#7325,#7326));
#1439=EDGE_LOOP('',(#7327,#7328,#7329,#7330));
#1440=EDGE_LOOP('',(#7331,#7332,#7333,#7334));
#1441=EDGE_LOOP('',(#7335,#7336,#7337,#7338));
#1442=EDGE_LOOP('',(#7339,#7340,#7341,#7342));
#1443=EDGE_LOOP('',(#7343,#7344,#7345,#7346));
#1444=EDGE_LOOP('',(#7347,#7348,#7349,#7350));
#1445=EDGE_LOOP('',(#7351,#7352,#7353,#7354));
#1446=EDGE_LOOP('',(#7355,#7356,#7357,#7358));
#1447=EDGE_LOOP('',(#7359,#7360,#7361,#7362));
#1448=EDGE_LOOP('',(#7363,#7364,#7365,#7366,#7367,#7368,#7369,#7370,#7371,
#7372,#7373,#7374));
#1449=EDGE_LOOP('',(#7375,#7376,#7377,#7378,#7379,#7380,#7381,#7382));
#1450=EDGE_LOOP('',(#7383,#7384,#7385,#7386));
#1451=EDGE_LOOP('',(#7387,#7388,#7389,#7390));
#1452=EDGE_LOOP('',(#7391,#7392,#7393,#7394));
#1453=EDGE_LOOP('',(#7395,#7396,#7397,#7398));
#1454=EDGE_LOOP('',(#7399,#7400,#7401,#7402));
#1455=EDGE_LOOP('',(#7403,#7404,#7405,#7406));
#1456=EDGE_LOOP('',(#7407,#7408,#7409,#7410));
#1457=EDGE_LOOP('',(#7411,#7412,#7413,#7414));
#1458=EDGE_LOOP('',(#7415,#7416,#7417,#7418));
#1459=EDGE_LOOP('',(#7419,#7420,#7421,#7422));
#1460=EDGE_LOOP('',(#7423,#7424,#7425,#7426));
#1461=EDGE_LOOP('',(#7427,#7428,#7429,#7430));
#1462=EDGE_LOOP('',(#7431,#7432,#7433,#7434));
#1463=EDGE_LOOP('',(#7435,#7436,#7437,#7438));
#1464=EDGE_LOOP('',(#7439,#7440,#7441,#7442));
#1465=EDGE_LOOP('',(#7443,#7444,#7445,#7446));
#1466=EDGE_LOOP('',(#7447,#7448,#7449,#7450));
#1467=EDGE_LOOP('',(#7451,#7452,#7453,#7454,#7455,#7456,#7457,#7458,#7459,
#7460,#7461,#7462));
#1468=EDGE_LOOP('',(#7463,#7464,#7465,#7466));
#1469=EDGE_LOOP('',(#7467,#7468,#7469,#7470));
#1470=EDGE_LOOP('',(#7471,#7472,#7473,#7474));
#1471=EDGE_LOOP('',(#7475,#7476,#7477,#7478));
#1472=EDGE_LOOP('',(#7479,#7480,#7481,#7482));
#1473=EDGE_LOOP('',(#7483,#7484,#7485,#7486));
#1474=EDGE_LOOP('',(#7487,#7488,#7489,#7490));
#1475=EDGE_LOOP('',(#7491,#7492,#7493,#7494));
#1476=EDGE_LOOP('',(#7495,#7496,#7497,#7498));
#1477=EDGE_LOOP('',(#7499,#7500,#7501,#7502));
#1478=EDGE_LOOP('',(#7503,#7504,#7505,#7506));
#1479=EDGE_LOOP('',(#7507,#7508,#7509,#7510));
#1480=EDGE_LOOP('',(#7511,#7512,#7513,#7514));
#1481=EDGE_LOOP('',(#7515,#7516,#7517,#7518));
#1482=EDGE_LOOP('',(#7519,#7520,#7521,#7522));
#1483=EDGE_LOOP('',(#7523,#7524,#7525,#7526));
#1484=EDGE_LOOP('',(#7527,#7528,#7529,#7530));
#1485=EDGE_LOOP('',(#7531,#7532,#7533,#7534,#7535,#7536,#7537,#7538,#7539,
#7540,#7541,#7542,#7543,#7544,#7545,#7546,#7547));
#1486=EDGE_LOOP('',(#7548,#7549,#7550,#7551));
#1487=EDGE_LOOP('',(#7552,#7553,#7554,#7555));
#1488=EDGE_LOOP('',(#7556,#7557,#7558,#7559));
#1489=EDGE_LOOP('',(#7560,#7561,#7562,#7563));
#1490=EDGE_LOOP('',(#7564,#7565,#7566,#7567));
#1491=EDGE_LOOP('',(#7568,#7569,#7570,#7571));
#1492=EDGE_LOOP('',(#7572,#7573,#7574,#7575));
#1493=EDGE_LOOP('',(#7576,#7577,#7578,#7579));
#1494=EDGE_LOOP('',(#7580,#7581,#7582,#7583));
#1495=EDGE_LOOP('',(#7584,#7585,#7586,#7587));
#1496=EDGE_LOOP('',(#7588,#7589,#7590,#7591));
#1497=EDGE_LOOP('',(#7592,#7593,#7594,#7595));
#1498=EDGE_LOOP('',(#7596,#7597,#7598,#7599,#7600,#7601,#7602,#7603,#7604,
#7605,#7606,#7607));
#1499=EDGE_LOOP('',(#7608,#7609,#7610,#7611,#7612,#7613,#7614,#7615));
#1500=EDGE_LOOP('',(#7616,#7617,#7618,#7619,#7620,#7621,#7622,#7623));
#1501=EDGE_LOOP('',(#7624,#7625,#7626,#7627,#7628,#7629,#7630,#7631));
#1502=EDGE_LOOP('',(#7632,#7633,#7634,#7635,#7636,#7637,#7638,#7639));
#1503=EDGE_LOOP('',(#7640,#7641,#7642,#7643,#7644,#7645,#7646,#7647,#7648));
#1504=EDGE_LOOP('',(#7649,#7650,#7651,#7652,#7653));
#1505=EDGE_LOOP('',(#7654,#7655,#7656,#7657,#7658,#7659,#7660,#7661));
#1506=EDGE_LOOP('',(#7662,#7663,#7664));
#1507=EDGE_LOOP('',(#7665,#7666,#7667,#7668,#7669,#7670,#7671,#7672,#7673));
#1508=EDGE_LOOP('',(#7674,#7675,#7676,#7677));
#1509=EDGE_LOOP('',(#7678,#7679,#7680,#7681));
#1510=EDGE_LOOP('',(#7682,#7683,#7684,#7685));
#1511=EDGE_LOOP('',(#7686,#7687,#7688,#7689));
#1512=EDGE_LOOP('',(#7690,#7691,#7692,#7693));
#1513=EDGE_LOOP('',(#7694,#7695,#7696,#7697));
#1514=EDGE_LOOP('',(#7698,#7699,#7700,#7701));
#1515=EDGE_LOOP('',(#7702,#7703,#7704,#7705));
#1516=EDGE_LOOP('',(#7706,#7707,#7708,#7709,#7710,#7711));
#1517=EDGE_LOOP('',(#7712,#7713,#7714,#7715));
#1518=EDGE_LOOP('',(#7716,#7717,#7718,#7719));
#1519=EDGE_LOOP('',(#7720,#7721,#7722,#7723,#7724,#7725));
#1520=EDGE_LOOP('',(#7726,#7727,#7728,#7729));
#1521=EDGE_LOOP('',(#7730));
#1522=EDGE_LOOP('',(#7731,#7732,#7733,#7734));
#1523=EDGE_LOOP('',(#7735));
#1524=EDGE_LOOP('',(#7736,#7737,#7738,#7739));
#1525=EDGE_LOOP('',(#7740));
#1526=EDGE_LOOP('',(#7741,#7742,#7743,#7744));
#1527=EDGE_LOOP('',(#7745));
#1528=EDGE_LOOP('',(#7746,#7747,#7748,#7749));
#1529=EDGE_LOOP('',(#7750));
#1530=EDGE_LOOP('',(#7751,#7752,#7753,#7754));
#1531=EDGE_LOOP('',(#7755));
#1532=EDGE_LOOP('',(#7756,#7757,#7758,#7759));
#1533=EDGE_LOOP('',(#7760));
#1534=EDGE_LOOP('',(#7761,#7762,#7763,#7764));
#1535=EDGE_LOOP('',(#7765));
#1536=EDGE_LOOP('',(#7766,#7767,#7768,#7769));
#1537=EDGE_LOOP('',(#7770));
#1538=EDGE_LOOP('',(#7771,#7772,#7773,#7774));
#1539=EDGE_LOOP('',(#7775));
#1540=EDGE_LOOP('',(#7776,#7777,#7778,#7779));
#1541=EDGE_LOOP('',(#7780));
#1542=EDGE_LOOP('',(#7781,#7782,#7783,#7784));
#1543=EDGE_LOOP('',(#7785));
#1544=EDGE_LOOP('',(#7786,#7787,#7788,#7789));
#1545=EDGE_LOOP('',(#7790));
#1546=EDGE_LOOP('',(#7791,#7792,#7793,#7794));
#1547=EDGE_LOOP('',(#7795));
#1548=EDGE_LOOP('',(#7796,#7797,#7798,#7799));
#1549=EDGE_LOOP('',(#7800));
#1550=EDGE_LOOP('',(#7801,#7802,#7803,#7804));
#1551=EDGE_LOOP('',(#7805));
#1552=EDGE_LOOP('',(#7806,#7807,#7808,#7809));
#1553=EDGE_LOOP('',(#7810));
#1554=EDGE_LOOP('',(#7811,#7812,#7813,#7814));
#1555=EDGE_LOOP('',(#7815));
#1556=EDGE_LOOP('',(#7816,#7817,#7818,#7819));
#1557=EDGE_LOOP('',(#7820));
#1558=EDGE_LOOP('',(#7821,#7822,#7823,#7824));
#1559=EDGE_LOOP('',(#7825));
#1560=EDGE_LOOP('',(#7826,#7827,#7828,#7829));
#1561=EDGE_LOOP('',(#7830));
#1562=EDGE_LOOP('',(#7831,#7832,#7833,#7834));
#1563=EDGE_LOOP('',(#7835));
#1564=EDGE_LOOP('',(#7836,#7837,#7838,#7839));
#1565=EDGE_LOOP('',(#7840));
#1566=EDGE_LOOP('',(#7841,#7842,#7843,#7844));
#1567=EDGE_LOOP('',(#7845));
#1568=EDGE_LOOP('',(#7846,#7847,#7848,#7849));
#1569=EDGE_LOOP('',(#7850));
#1570=EDGE_LOOP('',(#7851,#7852,#7853,#7854));
#1571=EDGE_LOOP('',(#7855));
#1572=EDGE_LOOP('',(#7856,#7857,#7858,#7859));
#1573=EDGE_LOOP('',(#7860));
#1574=EDGE_LOOP('',(#7861,#7862,#7863,#7864));
#1575=EDGE_LOOP('',(#7865));
#1576=EDGE_LOOP('',(#7866,#7867,#7868,#7869));
#1577=EDGE_LOOP('',(#7870));
#1578=EDGE_LOOP('',(#7871,#7872,#7873,#7874));
#1579=EDGE_LOOP('',(#7875));
#1580=EDGE_LOOP('',(#7876,#7877,#7878,#7879));
#1581=EDGE_LOOP('',(#7880));
#1582=EDGE_LOOP('',(#7881,#7882,#7883,#7884));
#1583=EDGE_LOOP('',(#7885));
#1584=EDGE_LOOP('',(#7886,#7887,#7888,#7889));
#1585=EDGE_LOOP('',(#7890));
#1586=EDGE_LOOP('',(#7891,#7892,#7893,#7894));
#1587=EDGE_LOOP('',(#7895));
#1588=EDGE_LOOP('',(#7896,#7897,#7898,#7899));
#1589=EDGE_LOOP('',(#7900));
#1590=EDGE_LOOP('',(#7901,#7902,#7903,#7904));
#1591=EDGE_LOOP('',(#7905));
#1592=EDGE_LOOP('',(#7906,#7907,#7908,#7909));
#1593=EDGE_LOOP('',(#7910));
#1594=EDGE_LOOP('',(#7911,#7912,#7913,#7914));
#1595=EDGE_LOOP('',(#7915));
#1596=EDGE_LOOP('',(#7916,#7917,#7918,#7919));
#1597=EDGE_LOOP('',(#7920));
#1598=EDGE_LOOP('',(#7921,#7922,#7923,#7924));
#1599=EDGE_LOOP('',(#7925));
#1600=EDGE_LOOP('',(#7926,#7927,#7928,#7929));
#1601=EDGE_LOOP('',(#7930));
#1602=EDGE_LOOP('',(#7931,#7932,#7933,#7934));
#1603=EDGE_LOOP('',(#7935));
#1604=EDGE_LOOP('',(#7936,#7937,#7938,#7939));
#1605=EDGE_LOOP('',(#7940));
#1606=EDGE_LOOP('',(#7941,#7942,#7943,#7944));
#1607=EDGE_LOOP('',(#7945));
#1608=EDGE_LOOP('',(#7946,#7947,#7948,#7949));
#1609=EDGE_LOOP('',(#7950));
#1610=EDGE_LOOP('',(#7951,#7952,#7953,#7954));
#1611=EDGE_LOOP('',(#7955));
#1612=EDGE_LOOP('',(#7956,#7957,#7958,#7959));
#1613=EDGE_LOOP('',(#7960));
#1614=EDGE_LOOP('',(#7961,#7962,#7963,#7964));
#1615=EDGE_LOOP('',(#7965));
#1616=EDGE_LOOP('',(#7966,#7967,#7968,#7969));
#1617=EDGE_LOOP('',(#7970));
#1618=EDGE_LOOP('',(#7971,#7972,#7973,#7974));
#1619=EDGE_LOOP('',(#7975));
#1620=EDGE_LOOP('',(#7976,#7977,#7978,#7979));
#1621=EDGE_LOOP('',(#7980));
#1622=EDGE_LOOP('',(#7981,#7982,#7983,#7984));
#1623=EDGE_LOOP('',(#7985));
#1624=EDGE_LOOP('',(#7986,#7987,#7988,#7989));
#1625=EDGE_LOOP('',(#7990));
#1626=EDGE_LOOP('',(#7991,#7992,#7993,#7994));
#1627=EDGE_LOOP('',(#7995));
#1628=EDGE_LOOP('',(#7996,#7997,#7998,#7999));
#1629=EDGE_LOOP('',(#8000));
#1630=EDGE_LOOP('',(#8001,#8002,#8003,#8004));
#1631=EDGE_LOOP('',(#8005));
#1632=EDGE_LOOP('',(#8006,#8007,#8008,#8009));
#1633=EDGE_LOOP('',(#8010,#8011,#8012,#8013));
#1634=EDGE_LOOP('',(#8014,#8015,#8016,#8017));
#1635=EDGE_LOOP('',(#8018,#8019,#8020,#8021));
#1636=EDGE_LOOP('',(#8022,#8023,#8024,#8025,#8026,#8027,#8028,#8029));
#1637=EDGE_LOOP('',(#8030,#8031,#8032,#8033,#8034,#8035));
#1638=EDGE_LOOP('',(#8036,#8037,#8038,#8039,#8040,#8041,#8042,#8043));
#1639=EDGE_LOOP('',(#8044,#8045,#8046,#8047));
#1640=EDGE_LOOP('',(#8048,#8049,#8050,#8051,#8052,#8053));
#1641=EDGE_LOOP('',(#8054,#8055,#8056,#8057));
#1642=EDGE_LOOP('',(#8058));
#1643=EDGE_LOOP('',(#8059));
#1644=EDGE_LOOP('',(#8060));
#1645=EDGE_LOOP('',(#8061));
#1646=EDGE_LOOP('',(#8062));
#1647=EDGE_LOOP('',(#8063));
#1648=EDGE_LOOP('',(#8064));
#1649=EDGE_LOOP('',(#8065));
#1650=EDGE_LOOP('',(#8066));
#1651=EDGE_LOOP('',(#8067));
#1652=EDGE_LOOP('',(#8068));
#1653=EDGE_LOOP('',(#8069));
#1654=EDGE_LOOP('',(#8070));
#1655=EDGE_LOOP('',(#8071));
#1656=EDGE_LOOP('',(#8072));
#1657=EDGE_LOOP('',(#8073));
#1658=EDGE_LOOP('',(#8074));
#1659=EDGE_LOOP('',(#8075));
#1660=EDGE_LOOP('',(#8076));
#1661=EDGE_LOOP('',(#8077));
#1662=EDGE_LOOP('',(#8078));
#1663=EDGE_LOOP('',(#8079));
#1664=EDGE_LOOP('',(#8080));
#1665=EDGE_LOOP('',(#8081));
#1666=EDGE_LOOP('',(#8082));
#1667=EDGE_LOOP('',(#8083));
#1668=EDGE_LOOP('',(#8084));
#1669=EDGE_LOOP('',(#8085));
#1670=EDGE_LOOP('',(#8086));
#1671=EDGE_LOOP('',(#8087));
#1672=EDGE_LOOP('',(#8088));
#1673=EDGE_LOOP('',(#8089));
#1674=EDGE_LOOP('',(#8090));
#1675=EDGE_LOOP('',(#8091));
#1676=EDGE_LOOP('',(#8092));
#1677=EDGE_LOOP('',(#8093));
#1678=EDGE_LOOP('',(#8094));
#1679=EDGE_LOOP('',(#8095));
#1680=EDGE_LOOP('',(#8096));
#1681=EDGE_LOOP('',(#8097));
#1682=EDGE_LOOP('',(#8098));
#1683=EDGE_LOOP('',(#8099));
#1684=EDGE_LOOP('',(#8100));
#1685=EDGE_LOOP('',(#8101));
#1686=EDGE_LOOP('',(#8102));
#1687=EDGE_LOOP('',(#8103));
#1688=EDGE_LOOP('',(#8104));
#1689=EDGE_LOOP('',(#8105));
#1690=EDGE_LOOP('',(#8106,#8107,#8108,#8109));
#1691=EDGE_LOOP('',(#8110,#8111,#8112,#8113,#8114,#8115,#8116,#8117,#8118,
#8119,#8120,#8121,#8122,#8123,#8124,#8125,#8126,#8127,#8128,#8129));
#1692=EDGE_LOOP('',(#8130));
#1693=EDGE_LOOP('',(#8131));
#1694=EDGE_LOOP('',(#8132));
#1695=EDGE_LOOP('',(#8133));
#1696=EDGE_LOOP('',(#8134));
#1697=EDGE_LOOP('',(#8135));
#1698=EDGE_LOOP('',(#8136));
#1699=EDGE_LOOP('',(#8137));
#1700=EDGE_LOOP('',(#8138,#8139,#8140,#8141,#8142,#8143,#8144,#8145));
#1701=EDGE_LOOP('',(#8146,#8147,#8148,#8149,#8150,#8151,#8152,#8153));
#1702=EDGE_LOOP('',(#8154,#8155,#8156,#8157,#8158,#8159,#8160,#8161,#8162,
#8163,#8164,#8165));
#1703=EDGE_LOOP('',(#8166,#8167,#8168,#8169,#8170,#8171,#8172,#8173,#8174,
#8175,#8176,#8177,#8178,#8179,#8180,#8181,#8182));
#1704=EDGE_LOOP('',(#8183,#8184,#8185,#8186,#8187,#8188,#8189,#8190,#8191,
#8192,#8193,#8194));
#1705=EDGE_LOOP('',(#8195,#8196,#8197,#8198));
#1706=EDGE_LOOP('',(#8199,#8200,#8201,#8202,#8203,#8204,#8205,#8206,#8207,
#8208,#8209,#8210));
#1707=EDGE_LOOP('',(#8211,#8212,#8213,#8214,#8215,#8216,#8217,#8218,#8219,
#8220,#8221,#8222));
#1708=EDGE_LOOP('',(#8223,#8224,#8225,#8226));
#1709=EDGE_LOOP('',(#8227,#8228,#8229,#8230,#8231,#8232,#8233,#8234,#8235,
#8236,#8237,#8238));
#1710=EDGE_LOOP('',(#8239,#8240,#8241,#8242,#8243,#8244,#8245,#8246,#8247,
#8248,#8249,#8250,#8251,#8252,#8253,#8254,#8255,#8256,#8257,#8258,#8259,
#8260));
#1711=EDGE_LOOP('',(#8261,#8262,#8263,#8264,#8265,#8266,#8267,#8268,#8269,
#8270,#8271,#8272,#8273,#8274,#8275,#8276,#8277,#8278,#8279,#8280,#8281,
#8282));
#1712=EDGE_LOOP('',(#8283,#8284,#8285,#8286,#8287,#8288,#8289,#8290,#8291,
#8292,#8293,#8294,#8295,#8296,#8297,#8298,#8299,#8300,#8301,#8302,#8303,
#8304));
#1713=EDGE_LOOP('',(#8305,#8306,#8307,#8308,#8309,#8310,#8311,#8312,#8313,
#8314,#8315,#8316,#8317,#8318,#8319,#8320,#8321,#8322,#8323,#8324,#8325,
#8326));
#1714=EDGE_LOOP('',(#8327,#8328,#8329,#8330,#8331,#8332,#8333,#8334,#8335));
#1715=EDGE_LOOP('',(#8336,#8337,#8338,#8339,#8340,#8341,#8342,#8343,#8344,
#8345,#8346,#8347));
#1716=EDGE_LOOP('',(#8348,#8349,#8350,#8351,#8352,#8353,#8354,#8355,#8356,
#8357,#8358,#8359,#8360,#8361,#8362,#8363,#8364,#8365,#8366));
#1717=EDGE_LOOP('',(#8367,#8368,#8369,#8370,#8371,#8372,#8373,#8374));
#1718=EDGE_LOOP('',(#8375,#8376,#8377,#8378,#8379,#8380,#8381,#8382,#8383,
#8384,#8385,#8386));
#1719=EDGE_LOOP('',(#8387,#8388,#8389,#8390,#8391,#8392,#8393,#8394,#8395));
#1720=EDGE_LOOP('',(#8396,#8397,#8398,#8399,#8400,#8401,#8402,#8403,#8404,
#8405,#8406));
#1721=EDGE_LOOP('',(#8407,#8408,#8409,#8410,#8411,#8412,#8413,#8414,#8415,
#8416,#8417,#8418,#8419,#8420,#8421));
#1722=EDGE_LOOP('',(#8422,#8423,#8424,#8425,#8426,#8427,#8428,#8429,#8430,
#8431,#8432,#8433));
#1723=EDGE_LOOP('',(#8434,#8435,#8436,#8437,#8438,#8439,#8440,#8441,#8442,
#8443,#8444));
#1724=LINE('',#11145,#2439);
#1725=LINE('',#11150,#2440);
#1726=LINE('',#11162,#2441);
#1727=LINE('',#11177,#2442);
#1728=LINE('',#11192,#2443);
#1729=LINE('',#11207,#2444);
#1730=LINE('',#11222,#2445);
#1731=LINE('',#11237,#2446);
#1732=LINE('',#11252,#2447);
#1733=LINE('',#11280,#2448);
#1734=LINE('',#11285,#2449);
#1735=LINE('',#11297,#2450);
#1736=LINE('',#11312,#2451);
#1737=LINE('',#11327,#2452);
#1738=LINE('',#11342,#2453);
#1739=LINE('',#11357,#2454);
#1740=LINE('',#11372,#2455);
#1741=LINE('',#11387,#2456);
#1742=LINE('',#11402,#2457);
#1743=LINE('',#11417,#2458);
#1744=LINE('',#11437,#2459);
#1745=LINE('',#11439,#2460);
#1746=LINE('',#11441,#2461);
#1747=LINE('',#11442,#2462);
#1748=LINE('',#11445,#2463);
#1749=LINE('',#11447,#2464);
#1750=LINE('',#11448,#2465);
#1751=LINE('',#11451,#2466);
#1752=LINE('',#11453,#2467);
#1753=LINE('',#11454,#2468);
#1754=LINE('',#11457,#2469);
#1755=LINE('',#11459,#2470);
#1756=LINE('',#11460,#2471);
#1757=LINE('',#11463,#2472);
#1758=LINE('',#11465,#2473);
#1759=LINE('',#11466,#2474);
#1760=LINE('',#11469,#2475);
#1761=LINE('',#11471,#2476);
#1762=LINE('',#11472,#2477);
#1763=LINE('',#11475,#2478);
#1764=LINE('',#11477,#2479);
#1765=LINE('',#11478,#2480);
#1766=LINE('',#11481,#2481);
#1767=LINE('',#11483,#2482);
#1768=LINE('',#11484,#2483);
#1769=LINE('',#11487,#2484);
#1770=LINE('',#11489,#2485);
#1771=LINE('',#11490,#2486);
#1772=LINE('',#11493,#2487);
#1773=LINE('',#11495,#2488);
#1774=LINE('',#11496,#2489);
#1775=LINE('',#11499,#2490);
#1776=LINE('',#11501,#2491);
#1777=LINE('',#11502,#2492);
#1778=LINE('',#11504,#2493);
#1779=LINE('',#11505,#2494);
#1780=LINE('',#11510,#2495);
#1781=LINE('',#11512,#2496);
#1782=LINE('',#11514,#2497);
#1783=LINE('',#11515,#2498);
#1784=LINE('',#11518,#2499);
#1785=LINE('',#11520,#2500);
#1786=LINE('',#11521,#2501);
#1787=LINE('',#11524,#2502);
#1788=LINE('',#11526,#2503);
#1789=LINE('',#11527,#2504);
#1790=LINE('',#11530,#2505);
#1791=LINE('',#11532,#2506);
#1792=LINE('',#11533,#2507);
#1793=LINE('',#11536,#2508);
#1794=LINE('',#11538,#2509);
#1795=LINE('',#11539,#2510);
#1796=LINE('',#11542,#2511);
#1797=LINE('',#11544,#2512);
#1798=LINE('',#11545,#2513);
#1799=LINE('',#11548,#2514);
#1800=LINE('',#11550,#2515);
#1801=LINE('',#11551,#2516);
#1802=LINE('',#11554,#2517);
#1803=LINE('',#11556,#2518);
#1804=LINE('',#11557,#2519);
#1805=LINE('',#11560,#2520);
#1806=LINE('',#11562,#2521);
#1807=LINE('',#11563,#2522);
#1808=LINE('',#11575,#2523);
#1809=LINE('',#11590,#2524);
#1810=LINE('',#11596,#2525);
#1811=LINE('',#11598,#2526);
#1812=LINE('',#11599,#2527);
#1813=LINE('',#11602,#2528);
#1814=LINE('',#11604,#2529);
#1815=LINE('',#11605,#2530);
#1816=LINE('',#11608,#2531);
#1817=LINE('',#11610,#2532);
#1818=LINE('',#11611,#2533);
#1819=LINE('',#11613,#2534);
#1820=LINE('',#11614,#2535);
#1821=LINE('',#11619,#2536);
#1822=LINE('',#11621,#2537);
#1823=LINE('',#11623,#2538);
#1824=LINE('',#11624,#2539);
#1825=LINE('',#11627,#2540);
#1826=LINE('',#11629,#2541);
#1827=LINE('',#11630,#2542);
#1828=LINE('',#11632,#2543);
#1829=LINE('',#11633,#2544);
#1830=LINE('',#11637,#2545);
#1831=LINE('',#11639,#2546);
#1832=LINE('',#11641,#2547);
#1833=LINE('',#11642,#2548);
#1834=LINE('',#11645,#2549);
#1835=LINE('',#11647,#2550);
#1836=LINE('',#11648,#2551);
#1837=LINE('',#11651,#2552);
#1838=LINE('',#11653,#2553);
#1839=LINE('',#11654,#2554);
#1840=LINE('',#11657,#2555);
#1841=LINE('',#11659,#2556);
#1842=LINE('',#11660,#2557);
#1843=LINE('',#11663,#2558);
#1844=LINE('',#11665,#2559);
#1845=LINE('',#11666,#2560);
#1846=LINE('',#11669,#2561);
#1847=LINE('',#11671,#2562);
#1848=LINE('',#11672,#2563);
#1849=LINE('',#11675,#2564);
#1850=LINE('',#11677,#2565);
#1851=LINE('',#11678,#2566);
#1852=LINE('',#11681,#2567);
#1853=LINE('',#11683,#2568);
#1854=LINE('',#11684,#2569);
#1855=LINE('',#11687,#2570);
#1856=LINE('',#11689,#2571);
#1857=LINE('',#11690,#2572);
#1858=LINE('',#11693,#2573);
#1859=LINE('',#11695,#2574);
#1860=LINE('',#11696,#2575);
#1861=LINE('',#11698,#2576);
#1862=LINE('',#11699,#2577);
#1863=LINE('',#11704,#2578);
#1864=LINE('',#11706,#2579);
#1865=LINE('',#11708,#2580);
#1866=LINE('',#11709,#2581);
#1867=LINE('',#11721,#2582);
#1868=LINE('',#11736,#2583);
#1869=LINE('',#11742,#2584);
#1870=LINE('',#11744,#2585);
#1871=LINE('',#11745,#2586);
#1872=LINE('',#11757,#2587);
#1873=LINE('',#11772,#2588);
#1874=LINE('',#11778,#2589);
#1875=LINE('',#11780,#2590);
#1876=LINE('',#11781,#2591);
#1877=LINE('',#11784,#2592);
#1878=LINE('',#11786,#2593);
#1879=LINE('',#11787,#2594);
#1880=LINE('',#11789,#2595);
#1881=LINE('',#11790,#2596);
#1882=LINE('',#11804,#2597);
#1883=LINE('',#11809,#2598);
#1884=LINE('',#11821,#2599);
#1885=LINE('',#11836,#2600);
#1886=LINE('',#11851,#2601);
#1887=LINE('',#11866,#2602);
#1888=LINE('',#11881,#2603);
#1889=LINE('',#11896,#2604);
#1890=LINE('',#11924,#2605);
#1891=LINE('',#11929,#2606);
#1892=LINE('',#11941,#2607);
#1893=LINE('',#11956,#2608);
#1894=LINE('',#11971,#2609);
#1895=LINE('',#11986,#2610);
#1896=LINE('',#12001,#2611);
#1897=LINE('',#12016,#2612);
#1898=LINE('',#12031,#2613);
#1899=LINE('',#12046,#2614);
#1900=LINE('',#12061,#2615);
#1901=LINE('',#12076,#2616);
#1902=LINE('',#12105,#2617);
#1903=LINE('',#12110,#2618);
#1904=LINE('',#12122,#2619);
#1905=LINE('',#12128,#2620);
#1906=LINE('',#12130,#2621);
#1907=LINE('',#12131,#2622);
#1908=LINE('',#12134,#2623);
#1909=LINE('',#12136,#2624);
#1910=LINE('',#12137,#2625);
#1911=LINE('',#12139,#2626);
#1912=LINE('',#12140,#2627);
#1913=LINE('',#12144,#2628);
#1914=LINE('',#12146,#2629);
#1915=LINE('',#12148,#2630);
#1916=LINE('',#12149,#2631);
#1917=LINE('',#12152,#2632);
#1918=LINE('',#12154,#2633);
#1919=LINE('',#12155,#2634);
#1920=LINE('',#12158,#2635);
#1921=LINE('',#12160,#2636);
#1922=LINE('',#12161,#2637);
#1923=LINE('',#12164,#2638);
#1924=LINE('',#12166,#2639);
#1925=LINE('',#12167,#2640);
#1926=LINE('',#12170,#2641);
#1927=LINE('',#12172,#2642);
#1928=LINE('',#12173,#2643);
#1929=LINE('',#12176,#2644);
#1930=LINE('',#12178,#2645);
#1931=LINE('',#12179,#2646);
#1932=LINE('',#12182,#2647);
#1933=LINE('',#12184,#2648);
#1934=LINE('',#12185,#2649);
#1935=LINE('',#12187,#2650);
#1936=LINE('',#12188,#2651);
#1937=LINE('',#12202,#2652);
#1938=LINE('',#12207,#2653);
#1939=LINE('',#12219,#2654);
#1940=LINE('',#12234,#2655);
#1941=LINE('',#12249,#2656);
#1942=LINE('',#12264,#2657);
#1943=LINE('',#12279,#2658);
#1944=LINE('',#12294,#2659);
#1945=LINE('',#12309,#2660);
#1946=LINE('',#12337,#2661);
#1947=LINE('',#12342,#2662);
#1948=LINE('',#12354,#2663);
#1949=LINE('',#12369,#2664);
#1950=LINE('',#12384,#2665);
#1951=LINE('',#12399,#2666);
#1952=LINE('',#12414,#2667);
#1953=LINE('',#12429,#2668);
#1954=LINE('',#12444,#2669);
#1955=LINE('',#12459,#2670);
#1956=LINE('',#12474,#2671);
#1957=LINE('',#12489,#2672);
#1958=LINE('',#12504,#2673);
#1959=LINE('',#12519,#2674);
#1960=LINE('',#12534,#2675);
#1961=LINE('',#12549,#2676);
#1962=LINE('',#12564,#2677);
#1963=LINE('',#12579,#2678);
#1964=LINE('',#12585,#2679);
#1965=LINE('',#12587,#2680);
#1966=LINE('',#12588,#2681);
#1967=LINE('',#12614,#2682);
#1968=LINE('',#12619,#2683);
#1969=LINE('',#12631,#2684);
#1970=LINE('',#12646,#2685);
#1971=LINE('',#12661,#2686);
#1972=LINE('',#12676,#2687);
#1973=LINE('',#12691,#2688);
#1974=LINE('',#12706,#2689);
#1975=LINE('',#12734,#2690);
#1976=LINE('',#12739,#2691);
#1977=LINE('',#12751,#2692);
#1978=LINE('',#12766,#2693);
#1979=LINE('',#12781,#2694);
#1980=LINE('',#12796,#2695);
#1981=LINE('',#12811,#2696);
#1982=LINE('',#12826,#2697);
#1983=LINE('',#12841,#2698);
#1984=LINE('',#12856,#2699);
#1985=LINE('',#12871,#2700);
#1986=LINE('',#12886,#2701);
#1987=LINE('',#12906,#2702);
#1988=LINE('',#12908,#2703);
#1989=LINE('',#12910,#2704);
#1990=LINE('',#12911,#2705);
#1991=LINE('',#12923,#2706);
#1992=LINE('',#12938,#2707);
#1993=LINE('',#12944,#2708);
#1994=LINE('',#12946,#2709);
#1995=LINE('',#12947,#2710);
#1996=LINE('',#12959,#2711);
#1997=LINE('',#12974,#2712);
#1998=LINE('',#12980,#2713);
#1999=LINE('',#12982,#2714);
#2000=LINE('',#12983,#2715);
#2001=LINE('',#12986,#2716);
#2002=LINE('',#12988,#2717);
#2003=LINE('',#12989,#2718);
#2004=LINE('',#12991,#2719);
#2005=LINE('',#12992,#2720);
#2006=LINE('',#13006,#2721);
#2007=LINE('',#13011,#2722);
#2008=LINE('',#13023,#2723);
#2009=LINE('',#13038,#2724);
#2010=LINE('',#13053,#2725);
#2011=LINE('',#13068,#2726);
#2012=LINE('',#13083,#2727);
#2013=LINE('',#13098,#2728);
#2014=LINE('',#13113,#2729);
#2015=LINE('',#13128,#2730);
#2016=LINE('',#13134,#2731);
#2017=LINE('',#13136,#2732);
#2018=LINE('',#13137,#2733);
#2019=LINE('',#13149,#2734);
#2020=LINE('',#13164,#2735);
#2021=LINE('',#13179,#2736);
#2022=LINE('',#13194,#2737);
#2023=LINE('',#13209,#2738);
#2024=LINE('',#13224,#2739);
#2025=LINE('',#13239,#2740);
#2026=LINE('',#13254,#2741);
#2027=LINE('',#13269,#2742);
#2028=LINE('',#13275,#2743);
#2029=LINE('',#13277,#2744);
#2030=LINE('',#13278,#2745);
#2031=LINE('',#13281,#2746);
#2032=LINE('',#13283,#2747);
#2033=LINE('',#13284,#2748);
#2034=LINE('',#13286,#2749);
#2035=LINE('',#13287,#2750);
#2036=LINE('',#13301,#2751);
#2037=LINE('',#13306,#2752);
#2038=LINE('',#13318,#2753);
#2039=LINE('',#13333,#2754);
#2040=LINE('',#13348,#2755);
#2041=LINE('',#13363,#2756);
#2042=LINE('',#13378,#2757);
#2043=LINE('',#13393,#2758);
#2044=LINE('',#13408,#2759);
#2045=LINE('',#13423,#2760);
#2046=LINE('',#13429,#2761);
#2047=LINE('',#13431,#2762);
#2048=LINE('',#13432,#2763);
#2049=LINE('',#13444,#2764);
#2050=LINE('',#13459,#2765);
#2051=LINE('',#13474,#2766);
#2052=LINE('',#13489,#2767);
#2053=LINE('',#13504,#2768);
#2054=LINE('',#13519,#2769);
#2055=LINE('',#13534,#2770);
#2056=LINE('',#13549,#2771);
#2057=LINE('',#13564,#2772);
#2058=LINE('',#13570,#2773);
#2059=LINE('',#13572,#2774);
#2060=LINE('',#13573,#2775);
#2061=LINE('',#13576,#2776);
#2062=LINE('',#13578,#2777);
#2063=LINE('',#13579,#2778);
#2064=LINE('',#13581,#2779);
#2065=LINE('',#13582,#2780);
#2066=LINE('',#13596,#2781);
#2067=LINE('',#13601,#2782);
#2068=LINE('',#13613,#2783);
#2069=LINE('',#13628,#2784);
#2070=LINE('',#13643,#2785);
#2071=LINE('',#13658,#2786);
#2072=LINE('',#13673,#2787);
#2073=LINE('',#13688,#2788);
#2074=LINE('',#13703,#2789);
#2075=LINE('',#13718,#2790);
#2076=LINE('',#13724,#2791);
#2077=LINE('',#13726,#2792);
#2078=LINE('',#13727,#2793);
#2079=LINE('',#13739,#2794);
#2080=LINE('',#13754,#2795);
#2081=LINE('',#13769,#2796);
#2082=LINE('',#13784,#2797);
#2083=LINE('',#13799,#2798);
#2084=LINE('',#13814,#2799);
#2085=LINE('',#13829,#2800);
#2086=LINE('',#13844,#2801);
#2087=LINE('',#13859,#2802);
#2088=LINE('',#13865,#2803);
#2089=LINE('',#13867,#2804);
#2090=LINE('',#13868,#2805);
#2091=LINE('',#13871,#2806);
#2092=LINE('',#13873,#2807);
#2093=LINE('',#13874,#2808);
#2094=LINE('',#13876,#2809);
#2095=LINE('',#13877,#2810);
#2096=LINE('',#13891,#2811);
#2097=LINE('',#13896,#2812);
#2098=LINE('',#13908,#2813);
#2099=LINE('',#13923,#2814);
#2100=LINE('',#13938,#2815);
#2101=LINE('',#13953,#2816);
#2102=LINE('',#13968,#2817);
#2103=LINE('',#13983,#2818);
#2104=LINE('',#13998,#2819);
#2105=LINE('',#14013,#2820);
#2106=LINE('',#14019,#2821);
#2107=LINE('',#14021,#2822);
#2108=LINE('',#14022,#2823);
#2109=LINE('',#14034,#2824);
#2110=LINE('',#14049,#2825);
#2111=LINE('',#14064,#2826);
#2112=LINE('',#14079,#2827);
#2113=LINE('',#14094,#2828);
#2114=LINE('',#14109,#2829);
#2115=LINE('',#14124,#2830);
#2116=LINE('',#14139,#2831);
#2117=LINE('',#14154,#2832);
#2118=LINE('',#14160,#2833);
#2119=LINE('',#14162,#2834);
#2120=LINE('',#14163,#2835);
#2121=LINE('',#14166,#2836);
#2122=LINE('',#14168,#2837);
#2123=LINE('',#14169,#2838);
#2124=LINE('',#14171,#2839);
#2125=LINE('',#14172,#2840);
#2126=LINE('',#14186,#2841);
#2127=LINE('',#14191,#2842);
#2128=LINE('',#14203,#2843);
#2129=LINE('',#14218,#2844);
#2130=LINE('',#14233,#2845);
#2131=LINE('',#14248,#2846);
#2132=LINE('',#14263,#2847);
#2133=LINE('',#14278,#2848);
#2134=LINE('',#14306,#2849);
#2135=LINE('',#14311,#2850);
#2136=LINE('',#14323,#2851);
#2137=LINE('',#14338,#2852);
#2138=LINE('',#14353,#2853);
#2139=LINE('',#14368,#2854);
#2140=LINE('',#14383,#2855);
#2141=LINE('',#14398,#2856);
#2142=LINE('',#14413,#2857);
#2143=LINE('',#14428,#2858);
#2144=LINE('',#14443,#2859);
#2145=LINE('',#14458,#2860);
#2146=LINE('',#14478,#2861);
#2147=LINE('',#14480,#2862);
#2148=LINE('',#14482,#2863);
#2149=LINE('',#14483,#2864);
#2150=LINE('',#14486,#2865);
#2151=LINE('',#14488,#2866);
#2152=LINE('',#14489,#2867);
#2153=LINE('',#14492,#2868);
#2154=LINE('',#14494,#2869);
#2155=LINE('',#14495,#2870);
#2156=LINE('',#14497,#2871);
#2157=LINE('',#14498,#2872);
#2158=LINE('',#14512,#2873);
#2159=LINE('',#14517,#2874);
#2160=LINE('',#14529,#2875);
#2161=LINE('',#14544,#2876);
#2162=LINE('',#14559,#2877);
#2163=LINE('',#14574,#2878);
#2164=LINE('',#14589,#2879);
#2165=LINE('',#14604,#2880);
#2166=LINE('',#14632,#2881);
#2167=LINE('',#14637,#2882);
#2168=LINE('',#14649,#2883);
#2169=LINE('',#14664,#2884);
#2170=LINE('',#14679,#2885);
#2171=LINE('',#14694,#2886);
#2172=LINE('',#14709,#2887);
#2173=LINE('',#14724,#2888);
#2174=LINE('',#14739,#2889);
#2175=LINE('',#14754,#2890);
#2176=LINE('',#14769,#2891);
#2177=LINE('',#14784,#2892);
#2178=LINE('',#14813,#2893);
#2179=LINE('',#14818,#2894);
#2180=LINE('',#14830,#2895);
#2181=LINE('',#14845,#2896);
#2182=LINE('',#14860,#2897);
#2183=LINE('',#14875,#2898);
#2184=LINE('',#14890,#2899);
#2185=LINE('',#14905,#2900);
#2186=LINE('',#14933,#2901);
#2187=LINE('',#14938,#2902);
#2188=LINE('',#14950,#2903);
#2189=LINE('',#14965,#2904);
#2190=LINE('',#14980,#2905);
#2191=LINE('',#14995,#2906);
#2192=LINE('',#15010,#2907);
#2193=LINE('',#15025,#2908);
#2194=LINE('',#15040,#2909);
#2195=LINE('',#15055,#2910);
#2196=LINE('',#15070,#2911);
#2197=LINE('',#15085,#2912);
#2198=LINE('',#15105,#2913);
#2199=LINE('',#15107,#2914);
#2200=LINE('',#15109,#2915);
#2201=LINE('',#15110,#2916);
#2202=LINE('',#15113,#2917);
#2203=LINE('',#15115,#2918);
#2204=LINE('',#15116,#2919);
#2205=LINE('',#15119,#2920);
#2206=LINE('',#15121,#2921);
#2207=LINE('',#15122,#2922);
#2208=LINE('',#15124,#2923);
#2209=LINE('',#15125,#2924);
#2210=LINE('',#15130,#2925);
#2211=LINE('',#15132,#2926);
#2212=LINE('',#15134,#2927);
#2213=LINE('',#15135,#2928);
#2214=LINE('',#15138,#2929);
#2215=LINE('',#15140,#2930);
#2216=LINE('',#15141,#2931);
#2217=LINE('',#15144,#2932);
#2218=LINE('',#15146,#2933);
#2219=LINE('',#15147,#2934);
#2220=LINE('',#15150,#2935);
#2221=LINE('',#15152,#2936);
#2222=LINE('',#15153,#2937);
#2223=LINE('',#15156,#2938);
#2224=LINE('',#15158,#2939);
#2225=LINE('',#15159,#2940);
#2226=LINE('',#15162,#2941);
#2227=LINE('',#15164,#2942);
#2228=LINE('',#15165,#2943);
#2229=LINE('',#15168,#2944);
#2230=LINE('',#15170,#2945);
#2231=LINE('',#15171,#2946);
#2232=LINE('',#15174,#2947);
#2233=LINE('',#15176,#2948);
#2234=LINE('',#15177,#2949);
#2235=LINE('',#15180,#2950);
#2236=LINE('',#15182,#2951);
#2237=LINE('',#15183,#2952);
#2238=LINE('',#15186,#2953);
#2239=LINE('',#15188,#2954);
#2240=LINE('',#15189,#2955);
#2241=LINE('',#15192,#2956);
#2242=LINE('',#15194,#2957);
#2243=LINE('',#15195,#2958);
#2244=LINE('',#15197,#2959);
#2245=LINE('',#15198,#2960);
#2246=LINE('',#15212,#2961);
#2247=LINE('',#15217,#2962);
#2248=LINE('',#15229,#2963);
#2249=LINE('',#15244,#2964);
#2250=LINE('',#15259,#2965);
#2251=LINE('',#15274,#2966);
#2252=LINE('',#15280,#2967);
#2253=LINE('',#15282,#2968);
#2254=LINE('',#15283,#2969);
#2255=LINE('',#15286,#2970);
#2256=LINE('',#15288,#2971);
#2257=LINE('',#15289,#2972);
#2258=LINE('',#15292,#2973);
#2259=LINE('',#15294,#2974);
#2260=LINE('',#15295,#2975);
#2261=LINE('',#15307,#2976);
#2262=LINE('',#15322,#2977);
#2263=LINE('',#15337,#2978);
#2264=LINE('',#15352,#2979);
#2265=LINE('',#15367,#2980);
#2266=LINE('',#15382,#2981);
#2267=LINE('',#15388,#2982);
#2268=LINE('',#15390,#2983);
#2269=LINE('',#15391,#2984);
#2270=LINE('',#15394,#2985);
#2271=LINE('',#15396,#2986);
#2272=LINE('',#15397,#2987);
#2273=LINE('',#15399,#2988);
#2274=LINE('',#15400,#2989);
#2275=LINE('',#15405,#2990);
#2276=LINE('',#15407,#2991);
#2277=LINE('',#15409,#2992);
#2278=LINE('',#15410,#2993);
#2279=LINE('',#15413,#2994);
#2280=LINE('',#15415,#2995);
#2281=LINE('',#15416,#2996);
#2282=LINE('',#15419,#2997);
#2283=LINE('',#15421,#2998);
#2284=LINE('',#15422,#2999);
#2285=LINE('',#15425,#3000);
#2286=LINE('',#15427,#3001);
#2287=LINE('',#15428,#3002);
#2288=LINE('',#15431,#3003);
#2289=LINE('',#15433,#3004);
#2290=LINE('',#15434,#3005);
#2291=LINE('',#15437,#3006);
#2292=LINE('',#15439,#3007);
#2293=LINE('',#15440,#3008);
#2294=LINE('',#15443,#3009);
#2295=LINE('',#15445,#3010);
#2296=LINE('',#15446,#3011);
#2297=LINE('',#15449,#3012);
#2298=LINE('',#15451,#3013);
#2299=LINE('',#15452,#3014);
#2300=LINE('',#15455,#3015);
#2301=LINE('',#15457,#3016);
#2302=LINE('',#15458,#3017);
#2303=LINE('',#15461,#3018);
#2304=LINE('',#15463,#3019);
#2305=LINE('',#15464,#3020);
#2306=LINE('',#15467,#3021);
#2307=LINE('',#15469,#3022);
#2308=LINE('',#15470,#3023);
#2309=LINE('',#15472,#3024);
#2310=LINE('',#15473,#3025);
#2311=LINE('',#15487,#3026);
#2312=LINE('',#15489,#3027);
#2313=LINE('',#15491,#3028);
#2314=LINE('',#15492,#3029);
#2315=LINE('',#15495,#3030);
#2316=LINE('',#15497,#3031);
#2317=LINE('',#15498,#3032);
#2318=LINE('',#15502,#3033);
#2319=LINE('',#15504,#3034);
#2320=LINE('',#15506,#3035);
#2321=LINE('',#15507,#3036);
#2322=LINE('',#15510,#3037);
#2323=LINE('',#15512,#3038);
#2324=LINE('',#15513,#3039);
#2325=LINE('',#15517,#3040);
#2326=LINE('',#15519,#3041);
#2327=LINE('',#15521,#3042);
#2328=LINE('',#15522,#3043);
#2329=LINE('',#15525,#3044);
#2330=LINE('',#15527,#3045);
#2331=LINE('',#15528,#3046);
#2332=LINE('',#15532,#3047);
#2333=LINE('',#15534,#3048);
#2334=LINE('',#15536,#3049);
#2335=LINE('',#15537,#3050);
#2336=LINE('',#15540,#3051);
#2337=LINE('',#15542,#3052);
#2338=LINE('',#15543,#3053);
#2339=LINE('',#15546,#3054);
#2340=LINE('',#15548,#3055);
#2341=LINE('',#15550,#3056);
#2342=LINE('',#15551,#3057);
#2343=LINE('',#15554,#3058);
#2344=LINE('',#15556,#3059);
#2345=LINE('',#15557,#3060);
#2346=LINE('',#15560,#3061);
#2347=LINE('',#15562,#3062);
#2348=LINE('',#15563,#3063);
#2349=LINE('',#15566,#3064);
#2350=LINE('',#15568,#3065);
#2351=LINE('',#15570,#3066);
#2352=LINE('',#15571,#3067);
#2353=LINE('',#15576,#3068);
#2354=LINE('',#15583,#3069);
#2355=LINE('',#15590,#3070);
#2356=LINE('',#15597,#3071);
#2357=LINE('',#15604,#3072);
#2358=LINE('',#15611,#3073);
#2359=LINE('',#15618,#3074);
#2360=LINE('',#15625,#3075);
#2361=LINE('',#15632,#3076);
#2362=LINE('',#15639,#3077);
#2363=LINE('',#15646,#3078);
#2364=LINE('',#15653,#3079);
#2365=LINE('',#15660,#3080);
#2366=LINE('',#15667,#3081);
#2367=LINE('',#15674,#3082);
#2368=LINE('',#15681,#3083);
#2369=LINE('',#15688,#3084);
#2370=LINE('',#15695,#3085);
#2371=LINE('',#15702,#3086);
#2372=LINE('',#15709,#3087);
#2373=LINE('',#15716,#3088);
#2374=LINE('',#15723,#3089);
#2375=LINE('',#15730,#3090);
#2376=LINE('',#15737,#3091);
#2377=LINE('',#15744,#3092);
#2378=LINE('',#15751,#3093);
#2379=LINE('',#15758,#3094);
#2380=LINE('',#15765,#3095);
#2381=LINE('',#15772,#3096);
#2382=LINE('',#15779,#3097);
#2383=LINE('',#15786,#3098);
#2384=LINE('',#15793,#3099);
#2385=LINE('',#15800,#3100);
#2386=LINE('',#15807,#3101);
#2387=LINE('',#15814,#3102);
#2388=LINE('',#15821,#3103);
#2389=LINE('',#15828,#3104);
#2390=LINE('',#15835,#3105);
#2391=LINE('',#15842,#3106);
#2392=LINE('',#15849,#3107);
#2393=LINE('',#15856,#3108);
#2394=LINE('',#15863,#3109);
#2395=LINE('',#15870,#3110);
#2396=LINE('',#15877,#3111);
#2397=LINE('',#15884,#3112);
#2398=LINE('',#15891,#3113);
#2399=LINE('',#15898,#3114);
#2400=LINE('',#15905,#3115);
#2401=LINE('',#15912,#3116);
#2402=LINE('',#15919,#3117);
#2403=LINE('',#15926,#3118);
#2404=LINE('',#15933,#3119);
#2405=LINE('',#15940,#3120);
#2406=LINE('',#15947,#3121);
#2407=LINE('',#15954,#3122);
#2408=LINE('',#15961,#3123);
#2409=LINE('',#15966,#3124);
#2410=LINE('',#15968,#3125);
#2411=LINE('',#15969,#3126);
#2412=LINE('',#15972,#3127);
#2413=LINE('',#15973,#3128);
#2414=LINE('',#15976,#3129);
#2415=LINE('',#15978,#3130);
#2416=LINE('',#15979,#3131);
#2417=LINE('',#15982,#3132);
#2418=LINE('',#15983,#3133);
#2419=LINE('',#15985,#3134);
#2420=LINE('',#15987,#3135);
#2421=LINE('',#15989,#3136);
#2422=LINE('',#15991,#3137);
#2423=LINE('',#15992,#3138);
#2424=LINE('',#15994,#3139);
#2425=LINE('',#15996,#3140);
#2426=LINE('',#15998,#3141);
#2427=LINE('',#16000,#3142);
#2428=LINE('',#16002,#3143);
#2429=LINE('',#16003,#3144);
#2430=LINE('',#16006,#3145);
#2431=LINE('',#16007,#3146);
#2432=LINE('',#16009,#3147);
#2433=LINE('',#16011,#3148);
#2434=LINE('',#16012,#3149);
#2435=LINE('',#16015,#3150);
#2436=LINE('',#16016,#3151);
#2437=LINE('',#16018,#3152);
#2438=LINE('',#16019,#3153);
#2439=VECTOR('',#9625,10.);
#2440=VECTOR('',#9626,10.);
#2441=VECTOR('',#9627,10.);
#2442=VECTOR('',#9628,10.);
#2443=VECTOR('',#9629,10.);
#2444=VECTOR('',#9630,10.);
#2445=VECTOR('',#9631,10.);
#2446=VECTOR('',#9632,10.);
#2447=VECTOR('',#9633,10.);
#2448=VECTOR('',#9634,10.);
#2449=VECTOR('',#9635,10.);
#2450=VECTOR('',#9636,10.);
#2451=VECTOR('',#9637,10.);
#2452=VECTOR('',#9638,10.);
#2453=VECTOR('',#9639,10.);
#2454=VECTOR('',#9640,10.);
#2455=VECTOR('',#9641,10.);
#2456=VECTOR('',#9642,10.);
#2457=VECTOR('',#9643,10.);
#2458=VECTOR('',#9644,10.);
#2459=VECTOR('',#9649,10.);
#2460=VECTOR('',#9650,10.);
#2461=VECTOR('',#9651,10.);
#2462=VECTOR('',#9652,10.);
#2463=VECTOR('',#9655,10.);
#2464=VECTOR('',#9656,10.);
#2465=VECTOR('',#9657,10.);
#2466=VECTOR('',#9660,10.);
#2467=VECTOR('',#9661,10.);
#2468=VECTOR('',#9662,10.);
#2469=VECTOR('',#9665,10.);
#2470=VECTOR('',#9666,10.);
#2471=VECTOR('',#9667,10.);
#2472=VECTOR('',#9670,10.);
#2473=VECTOR('',#9671,10.);
#2474=VECTOR('',#9672,10.);
#2475=VECTOR('',#9675,10.);
#2476=VECTOR('',#9676,10.);
#2477=VECTOR('',#9677,10.);
#2478=VECTOR('',#9680,10.);
#2479=VECTOR('',#9681,10.);
#2480=VECTOR('',#9682,10.);
#2481=VECTOR('',#9685,10.);
#2482=VECTOR('',#9686,10.);
#2483=VECTOR('',#9687,10.);
#2484=VECTOR('',#9690,10.);
#2485=VECTOR('',#9691,10.);
#2486=VECTOR('',#9692,10.);
#2487=VECTOR('',#9695,10.);
#2488=VECTOR('',#9696,10.);
#2489=VECTOR('',#9697,10.);
#2490=VECTOR('',#9700,10.);
#2491=VECTOR('',#9701,10.);
#2492=VECTOR('',#9702,10.);
#2493=VECTOR('',#9705,10.);
#2494=VECTOR('',#9706,10.);
#2495=VECTOR('',#9711,10.);
#2496=VECTOR('',#9712,10.);
#2497=VECTOR('',#9713,10.);
#2498=VECTOR('',#9714,10.);
#2499=VECTOR('',#9717,10.);
#2500=VECTOR('',#9718,10.);
#2501=VECTOR('',#9719,10.);
#2502=VECTOR('',#9722,10.);
#2503=VECTOR('',#9723,10.);
#2504=VECTOR('',#9724,10.);
#2505=VECTOR('',#9727,10.);
#2506=VECTOR('',#9728,10.);
#2507=VECTOR('',#9729,10.);
#2508=VECTOR('',#9732,10.);
#2509=VECTOR('',#9733,10.);
#2510=VECTOR('',#9734,10.);
#2511=VECTOR('',#9737,10.);
#2512=VECTOR('',#9738,10.);
#2513=VECTOR('',#9739,10.);
#2514=VECTOR('',#9742,10.);
#2515=VECTOR('',#9743,10.);
#2516=VECTOR('',#9744,10.);
#2517=VECTOR('',#9747,10.);
#2518=VECTOR('',#9748,10.);
#2519=VECTOR('',#9749,10.);
#2520=VECTOR('',#9752,10.);
#2521=VECTOR('',#9753,10.);
#2522=VECTOR('',#9754,10.);
#2523=VECTOR('',#9755,10.);
#2524=VECTOR('',#9756,10.);
#2525=VECTOR('',#9759,10.);
#2526=VECTOR('',#9760,10.);
#2527=VECTOR('',#9761,10.);
#2528=VECTOR('',#9764,10.);
#2529=VECTOR('',#9765,10.);
#2530=VECTOR('',#9766,10.);
#2531=VECTOR('',#9769,10.);
#2532=VECTOR('',#9770,10.);
#2533=VECTOR('',#9771,10.);
#2534=VECTOR('',#9774,10.);
#2535=VECTOR('',#9775,10.);
#2536=VECTOR('',#9780,10.);
#2537=VECTOR('',#9781,10.);
#2538=VECTOR('',#9782,10.);
#2539=VECTOR('',#9783,10.);
#2540=VECTOR('',#9786,10.);
#2541=VECTOR('',#9787,10.);
#2542=VECTOR('',#9788,10.);
#2543=VECTOR('',#9791,10.);
#2544=VECTOR('',#9792,10.);
#2545=VECTOR('',#9795,10.);
#2546=VECTOR('',#9796,10.);
#2547=VECTOR('',#9797,10.);
#2548=VECTOR('',#9798,10.);
#2549=VECTOR('',#9801,10.);
#2550=VECTOR('',#9802,10.);
#2551=VECTOR('',#9803,10.);
#2552=VECTOR('',#9806,10.);
#2553=VECTOR('',#9807,10.);
#2554=VECTOR('',#9808,10.);
#2555=VECTOR('',#9811,10.);
#2556=VECTOR('',#9812,10.);
#2557=VECTOR('',#9813,10.);
#2558=VECTOR('',#9816,10.);
#2559=VECTOR('',#9817,10.);
#2560=VECTOR('',#9818,10.);
#2561=VECTOR('',#9821,10.);
#2562=VECTOR('',#9822,10.);
#2563=VECTOR('',#9823,10.);
#2564=VECTOR('',#9826,10.);
#2565=VECTOR('',#9827,10.);
#2566=VECTOR('',#9828,10.);
#2567=VECTOR('',#9831,10.);
#2568=VECTOR('',#9832,10.);
#2569=VECTOR('',#9833,10.);
#2570=VECTOR('',#9836,10.);
#2571=VECTOR('',#9837,10.);
#2572=VECTOR('',#9838,10.);
#2573=VECTOR('',#9841,10.);
#2574=VECTOR('',#9842,10.);
#2575=VECTOR('',#9843,10.);
#2576=VECTOR('',#9846,10.);
#2577=VECTOR('',#9847,10.);
#2578=VECTOR('',#9852,10.);
#2579=VECTOR('',#9853,10.);
#2580=VECTOR('',#9854,10.);
#2581=VECTOR('',#9855,10.);
#2582=VECTOR('',#9856,10.);
#2583=VECTOR('',#9857,10.);
#2584=VECTOR('',#9860,10.);
#2585=VECTOR('',#9861,10.);
#2586=VECTOR('',#9862,10.);
#2587=VECTOR('',#9863,10.);
#2588=VECTOR('',#9864,10.);
#2589=VECTOR('',#9867,10.);
#2590=VECTOR('',#9868,10.);
#2591=VECTOR('',#9869,10.);
#2592=VECTOR('',#9872,10.);
#2593=VECTOR('',#9873,10.);
#2594=VECTOR('',#9874,10.);
#2595=VECTOR('',#9877,10.);
#2596=VECTOR('',#9878,10.);
#2597=VECTOR('',#9881,10.);
#2598=VECTOR('',#9882,10.);
#2599=VECTOR('',#9883,10.);
#2600=VECTOR('',#9884,10.);
#2601=VECTOR('',#9885,10.);
#2602=VECTOR('',#9886,10.);
#2603=VECTOR('',#9887,10.);
#2604=VECTOR('',#9888,10.);
#2605=VECTOR('',#9889,10.);
#2606=VECTOR('',#9890,10.);
#2607=VECTOR('',#9891,10.);
#2608=VECTOR('',#9892,10.);
#2609=VECTOR('',#9893,10.);
#2610=VECTOR('',#9894,10.);
#2611=VECTOR('',#9895,10.);
#2612=VECTOR('',#9896,10.);
#2613=VECTOR('',#9897,10.);
#2614=VECTOR('',#9898,10.);
#2615=VECTOR('',#9899,10.);
#2616=VECTOR('',#9900,10.);
#2617=VECTOR('',#9903,10.);
#2618=VECTOR('',#9904,10.);
#2619=VECTOR('',#9905,10.);
#2620=VECTOR('',#9908,10.);
#2621=VECTOR('',#9909,10.);
#2622=VECTOR('',#9910,10.);
#2623=VECTOR('',#9913,10.);
#2624=VECTOR('',#9914,10.);
#2625=VECTOR('',#9915,10.);
#2626=VECTOR('',#9918,10.);
#2627=VECTOR('',#9919,10.);
#2628=VECTOR('',#9922,10.);
#2629=VECTOR('',#9923,10.);
#2630=VECTOR('',#9924,10.);
#2631=VECTOR('',#9925,10.);
#2632=VECTOR('',#9928,10.);
#2633=VECTOR('',#9929,10.);
#2634=VECTOR('',#9930,10.);
#2635=VECTOR('',#9933,10.);
#2636=VECTOR('',#9934,10.);
#2637=VECTOR('',#9935,10.);
#2638=VECTOR('',#9938,10.);
#2639=VECTOR('',#9939,10.);
#2640=VECTOR('',#9940,10.);
#2641=VECTOR('',#9943,10.);
#2642=VECTOR('',#9944,10.);
#2643=VECTOR('',#9945,10.);
#2644=VECTOR('',#9948,10.);
#2645=VECTOR('',#9949,10.);
#2646=VECTOR('',#9950,10.);
#2647=VECTOR('',#9953,10.);
#2648=VECTOR('',#9954,10.);
#2649=VECTOR('',#9955,10.);
#2650=VECTOR('',#9958,10.);
#2651=VECTOR('',#9959,10.);
#2652=VECTOR('',#9962,10.);
#2653=VECTOR('',#9963,10.);
#2654=VECTOR('',#9964,10.);
#2655=VECTOR('',#9965,10.);
#2656=VECTOR('',#9966,10.);
#2657=VECTOR('',#9967,10.);
#2658=VECTOR('',#9968,10.);
#2659=VECTOR('',#9969,10.);
#2660=VECTOR('',#9970,10.);
#2661=VECTOR('',#9971,10.);
#2662=VECTOR('',#9972,10.);
#2663=VECTOR('',#9973,10.);
#2664=VECTOR('',#9974,10.);
#2665=VECTOR('',#9975,10.);
#2666=VECTOR('',#9976,10.);
#2667=VECTOR('',#9977,10.);
#2668=VECTOR('',#9978,10.);
#2669=VECTOR('',#9979,10.);
#2670=VECTOR('',#9980,10.);
#2671=VECTOR('',#9981,10.);
#2672=VECTOR('',#9982,10.);
#2673=VECTOR('',#9983,10.);
#2674=VECTOR('',#9984,10.);
#2675=VECTOR('',#9985,10.);
#2676=VECTOR('',#9986,10.);
#2677=VECTOR('',#9987,10.);
#2678=VECTOR('',#9988,10.);
#2679=VECTOR('',#9991,10.);
#2680=VECTOR('',#9992,10.);
#2681=VECTOR('',#9993,10.);
#2682=VECTOR('',#9996,10.);
#2683=VECTOR('',#9997,10.);
#2684=VECTOR('',#9998,10.);
#2685=VECTOR('',#9999,10.);
#2686=VECTOR('',#10000,10.);
#2687=VECTOR('',#10001,10.);
#2688=VECTOR('',#10002,10.);
#2689=VECTOR('',#10003,10.);
#2690=VECTOR('',#10004,10.);
#2691=VECTOR('',#10005,10.);
#2692=VECTOR('',#10006,10.);
#2693=VECTOR('',#10007,10.);
#2694=VECTOR('',#10008,10.);
#2695=VECTOR('',#10009,10.);
#2696=VECTOR('',#10010,10.);
#2697=VECTOR('',#10011,10.);
#2698=VECTOR('',#10012,10.);
#2699=VECTOR('',#10013,10.);
#2700=VECTOR('',#10014,10.);
#2701=VECTOR('',#10015,10.);
#2702=VECTOR('',#10020,10.);
#2703=VECTOR('',#10021,10.);
#2704=VECTOR('',#10022,10.);
#2705=VECTOR('',#10023,10.);
#2706=VECTOR('',#10024,10.);
#2707=VECTOR('',#10025,10.);
#2708=VECTOR('',#10028,10.);
#2709=VECTOR('',#10029,10.);
#2710=VECTOR('',#10030,10.);
#2711=VECTOR('',#10031,10.);
#2712=VECTOR('',#10032,10.);
#2713=VECTOR('',#10035,10.);
#2714=VECTOR('',#10036,10.);
#2715=VECTOR('',#10037,10.);
#2716=VECTOR('',#10040,10.);
#2717=VECTOR('',#10041,10.);
#2718=VECTOR('',#10042,10.);
#2719=VECTOR('',#10045,10.);
#2720=VECTOR('',#10046,10.);
#2721=VECTOR('',#10049,10.);
#2722=VECTOR('',#10050,10.);
#2723=VECTOR('',#10051,10.);
#2724=VECTOR('',#10052,10.);
#2725=VECTOR('',#10053,10.);
#2726=VECTOR('',#10054,10.);
#2727=VECTOR('',#10055,10.);
#2728=VECTOR('',#10056,10.);
#2729=VECTOR('',#10057,10.);
#2730=VECTOR('',#10058,10.);
#2731=VECTOR('',#10061,10.);
#2732=VECTOR('',#10062,10.);
#2733=VECTOR('',#10063,10.);
#2734=VECTOR('',#10064,10.);
#2735=VECTOR('',#10065,10.);
#2736=VECTOR('',#10066,10.);
#2737=VECTOR('',#10067,10.);
#2738=VECTOR('',#10068,10.);
#2739=VECTOR('',#10069,10.);
#2740=VECTOR('',#10070,10.);
#2741=VECTOR('',#10071,10.);
#2742=VECTOR('',#10072,10.);
#2743=VECTOR('',#10075,10.);
#2744=VECTOR('',#10076,10.);
#2745=VECTOR('',#10077,10.);
#2746=VECTOR('',#10080,10.);
#2747=VECTOR('',#10081,10.);
#2748=VECTOR('',#10082,10.);
#2749=VECTOR('',#10085,10.);
#2750=VECTOR('',#10086,10.);
#2751=VECTOR('',#10089,10.);
#2752=VECTOR('',#10090,10.);
#2753=VECTOR('',#10091,10.);
#2754=VECTOR('',#10092,10.);
#2755=VECTOR('',#10093,10.);
#2756=VECTOR('',#10094,10.);
#2757=VECTOR('',#10095,10.);
#2758=VECTOR('',#10096,10.);
#2759=VECTOR('',#10097,10.);
#2760=VECTOR('',#10098,10.);
#2761=VECTOR('',#10101,10.);
#2762=VECTOR('',#10102,10.);
#2763=VECTOR('',#10103,10.);
#2764=VECTOR('',#10104,10.);
#2765=VECTOR('',#10105,10.);
#2766=VECTOR('',#10106,10.);
#2767=VECTOR('',#10107,10.);
#2768=VECTOR('',#10108,10.);
#2769=VECTOR('',#10109,10.);
#2770=VECTOR('',#10110,10.);
#2771=VECTOR('',#10111,10.);
#2772=VECTOR('',#10112,10.);
#2773=VECTOR('',#10115,10.);
#2774=VECTOR('',#10116,10.);
#2775=VECTOR('',#10117,10.);
#2776=VECTOR('',#10120,10.);
#2777=VECTOR('',#10121,10.);
#2778=VECTOR('',#10122,10.);
#2779=VECTOR('',#10125,10.);
#2780=VECTOR('',#10126,10.);
#2781=VECTOR('',#10129,10.);
#2782=VECTOR('',#10130,10.);
#2783=VECTOR('',#10131,10.);
#2784=VECTOR('',#10132,10.);
#2785=VECTOR('',#10133,10.);
#2786=VECTOR('',#10134,10.);
#2787=VECTOR('',#10135,10.);
#2788=VECTOR('',#10136,10.);
#2789=VECTOR('',#10137,10.);
#2790=VECTOR('',#10138,10.);
#2791=VECTOR('',#10141,10.);
#2792=VECTOR('',#10142,10.);
#2793=VECTOR('',#10143,10.);
#2794=VECTOR('',#10144,10.);
#2795=VECTOR('',#10145,10.);
#2796=VECTOR('',#10146,10.);
#2797=VECTOR('',#10147,10.);
#2798=VECTOR('',#10148,10.);
#2799=VECTOR('',#10149,10.);
#2800=VECTOR('',#10150,10.);
#2801=VECTOR('',#10151,10.);
#2802=VECTOR('',#10152,10.);
#2803=VECTOR('',#10155,10.);
#2804=VECTOR('',#10156,10.);
#2805=VECTOR('',#10157,10.);
#2806=VECTOR('',#10160,10.);
#2807=VECTOR('',#10161,10.);
#2808=VECTOR('',#10162,10.);
#2809=VECTOR('',#10165,10.);
#2810=VECTOR('',#10166,10.);
#2811=VECTOR('',#10169,10.);
#2812=VECTOR('',#10170,10.);
#2813=VECTOR('',#10171,10.);
#2814=VECTOR('',#10172,10.);
#2815=VECTOR('',#10173,10.);
#2816=VECTOR('',#10174,10.);
#2817=VECTOR('',#10175,10.);
#2818=VECTOR('',#10176,10.);
#2819=VECTOR('',#10177,10.);
#2820=VECTOR('',#10178,10.);
#2821=VECTOR('',#10181,10.);
#2822=VECTOR('',#10182,10.);
#2823=VECTOR('',#10183,10.);
#2824=VECTOR('',#10184,10.);
#2825=VECTOR('',#10185,10.);
#2826=VECTOR('',#10186,10.);
#2827=VECTOR('',#10187,10.);
#2828=VECTOR('',#10188,10.);
#2829=VECTOR('',#10189,10.);
#2830=VECTOR('',#10190,10.);
#2831=VECTOR('',#10191,10.);
#2832=VECTOR('',#10192,10.);
#2833=VECTOR('',#10195,10.);
#2834=VECTOR('',#10196,10.);
#2835=VECTOR('',#10197,10.);
#2836=VECTOR('',#10200,10.);
#2837=VECTOR('',#10201,10.);
#2838=VECTOR('',#10202,10.);
#2839=VECTOR('',#10205,10.);
#2840=VECTOR('',#10206,10.);
#2841=VECTOR('',#10209,10.);
#2842=VECTOR('',#10210,10.);
#2843=VECTOR('',#10211,10.);
#2844=VECTOR('',#10212,10.);
#2845=VECTOR('',#10213,10.);
#2846=VECTOR('',#10214,10.);
#2847=VECTOR('',#10215,10.);
#2848=VECTOR('',#10216,10.);
#2849=VECTOR('',#10217,10.);
#2850=VECTOR('',#10218,10.);
#2851=VECTOR('',#10219,10.);
#2852=VECTOR('',#10220,10.);
#2853=VECTOR('',#10221,10.);
#2854=VECTOR('',#10222,10.);
#2855=VECTOR('',#10223,10.);
#2856=VECTOR('',#10224,10.);
#2857=VECTOR('',#10225,10.);
#2858=VECTOR('',#10226,10.);
#2859=VECTOR('',#10227,10.);
#2860=VECTOR('',#10228,10.);
#2861=VECTOR('',#10233,10.);
#2862=VECTOR('',#10234,10.);
#2863=VECTOR('',#10235,10.);
#2864=VECTOR('',#10236,10.);
#2865=VECTOR('',#10239,10.);
#2866=VECTOR('',#10240,10.);
#2867=VECTOR('',#10241,10.);
#2868=VECTOR('',#10244,10.);
#2869=VECTOR('',#10245,10.);
#2870=VECTOR('',#10246,10.);
#2871=VECTOR('',#10249,10.);
#2872=VECTOR('',#10250,10.);
#2873=VECTOR('',#10253,10.);
#2874=VECTOR('',#10254,10.);
#2875=VECTOR('',#10255,10.);
#2876=VECTOR('',#10256,10.);
#2877=VECTOR('',#10257,10.);
#2878=VECTOR('',#10258,10.);
#2879=VECTOR('',#10259,10.);
#2880=VECTOR('',#10260,10.);
#2881=VECTOR('',#10261,10.);
#2882=VECTOR('',#10262,10.);
#2883=VECTOR('',#10263,10.);
#2884=VECTOR('',#10264,10.);
#2885=VECTOR('',#10265,10.);
#2886=VECTOR('',#10266,10.);
#2887=VECTOR('',#10267,10.);
#2888=VECTOR('',#10268,10.);
#2889=VECTOR('',#10269,10.);
#2890=VECTOR('',#10270,10.);
#2891=VECTOR('',#10271,10.);
#2892=VECTOR('',#10272,10.);
#2893=VECTOR('',#10275,10.);
#2894=VECTOR('',#10276,10.);
#2895=VECTOR('',#10277,10.);
#2896=VECTOR('',#10278,10.);
#2897=VECTOR('',#10279,10.);
#2898=VECTOR('',#10280,10.);
#2899=VECTOR('',#10281,10.);
#2900=VECTOR('',#10282,10.);
#2901=VECTOR('',#10283,10.);
#2902=VECTOR('',#10284,10.);
#2903=VECTOR('',#10285,10.);
#2904=VECTOR('',#10286,10.);
#2905=VECTOR('',#10287,10.);
#2906=VECTOR('',#10288,10.);
#2907=VECTOR('',#10289,10.);
#2908=VECTOR('',#10290,10.);
#2909=VECTOR('',#10291,10.);
#2910=VECTOR('',#10292,10.);
#2911=VECTOR('',#10293,10.);
#2912=VECTOR('',#10294,10.);
#2913=VECTOR('',#10299,10.);
#2914=VECTOR('',#10300,10.);
#2915=VECTOR('',#10301,10.);
#2916=VECTOR('',#10302,10.);
#2917=VECTOR('',#10305,10.);
#2918=VECTOR('',#10306,10.);
#2919=VECTOR('',#10307,10.);
#2920=VECTOR('',#10310,10.);
#2921=VECTOR('',#10311,10.);
#2922=VECTOR('',#10312,10.);
#2923=VECTOR('',#10315,10.);
#2924=VECTOR('',#10316,10.);
#2925=VECTOR('',#10321,10.);
#2926=VECTOR('',#10322,10.);
#2927=VECTOR('',#10323,10.);
#2928=VECTOR('',#10324,10.);
#2929=VECTOR('',#10327,10.);
#2930=VECTOR('',#10328,10.);
#2931=VECTOR('',#10329,10.);
#2932=VECTOR('',#10332,10.);
#2933=VECTOR('',#10333,10.);
#2934=VECTOR('',#10334,10.);
#2935=VECTOR('',#10337,10.);
#2936=VECTOR('',#10338,10.);
#2937=VECTOR('',#10339,10.);
#2938=VECTOR('',#10342,10.);
#2939=VECTOR('',#10343,10.);
#2940=VECTOR('',#10344,10.);
#2941=VECTOR('',#10347,10.);
#2942=VECTOR('',#10348,10.);
#2943=VECTOR('',#10349,10.);
#2944=VECTOR('',#10352,10.);
#2945=VECTOR('',#10353,10.);
#2946=VECTOR('',#10354,10.);
#2947=VECTOR('',#10357,10.);
#2948=VECTOR('',#10358,10.);
#2949=VECTOR('',#10359,10.);
#2950=VECTOR('',#10362,10.);
#2951=VECTOR('',#10363,10.);
#2952=VECTOR('',#10364,10.);
#2953=VECTOR('',#10367,10.);
#2954=VECTOR('',#10368,10.);
#2955=VECTOR('',#10369,10.);
#2956=VECTOR('',#10372,10.);
#2957=VECTOR('',#10373,10.);
#2958=VECTOR('',#10374,10.);
#2959=VECTOR('',#10377,10.);
#2960=VECTOR('',#10378,10.);
#2961=VECTOR('',#10381,10.);
#2962=VECTOR('',#10382,10.);
#2963=VECTOR('',#10383,10.);
#2964=VECTOR('',#10384,10.);
#2965=VECTOR('',#10385,10.);
#2966=VECTOR('',#10386,10.);
#2967=VECTOR('',#10389,10.);
#2968=VECTOR('',#10390,10.);
#2969=VECTOR('',#10391,10.);
#2970=VECTOR('',#10394,10.);
#2971=VECTOR('',#10395,10.);
#2972=VECTOR('',#10396,10.);
#2973=VECTOR('',#10399,10.);
#2974=VECTOR('',#10400,10.);
#2975=VECTOR('',#10401,10.);
#2976=VECTOR('',#10402,10.);
#2977=VECTOR('',#10403,10.);
#2978=VECTOR('',#10404,10.);
#2979=VECTOR('',#10405,10.);
#2980=VECTOR('',#10406,10.);
#2981=VECTOR('',#10407,10.);
#2982=VECTOR('',#10410,10.);
#2983=VECTOR('',#10411,10.);
#2984=VECTOR('',#10412,10.);
#2985=VECTOR('',#10415,10.);
#2986=VECTOR('',#10416,10.);
#2987=VECTOR('',#10417,10.);
#2988=VECTOR('',#10420,10.);
#2989=VECTOR('',#10421,10.);
#2990=VECTOR('',#10426,10.);
#2991=VECTOR('',#10427,10.);
#2992=VECTOR('',#10428,10.);
#2993=VECTOR('',#10429,10.);
#2994=VECTOR('',#10432,10.);
#2995=VECTOR('',#10433,10.);
#2996=VECTOR('',#10434,10.);
#2997=VECTOR('',#10437,10.);
#2998=VECTOR('',#10438,10.);
#2999=VECTOR('',#10439,10.);
#3000=VECTOR('',#10442,10.);
#3001=VECTOR('',#10443,10.);
#3002=VECTOR('',#10444,10.);
#3003=VECTOR('',#10447,10.);
#3004=VECTOR('',#10448,10.);
#3005=VECTOR('',#10449,10.);
#3006=VECTOR('',#10452,10.);
#3007=VECTOR('',#10453,10.);
#3008=VECTOR('',#10454,10.);
#3009=VECTOR('',#10457,10.);
#3010=VECTOR('',#10458,10.);
#3011=VECTOR('',#10459,10.);
#3012=VECTOR('',#10462,10.);
#3013=VECTOR('',#10463,10.);
#3014=VECTOR('',#10464,10.);
#3015=VECTOR('',#10467,10.);
#3016=VECTOR('',#10468,10.);
#3017=VECTOR('',#10469,10.);
#3018=VECTOR('',#10472,10.);
#3019=VECTOR('',#10473,10.);
#3020=VECTOR('',#10474,10.);
#3021=VECTOR('',#10477,10.);
#3022=VECTOR('',#10478,10.);
#3023=VECTOR('',#10479,10.);
#3024=VECTOR('',#10482,10.);
#3025=VECTOR('',#10483,10.);
#3026=VECTOR('',#10506,10.);
#3027=VECTOR('',#10507,10.);
#3028=VECTOR('',#10508,10.);
#3029=VECTOR('',#10509,10.);
#3030=VECTOR('',#10512,10.);
#3031=VECTOR('',#10513,10.);
#3032=VECTOR('',#10514,10.);
#3033=VECTOR('',#10517,10.);
#3034=VECTOR('',#10518,10.);
#3035=VECTOR('',#10519,10.);
#3036=VECTOR('',#10520,10.);
#3037=VECTOR('',#10523,10.);
#3038=VECTOR('',#10524,10.);
#3039=VECTOR('',#10525,10.);
#3040=VECTOR('',#10528,10.);
#3041=VECTOR('',#10529,10.);
#3042=VECTOR('',#10530,10.);
#3043=VECTOR('',#10531,10.);
#3044=VECTOR('',#10534,10.);
#3045=VECTOR('',#10535,10.);
#3046=VECTOR('',#10536,10.);
#3047=VECTOR('',#10539,10.);
#3048=VECTOR('',#10540,10.);
#3049=VECTOR('',#10541,10.);
#3050=VECTOR('',#10542,10.);
#3051=VECTOR('',#10545,10.);
#3052=VECTOR('',#10546,10.);
#3053=VECTOR('',#10547,10.);
#3054=VECTOR('',#10550,10.);
#3055=VECTOR('',#10551,10.);
#3056=VECTOR('',#10552,10.);
#3057=VECTOR('',#10553,10.);
#3058=VECTOR('',#10556,10.);
#3059=VECTOR('',#10557,10.);
#3060=VECTOR('',#10558,10.);
#3061=VECTOR('',#10561,10.);
#3062=VECTOR('',#10562,10.);
#3063=VECTOR('',#10563,10.);
#3064=VECTOR('',#10566,10.);
#3065=VECTOR('',#10567,10.);
#3066=VECTOR('',#10568,10.);
#3067=VECTOR('',#10569,10.);
#3068=VECTOR('',#10574,0.4);
#3069=VECTOR('',#10583,0.4);
#3070=VECTOR('',#10592,0.4);
#3071=VECTOR('',#10601,0.4);
#3072=VECTOR('',#10610,0.4);
#3073=VECTOR('',#10619,0.4);
#3074=VECTOR('',#10628,0.4);
#3075=VECTOR('',#10637,0.4);
#3076=VECTOR('',#10646,0.400000000000001);
#3077=VECTOR('',#10655,0.4);
#3078=VECTOR('',#10664,0.4);
#3079=VECTOR('',#10673,0.4);
#3080=VECTOR('',#10682,0.4);
#3081=VECTOR('',#10691,0.400000000000001);
#3082=VECTOR('',#10700,0.4);
#3083=VECTOR('',#10709,0.4);
#3084=VECTOR('',#10718,0.4);
#3085=VECTOR('',#10727,0.4);
#3086=VECTOR('',#10736,0.4);
#3087=VECTOR('',#10745,0.400000000000001);
#3088=VECTOR('',#10754,0.4);
#3089=VECTOR('',#10763,0.4);
#3090=VECTOR('',#10772,0.4);
#3091=VECTOR('',#10781,0.4);
#3092=VECTOR('',#10790,0.400000000000001);
#3093=VECTOR('',#10799,0.4);
#3094=VECTOR('',#10808,0.4);
#3095=VECTOR('',#10817,0.4);
#3096=VECTOR('',#10826,0.4);
#3097=VECTOR('',#10835,0.4);
#3098=VECTOR('',#10844,0.4);
#3099=VECTOR('',#10853,0.4);
#3100=VECTOR('',#10862,0.4);
#3101=VECTOR('',#10871,0.4);
#3102=VECTOR('',#10880,0.400000000000002);
#3103=VECTOR('',#10889,0.4);
#3104=VECTOR('',#10898,0.4);
#3105=VECTOR('',#10907,0.4);
#3106=VECTOR('',#10916,0.4);
#3107=VECTOR('',#10925,0.4);
#3108=VECTOR('',#10934,0.400000000000001);
#3109=VECTOR('',#10943,0.4);
#3110=VECTOR('',#10952,0.4);
#3111=VECTOR('',#10961,0.4);
#3112=VECTOR('',#10970,0.4);
#3113=VECTOR('',#10979,0.4);
#3114=VECTOR('',#10988,0.4);
#3115=VECTOR('',#10997,0.4);
#3116=VECTOR('',#11006,0.225);
#3117=VECTOR('',#11015,0.225);
#3118=VECTOR('',#11024,0.225);
#3119=VECTOR('',#11033,0.225);
#3120=VECTOR('',#11042,0.225);
#3121=VECTOR('',#11051,0.225);
#3122=VECTOR('',#11060,0.225);
#3123=VECTOR('',#11069,0.225);
#3124=VECTOR('',#11076,10.);
#3125=VECTOR('',#11077,10.);
#3126=VECTOR('',#11078,10.);
#3127=VECTOR('',#11081,10.);
#3128=VECTOR('',#11082,10.);
#3129=VECTOR('',#11085,10.);
#3130=VECTOR('',#11086,10.);
#3131=VECTOR('',#11087,10.);
#3132=VECTOR('',#11090,10.);
#3133=VECTOR('',#11091,10.);
#3134=VECTOR('',#11094,10.);
#3135=VECTOR('',#11095,10.);
#3136=VECTOR('',#11096,10.);
#3137=VECTOR('',#11097,10.);
#3138=VECTOR('',#11098,10.);
#3139=VECTOR('',#11101,10.);
#3140=VECTOR('',#11104,10.);
#3141=VECTOR('',#11105,10.);
#3142=VECTOR('',#11106,10.);
#3143=VECTOR('',#11107,10.);
#3144=VECTOR('',#11108,10.);
#3145=VECTOR('',#11111,10.);
#3146=VECTOR('',#11112,10.);
#3147=VECTOR('',#11115,10.);
#3148=VECTOR('',#11118,10.);
#3149=VECTOR('',#11119,10.);
#3150=VECTOR('',#11122,10.);
#3151=VECTOR('',#11123,10.);
#3152=VECTOR('',#11126,10.);
#3153=VECTOR('',#11127,10.);
#3154=B_SPLINE_CURVE_WITH_KNOTS('',2,(#11141,#11142,#11143),
 .UNSPECIFIED.,.F.,.F.,(3,3),(0.,1.),.UNSPECIFIED.);
#3155=B_SPLINE_CURVE_WITH_KNOTS('',2,(#11147,#11148,#11149),
 .UNSPECIFIED.,.F.,.F.,(3,3),(0.,1.),.UNSPECIFIED.);
#3156=B_SPLINE_CURVE_WITH_KNOTS('',2,(#11158,#11159,#11160),
 .UNSPECIFIED.,.F.,.F.,(3,3),(0.,1.),.UNSPECIFIED.);
#3157=B_SPLINE_CURVE_WITH_KNOTS('',2,(#11163,#11164,#11165),
 .UNSPECIFIED.,.F.,.F.,(3,3),(0.,1.),.UNSPECIFIED.);
#3158=B_SPLINE_CURVE_WITH_KNOTS('',2,(#11173,#11174,#11175),
 .UNSPECIFIED.,.F.,.F.,(3,3),(0.,1.),.UNSPECIFIED.);
#3159=B_SPLINE_CURVE_WITH_KNOTS('',2,(#11178,#11179,#11180),
 .UNSPECIFIED.,.F.,.F.,(3,3),(0.,1.),.UNSPECIFIED.);
#3160=B_SPLINE_CURVE_WITH_KNOTS('',2,(#11188,#11189,#11190),
 .UNSPECIFIED.,.F.,.F.,(3,3),(0.,1.),.UNSPECIFIED.);
#3161=B_SPLINE_CURVE_WITH_KNOTS('',2,(#11193,#11194,#11195),
 .UNSPECIFIED.,.F.,.F.,(3,3),(0.,1.),.UNSPECIFIED.);
#3162=B_SPLINE_CURVE_WITH_KNOTS('',2,(#11203,#11204,#11205),
 .UNSPECIFIED.,.F.,.F.,(3,3),(0.,1.),.UNSPECIFIED.);
#3163=B_SPLINE_CURVE_WITH_KNOTS('',2,(#11208,#11209,#11210),
 .UNSPECIFIED.,.F.,.F.,(3,3),(0.,1.),.UNSPECIFIED.);
#3164=B_SPLINE_CURVE_WITH_KNOTS('',2,(#11218,#11219,#11220),
 .UNSPECIFIED.,.F.,.F.,(3,3),(0.,1.),.UNSPECIFIED.);
#3165=B_SPLINE_CURVE_WITH_KNOTS('',2,(#11223,#11224,#11225),
 .UNSPECIFIED.,.F.,.F.,(3,3),(0.,1.),.UNSPECIFIED.);
#3166=B_SPLINE_CURVE_WITH_KNOTS('',2,(#11233,#11234,#11235),
 .UNSPECIFIED.,.F.,.F.,(3,3),(0.,1.),.UNSPECIFIED.);
#3167=B_SPLINE_CURVE_WITH_KNOTS('',2,(#11238,#11239,#11240),
 .UNSPECIFIED.,.F.,.F.,(3,3),(0.,1.),.UNSPECIFIED.);
#3168=B_SPLINE_CURVE_WITH_KNOTS('',2,(#11248,#11249,#11250),
 .UNSPECIFIED.,.F.,.F.,(3,3),(0.,1.),.UNSPECIFIED.);
#3169=B_SPLINE_CURVE_WITH_KNOTS('',2,(#11253,#11254,#11255),
 .UNSPECIFIED.,.F.,.F.,(3,3),(0.,1.),.UNSPECIFIED.);
#3170=B_SPLINE_CURVE_WITH_KNOTS('',2,(#11262,#11263,#11264),
 .UNSPECIFIED.,.F.,.F.,(3,3),(0.,1.),.UNSPECIFIED.);
#3171=B_SPLINE_CURVE_WITH_KNOTS('',2,(#11265,#11266,#11267),
 .UNSPECIFIED.,.F.,.F.,(3,3),(0.,1.),.UNSPECIFIED.);
#3172=B_SPLINE_CURVE_WITH_KNOTS('',2,(#11276,#11277,#11278),
 .UNSPECIFIED.,.F.,.F.,(3,3),(0.,1.),.UNSPECIFIED.);
#3173=B_SPLINE_CURVE_WITH_KNOTS('',2,(#11282,#11283,#11284),
 .UNSPECIFIED.,.F.,.F.,(3,3),(0.,1.),.UNSPECIFIED.);
#3174=B_SPLINE_CURVE_WITH_KNOTS('',2,(#11293,#11294,#11295),
 .UNSPECIFIED.,.F.,.F.,(3,3),(0.,1.),.UNSPECIFIED.);
#3175=B_SPLINE_CURVE_WITH_KNOTS('',2,(#11298,#11299,#11300),
 .UNSPECIFIED.,.F.,.F.,(3,3),(0.,1.),.UNSPECIFIED.);
#3176=B_SPLINE_CURVE_WITH_KNOTS('',2,(#11308,#11309,#11310),
 .UNSPECIFIED.,.F.,.F.,(3,3),(0.,1.),.UNSPECIFIED.);
#3177=B_SPLINE_CURVE_WITH_KNOTS('',2,(#11313,#11314,#11315),
 .UNSPECIFIED.,.F.,.F.,(3,3),(0.,1.),.UNSPECIFIED.);
#3178=B_SPLINE_CURVE_WITH_KNOTS('',2,(#11323,#11324,#11325),
 .UNSPECIFIED.,.F.,.F.,(3,3),(0.,1.),.UNSPECIFIED.);
#3179=B_SPLINE_CURVE_WITH_KNOTS('',2,(#11328,#11329,#11330),
 .UNSPECIFIED.,.F.,.F.,(3,3),(0.,1.),.UNSPECIFIED.);
#3180=B_SPLINE_CURVE_WITH_KNOTS('',2,(#11338,#11339,#11340),
 .UNSPECIFIED.,.F.,.F.,(3,3),(0.,1.),.UNSPECIFIED.);
#3181=B_SPLINE_CURVE_WITH_KNOTS('',2,(#11343,#11344,#11345),
 .UNSPECIFIED.,.F.,.F.,(3,3),(0.,1.),.UNSPECIFIED.);
#3182=B_SPLINE_CURVE_WITH_KNOTS('',2,(#11353,#11354,#11355),
 .UNSPECIFIED.,.F.,.F.,(3,3),(0.,1.),.UNSPECIFIED.);
#3183=B_SPLINE_CURVE_WITH_KNOTS('',2,(#11358,#11359,#11360),
 .UNSPECIFIED.,.F.,.F.,(3,3),(0.,1.),.UNSPECIFIED.);
#3184=B_SPLINE_CURVE_WITH_KNOTS('',2,(#11368,#11369,#11370),
 .UNSPECIFIED.,.F.,.F.,(3,3),(0.,1.),.UNSPECIFIED.);
#3185=B_SPLINE_CURVE_WITH_KNOTS('',2,(#11373,#11374,#11375),
 .UNSPECIFIED.,.F.,.F.,(3,3),(0.,1.),.UNSPECIFIED.);
#3186=B_SPLINE_CURVE_WITH_KNOTS('',2,(#11383,#11384,#11385),
 .UNSPECIFIED.,.F.,.F.,(3,3),(0.,1.),.UNSPECIFIED.);
#3187=B_SPLINE_CURVE_WITH_KNOTS('',2,(#11388,#11389,#11390),
 .UNSPECIFIED.,.F.,.F.,(3,3),(0.,1.),.UNSPECIFIED.);
#3188=B_SPLINE_CURVE_WITH_KNOTS('',2,(#11398,#11399,#11400),
 .UNSPECIFIED.,.F.,.F.,(3,3),(0.,1.),.UNSPECIFIED.);
#3189=B_SPLINE_CURVE_WITH_KNOTS('',2,(#11403,#11404,#11405),
 .UNSPECIFIED.,.F.,.F.,(3,3),(0.,1.),.UNSPECIFIED.);
#3190=B_SPLINE_CURVE_WITH_KNOTS('',2,(#11413,#11414,#11415),
 .UNSPECIFIED.,.F.,.F.,(3,3),(0.,1.),.UNSPECIFIED.);
#3191=B_SPLINE_CURVE_WITH_KNOTS('',2,(#11418,#11419,#11420),
 .UNSPECIFIED.,.F.,.F.,(3,3),(0.,1.),.UNSPECIFIED.);
#3192=B_SPLINE_CURVE_WITH_KNOTS('',2,(#11427,#11428,#11429),
 .UNSPECIFIED.,.F.,.F.,(3,3),(0.,1.),.UNSPECIFIED.);
#3193=B_SPLINE_CURVE_WITH_KNOTS('',2,(#11430,#11431,#11432),
 .UNSPECIFIED.,.F.,.F.,(3,3),(0.,1.),.UNSPECIFIED.);
#3194=B_SPLINE_CURVE_WITH_KNOTS('',2,(#11571,#11572,#11573),
 .UNSPECIFIED.,.F.,.F.,(3,3),(0.,1.),.UNSPECIFIED.);
#3195=B_SPLINE_CURVE_WITH_KNOTS('',2,(#11576,#11577,#11578),
 .UNSPECIFIED.,.F.,.F.,(3,3),(0.,1.),.UNSPECIFIED.);
#3196=B_SPLINE_CURVE_WITH_KNOTS('',2,(#11586,#11587,#11588),
 .UNSPECIFIED.,.F.,.F.,(3,3),(0.,1.),.UNSPECIFIED.);
#3197=B_SPLINE_CURVE_WITH_KNOTS('',2,(#11591,#11592,#11593),
 .UNSPECIFIED.,.F.,.F.,(3,3),(0.,1.),.UNSPECIFIED.);
#3198=B_SPLINE_CURVE_WITH_KNOTS('',2,(#11717,#11718,#11719),
 .UNSPECIFIED.,.F.,.F.,(3,3),(0.,1.),.UNSPECIFIED.);
#3199=B_SPLINE_CURVE_WITH_KNOTS('',2,(#11722,#11723,#11724),
 .UNSPECIFIED.,.F.,.F.,(3,3),(0.,1.),.UNSPECIFIED.);
#3200=B_SPLINE_CURVE_WITH_KNOTS('',2,(#11732,#11733,#11734),
 .UNSPECIFIED.,.F.,.F.,(3,3),(0.,1.),.UNSPECIFIED.);
#3201=B_SPLINE_CURVE_WITH_KNOTS('',2,(#11737,#11738,#11739),
 .UNSPECIFIED.,.F.,.F.,(3,3),(0.,1.),.UNSPECIFIED.);
#3202=B_SPLINE_CURVE_WITH_KNOTS('',2,(#11753,#11754,#11755),
 .UNSPECIFIED.,.F.,.F.,(3,3),(0.,1.),.UNSPECIFIED.);
#3203=B_SPLINE_CURVE_WITH_KNOTS('',2,(#11758,#11759,#11760),
 .UNSPECIFIED.,.F.,.F.,(3,3),(0.,1.),.UNSPECIFIED.);
#3204=B_SPLINE_CURVE_WITH_KNOTS('',2,(#11768,#11769,#11770),
 .UNSPECIFIED.,.F.,.F.,(3,3),(0.,1.),.UNSPECIFIED.);
#3205=B_SPLINE_CURVE_WITH_KNOTS('',2,(#11773,#11774,#11775),
 .UNSPECIFIED.,.F.,.F.,(3,3),(0.,1.),.UNSPECIFIED.);
#3206=B_SPLINE_CURVE_WITH_KNOTS('',2,(#11800,#11801,#11802),
 .UNSPECIFIED.,.F.,.F.,(3,3),(0.,1.),.UNSPECIFIED.);
#3207=B_SPLINE_CURVE_WITH_KNOTS('',2,(#11806,#11807,#11808),
 .UNSPECIFIED.,.F.,.F.,(3,3),(0.,1.),.UNSPECIFIED.);
#3208=B_SPLINE_CURVE_WITH_KNOTS('',2,(#11817,#11818,#11819),
 .UNSPECIFIED.,.F.,.F.,(3,3),(0.,1.),.UNSPECIFIED.);
#3209=B_SPLINE_CURVE_WITH_KNOTS('',2,(#11822,#11823,#11824),
 .UNSPECIFIED.,.F.,.F.,(3,3),(0.,1.),.UNSPECIFIED.);
#3210=B_SPLINE_CURVE_WITH_KNOTS('',2,(#11832,#11833,#11834),
 .UNSPECIFIED.,.F.,.F.,(3,3),(0.,1.),.UNSPECIFIED.);
#3211=B_SPLINE_CURVE_WITH_KNOTS('',2,(#11837,#11838,#11839),
 .UNSPECIFIED.,.F.,.F.,(3,3),(0.,1.),.UNSPECIFIED.);
#3212=B_SPLINE_CURVE_WITH_KNOTS('',2,(#11847,#11848,#11849),
 .UNSPECIFIED.,.F.,.F.,(3,3),(0.,1.),.UNSPECIFIED.);
#3213=B_SPLINE_CURVE_WITH_KNOTS('',2,(#11852,#11853,#11854),
 .UNSPECIFIED.,.F.,.F.,(3,3),(0.,1.),.UNSPECIFIED.);
#3214=B_SPLINE_CURVE_WITH_KNOTS('',2,(#11862,#11863,#11864),
 .UNSPECIFIED.,.F.,.F.,(3,3),(0.,1.),.UNSPECIFIED.);
#3215=B_SPLINE_CURVE_WITH_KNOTS('',2,(#11867,#11868,#11869),
 .UNSPECIFIED.,.F.,.F.,(3,3),(0.,1.),.UNSPECIFIED.);
#3216=B_SPLINE_CURVE_WITH_KNOTS('',2,(#11877,#11878,#11879),
 .UNSPECIFIED.,.F.,.F.,(3,3),(0.,1.),.UNSPECIFIED.);
#3217=B_SPLINE_CURVE_WITH_KNOTS('',2,(#11882,#11883,#11884),
 .UNSPECIFIED.,.F.,.F.,(3,3),(0.,1.),.UNSPECIFIED.);
#3218=B_SPLINE_CURVE_WITH_KNOTS('',2,(#11892,#11893,#11894),
 .UNSPECIFIED.,.F.,.F.,(3,3),(0.,1.),.UNSPECIFIED.);
#3219=B_SPLINE_CURVE_WITH_KNOTS('',2,(#11897,#11898,#11899),
 .UNSPECIFIED.,.F.,.F.,(3,3),(0.,1.),.UNSPECIFIED.);
#3220=B_SPLINE_CURVE_WITH_KNOTS('',2,(#11906,#11907,#11908),
 .UNSPECIFIED.,.F.,.F.,(3,3),(0.,1.),.UNSPECIFIED.);
#3221=B_SPLINE_CURVE_WITH_KNOTS('',2,(#11909,#11910,#11911),
 .UNSPECIFIED.,.F.,.F.,(3,3),(0.,1.),.UNSPECIFIED.);
#3222=B_SPLINE_CURVE_WITH_KNOTS('',2,(#11920,#11921,#11922),
 .UNSPECIFIED.,.F.,.F.,(3,3),(0.,1.),.UNSPECIFIED.);
#3223=B_SPLINE_CURVE_WITH_KNOTS('',2,(#11926,#11927,#11928),
 .UNSPECIFIED.,.F.,.F.,(3,3),(0.,1.),.UNSPECIFIED.);
#3224=B_SPLINE_CURVE_WITH_KNOTS('',2,(#11937,#11938,#11939),
 .UNSPECIFIED.,.F.,.F.,(3,3),(0.,1.),.UNSPECIFIED.);
#3225=B_SPLINE_CURVE_WITH_KNOTS('',2,(#11942,#11943,#11944),
 .UNSPECIFIED.,.F.,.F.,(3,3),(0.,1.),.UNSPECIFIED.);
#3226=B_SPLINE_CURVE_WITH_KNOTS('',2,(#11952,#11953,#11954),
 .UNSPECIFIED.,.F.,.F.,(3,3),(0.,1.),.UNSPECIFIED.);
#3227=B_SPLINE_CURVE_WITH_KNOTS('',2,(#11957,#11958,#11959),
 .UNSPECIFIED.,.F.,.F.,(3,3),(0.,1.),.UNSPECIFIED.);
#3228=B_SPLINE_CURVE_WITH_KNOTS('',2,(#11967,#11968,#11969),
 .UNSPECIFIED.,.F.,.F.,(3,3),(0.,1.),.UNSPECIFIED.);
#3229=B_SPLINE_CURVE_WITH_KNOTS('',2,(#11972,#11973,#11974),
 .UNSPECIFIED.,.F.,.F.,(3,3),(0.,1.),.UNSPECIFIED.);
#3230=B_SPLINE_CURVE_WITH_KNOTS('',2,(#11982,#11983,#11984),
 .UNSPECIFIED.,.F.,.F.,(3,3),(0.,1.),.UNSPECIFIED.);
#3231=B_SPLINE_CURVE_WITH_KNOTS('',2,(#11987,#11988,#11989),
 .UNSPECIFIED.,.F.,.F.,(3,3),(0.,1.),.UNSPECIFIED.);
#3232=B_SPLINE_CURVE_WITH_KNOTS('',2,(#11997,#11998,#11999),
 .UNSPECIFIED.,.F.,.F.,(3,3),(0.,1.),.UNSPECIFIED.);
#3233=B_SPLINE_CURVE_WITH_KNOTS('',2,(#12002,#12003,#12004),
 .UNSPECIFIED.,.F.,.F.,(3,3),(0.,1.),.UNSPECIFIED.);
#3234=B_SPLINE_CURVE_WITH_KNOTS('',2,(#12012,#12013,#12014),
 .UNSPECIFIED.,.F.,.F.,(3,3),(0.,1.),.UNSPECIFIED.);
#3235=B_SPLINE_CURVE_WITH_KNOTS('',2,(#12017,#12018,#12019),
 .UNSPECIFIED.,.F.,.F.,(3,3),(0.,1.),.UNSPECIFIED.);
#3236=B_SPLINE_CURVE_WITH_KNOTS('',2,(#12027,#12028,#12029),
 .UNSPECIFIED.,.F.,.F.,(3,3),(0.,1.),.UNSPECIFIED.);
#3237=B_SPLINE_CURVE_WITH_KNOTS('',2,(#12032,#12033,#12034),
 .UNSPECIFIED.,.F.,.F.,(3,3),(0.,1.),.UNSPECIFIED.);
#3238=B_SPLINE_CURVE_WITH_KNOTS('',2,(#12042,#12043,#12044),
 .UNSPECIFIED.,.F.,.F.,(3,3),(0.,1.),.UNSPECIFIED.);
#3239=B_SPLINE_CURVE_WITH_KNOTS('',2,(#12047,#12048,#12049),
 .UNSPECIFIED.,.F.,.F.,(3,3),(0.,1.),.UNSPECIFIED.);
#3240=B_SPLINE_CURVE_WITH_KNOTS('',2,(#12057,#12058,#12059),
 .UNSPECIFIED.,.F.,.F.,(3,3),(0.,1.),.UNSPECIFIED.);
#3241=B_SPLINE_CURVE_WITH_KNOTS('',2,(#12062,#12063,#12064),
 .UNSPECIFIED.,.F.,.F.,(3,3),(0.,1.),.UNSPECIFIED.);
#3242=B_SPLINE_CURVE_WITH_KNOTS('',2,(#12072,#12073,#12074),
 .UNSPECIFIED.,.F.,.F.,(3,3),(0.,1.),.UNSPECIFIED.);
#3243=B_SPLINE_CURVE_WITH_KNOTS('',2,(#12077,#12078,#12079),
 .UNSPECIFIED.,.F.,.F.,(3,3),(0.,1.),.UNSPECIFIED.);
#3244=B_SPLINE_CURVE_WITH_KNOTS('',2,(#12086,#12087,#12088),
 .UNSPECIFIED.,.F.,.F.,(3,3),(0.,1.),.UNSPECIFIED.);
#3245=B_SPLINE_CURVE_WITH_KNOTS('',2,(#12089,#12090,#12091),
 .UNSPECIFIED.,.F.,.F.,(3,3),(0.,1.),.UNSPECIFIED.);
#3246=B_SPLINE_CURVE_WITH_KNOTS('',2,(#12101,#12102,#12103),
 .UNSPECIFIED.,.F.,.F.,(3,3),(0.,1.),.UNSPECIFIED.);
#3247=B_SPLINE_CURVE_WITH_KNOTS('',2,(#12107,#12108,#12109),
 .UNSPECIFIED.,.F.,.F.,(3,3),(0.,1.),.UNSPECIFIED.);
#3248=B_SPLINE_CURVE_WITH_KNOTS('',2,(#12118,#12119,#12120),
 .UNSPECIFIED.,.F.,.F.,(3,3),(0.,1.),.UNSPECIFIED.);
#3249=B_SPLINE_CURVE_WITH_KNOTS('',2,(#12123,#12124,#12125),
 .UNSPECIFIED.,.F.,.F.,(3,3),(0.,1.),.UNSPECIFIED.);
#3250=B_SPLINE_CURVE_WITH_KNOTS('',2,(#12198,#12199,#12200),
 .UNSPECIFIED.,.F.,.F.,(3,3),(0.,1.),.UNSPECIFIED.);
#3251=B_SPLINE_CURVE_WITH_KNOTS('',2,(#12204,#12205,#12206),
 .UNSPECIFIED.,.F.,.F.,(3,3),(0.,1.),.UNSPECIFIED.);
#3252=B_SPLINE_CURVE_WITH_KNOTS('',2,(#12215,#12216,#12217),
 .UNSPECIFIED.,.F.,.F.,(3,3),(0.,1.),.UNSPECIFIED.);
#3253=B_SPLINE_CURVE_WITH_KNOTS('',2,(#12220,#12221,#12222),
 .UNSPECIFIED.,.F.,.F.,(3,3),(0.,1.),.UNSPECIFIED.);
#3254=B_SPLINE_CURVE_WITH_KNOTS('',2,(#12230,#12231,#12232),
 .UNSPECIFIED.,.F.,.F.,(3,3),(0.,1.),.UNSPECIFIED.);
#3255=B_SPLINE_CURVE_WITH_KNOTS('',2,(#12235,#12236,#12237),
 .UNSPECIFIED.,.F.,.F.,(3,3),(0.,1.),.UNSPECIFIED.);
#3256=B_SPLINE_CURVE_WITH_KNOTS('',2,(#12245,#12246,#12247),
 .UNSPECIFIED.,.F.,.F.,(3,3),(0.,1.),.UNSPECIFIED.);
#3257=B_SPLINE_CURVE_WITH_KNOTS('',2,(#12250,#12251,#12252),
 .UNSPECIFIED.,.F.,.F.,(3,3),(0.,1.),.UNSPECIFIED.);
#3258=B_SPLINE_CURVE_WITH_KNOTS('',2,(#12260,#12261,#12262),
 .UNSPECIFIED.,.F.,.F.,(3,3),(0.,1.),.UNSPECIFIED.);
#3259=B_SPLINE_CURVE_WITH_KNOTS('',2,(#12265,#12266,#12267),
 .UNSPECIFIED.,.F.,.F.,(3,3),(0.,1.),.UNSPECIFIED.);
#3260=B_SPLINE_CURVE_WITH_KNOTS('',2,(#12275,#12276,#12277),
 .UNSPECIFIED.,.F.,.F.,(3,3),(0.,1.),.UNSPECIFIED.);
#3261=B_SPLINE_CURVE_WITH_KNOTS('',2,(#12280,#12281,#12282),
 .UNSPECIFIED.,.F.,.F.,(3,3),(0.,1.),.UNSPECIFIED.);
#3262=B_SPLINE_CURVE_WITH_KNOTS('',2,(#12290,#12291,#12292),
 .UNSPECIFIED.,.F.,.F.,(3,3),(0.,1.),.UNSPECIFIED.);
#3263=B_SPLINE_CURVE_WITH_KNOTS('',2,(#12295,#12296,#12297),
 .UNSPECIFIED.,.F.,.F.,(3,3),(0.,1.),.UNSPECIFIED.);
#3264=B_SPLINE_CURVE_WITH_KNOTS('',2,(#12305,#12306,#12307),
 .UNSPECIFIED.,.F.,.F.,(3,3),(0.,1.),.UNSPECIFIED.);
#3265=B_SPLINE_CURVE_WITH_KNOTS('',2,(#12310,#12311,#12312),
 .UNSPECIFIED.,.F.,.F.,(3,3),(0.,1.),.UNSPECIFIED.);
#3266=B_SPLINE_CURVE_WITH_KNOTS('',2,(#12319,#12320,#12321),
 .UNSPECIFIED.,.F.,.F.,(3,3),(0.,1.),.UNSPECIFIED.);
#3267=B_SPLINE_CURVE_WITH_KNOTS('',2,(#12322,#12323,#12324),
 .UNSPECIFIED.,.F.,.F.,(3,3),(0.,1.),.UNSPECIFIED.);
#3268=B_SPLINE_CURVE_WITH_KNOTS('',2,(#12333,#12334,#12335),
 .UNSPECIFIED.,.F.,.F.,(3,3),(0.,1.),.UNSPECIFIED.);
#3269=B_SPLINE_CURVE_WITH_KNOTS('',2,(#12339,#12340,#12341),
 .UNSPECIFIED.,.F.,.F.,(3,3),(0.,1.),.UNSPECIFIED.);
#3270=B_SPLINE_CURVE_WITH_KNOTS('',2,(#12350,#12351,#12352),
 .UNSPECIFIED.,.F.,.F.,(3,3),(0.,1.),.UNSPECIFIED.);
#3271=B_SPLINE_CURVE_WITH_KNOTS('',2,(#12355,#12356,#12357),
 .UNSPECIFIED.,.F.,.F.,(3,3),(0.,1.),.UNSPECIFIED.);
#3272=B_SPLINE_CURVE_WITH_KNOTS('',2,(#12365,#12366,#12367),
 .UNSPECIFIED.,.F.,.F.,(3,3),(0.,1.),.UNSPECIFIED.);
#3273=B_SPLINE_CURVE_WITH_KNOTS('',2,(#12370,#12371,#12372),
 .UNSPECIFIED.,.F.,.F.,(3,3),(0.,1.),.UNSPECIFIED.);
#3274=B_SPLINE_CURVE_WITH_KNOTS('',2,(#12380,#12381,#12382),
 .UNSPECIFIED.,.F.,.F.,(3,3),(0.,1.),.UNSPECIFIED.);
#3275=B_SPLINE_CURVE_WITH_KNOTS('',2,(#12385,#12386,#12387),
 .UNSPECIFIED.,.F.,.F.,(3,3),(0.,1.),.UNSPECIFIED.);
#3276=B_SPLINE_CURVE_WITH_KNOTS('',2,(#12395,#12396,#12397),
 .UNSPECIFIED.,.F.,.F.,(3,3),(0.,1.),.UNSPECIFIED.);
#3277=B_SPLINE_CURVE_WITH_KNOTS('',2,(#12400,#12401,#12402),
 .UNSPECIFIED.,.F.,.F.,(3,3),(0.,1.),.UNSPECIFIED.);
#3278=B_SPLINE_CURVE_WITH_KNOTS('',2,(#12410,#12411,#12412),
 .UNSPECIFIED.,.F.,.F.,(3,3),(0.,1.),.UNSPECIFIED.);
#3279=B_SPLINE_CURVE_WITH_KNOTS('',2,(#12415,#12416,#12417),
 .UNSPECIFIED.,.F.,.F.,(3,3),(0.,1.),.UNSPECIFIED.);
#3280=B_SPLINE_CURVE_WITH_KNOTS('',2,(#12425,#12426,#12427),
 .UNSPECIFIED.,.F.,.F.,(3,3),(0.,1.),.UNSPECIFIED.);
#3281=B_SPLINE_CURVE_WITH_KNOTS('',2,(#12430,#12431,#12432),
 .UNSPECIFIED.,.F.,.F.,(3,3),(0.,1.),.UNSPECIFIED.);
#3282=B_SPLINE_CURVE_WITH_KNOTS('',2,(#12440,#12441,#12442),
 .UNSPECIFIED.,.F.,.F.,(3,3),(0.,1.),.UNSPECIFIED.);
#3283=B_SPLINE_CURVE_WITH_KNOTS('',2,(#12445,#12446,#12447),
 .UNSPECIFIED.,.F.,.F.,(3,3),(0.,1.),.UNSPECIFIED.);
#3284=B_SPLINE_CURVE_WITH_KNOTS('',2,(#12455,#12456,#12457),
 .UNSPECIFIED.,.F.,.F.,(3,3),(0.,1.),.UNSPECIFIED.);
#3285=B_SPLINE_CURVE_WITH_KNOTS('',2,(#12460,#12461,#12462),
 .UNSPECIFIED.,.F.,.F.,(3,3),(0.,1.),.UNSPECIFIED.);
#3286=B_SPLINE_CURVE_WITH_KNOTS('',2,(#12470,#12471,#12472),
 .UNSPECIFIED.,.F.,.F.,(3,3),(0.,1.),.UNSPECIFIED.);
#3287=B_SPLINE_CURVE_WITH_KNOTS('',2,(#12475,#12476,#12477),
 .UNSPECIFIED.,.F.,.F.,(3,3),(0.,1.),.UNSPECIFIED.);
#3288=B_SPLINE_CURVE_WITH_KNOTS('',2,(#12485,#12486,#12487),
 .UNSPECIFIED.,.F.,.F.,(3,3),(0.,1.),.UNSPECIFIED.);
#3289=B_SPLINE_CURVE_WITH_KNOTS('',2,(#12490,#12491,#12492),
 .UNSPECIFIED.,.F.,.F.,(3,3),(0.,1.),.UNSPECIFIED.);
#3290=B_SPLINE_CURVE_WITH_KNOTS('',2,(#12500,#12501,#12502),
 .UNSPECIFIED.,.F.,.F.,(3,3),(0.,1.),.UNSPECIFIED.);
#3291=B_SPLINE_CURVE_WITH_KNOTS('',2,(#12505,#12506,#12507),
 .UNSPECIFIED.,.F.,.F.,(3,3),(0.,1.),.UNSPECIFIED.);
#3292=B_SPLINE_CURVE_WITH_KNOTS('',2,(#12515,#12516,#12517),
 .UNSPECIFIED.,.F.,.F.,(3,3),(0.,1.),.UNSPECIFIED.);
#3293=B_SPLINE_CURVE_WITH_KNOTS('',2,(#12520,#12521,#12522),
 .UNSPECIFIED.,.F.,.F.,(3,3),(0.,1.),.UNSPECIFIED.);
#3294=B_SPLINE_CURVE_WITH_KNOTS('',2,(#12530,#12531,#12532),
 .UNSPECIFIED.,.F.,.F.,(3,3),(0.,1.),.UNSPECIFIED.);
#3295=B_SPLINE_CURVE_WITH_KNOTS('',2,(#12535,#12536,#12537),
 .UNSPECIFIED.,.F.,.F.,(3,3),(0.,1.),.UNSPECIFIED.);
#3296=B_SPLINE_CURVE_WITH_KNOTS('',2,(#12545,#12546,#12547),
 .UNSPECIFIED.,.F.,.F.,(3,3),(0.,1.),.UNSPECIFIED.);
#3297=B_SPLINE_CURVE_WITH_KNOTS('',2,(#12550,#12551,#12552),
 .UNSPECIFIED.,.F.,.F.,(3,3),(0.,1.),.UNSPECIFIED.);
#3298=B_SPLINE_CURVE_WITH_KNOTS('',2,(#12560,#12561,#12562),
 .UNSPECIFIED.,.F.,.F.,(3,3),(0.,1.),.UNSPECIFIED.);
#3299=B_SPLINE_CURVE_WITH_KNOTS('',2,(#12565,#12566,#12567),
 .UNSPECIFIED.,.F.,.F.,(3,3),(0.,1.),.UNSPECIFIED.);
#3300=B_SPLINE_CURVE_WITH_KNOTS('',2,(#12575,#12576,#12577),
 .UNSPECIFIED.,.F.,.F.,(3,3),(0.,1.),.UNSPECIFIED.);
#3301=B_SPLINE_CURVE_WITH_KNOTS('',2,(#12580,#12581,#12582),
 .UNSPECIFIED.,.F.,.F.,(3,3),(0.,1.),.UNSPECIFIED.);
#3302=B_SPLINE_CURVE_WITH_KNOTS('',2,(#12595,#12596,#12597),
 .UNSPECIFIED.,.F.,.F.,(3,3),(0.,1.),.UNSPECIFIED.);
#3303=B_SPLINE_CURVE_WITH_KNOTS('',2,(#12598,#12599,#12600),
 .UNSPECIFIED.,.F.,.F.,(3,3),(0.,1.),.UNSPECIFIED.);
#3304=B_SPLINE_CURVE_WITH_KNOTS('',2,(#12610,#12611,#12612),
 .UNSPECIFIED.,.F.,.F.,(3,3),(0.,1.),.UNSPECIFIED.);
#3305=B_SPLINE_CURVE_WITH_KNOTS('',2,(#12616,#12617,#12618),
 .UNSPECIFIED.,.F.,.F.,(3,3),(0.,1.),.UNSPECIFIED.);
#3306=B_SPLINE_CURVE_WITH_KNOTS('',2,(#12627,#12628,#12629),
 .UNSPECIFIED.,.F.,.F.,(3,3),(0.,1.),.UNSPECIFIED.);
#3307=B_SPLINE_CURVE_WITH_KNOTS('',2,(#12632,#12633,#12634),
 .UNSPECIFIED.,.F.,.F.,(3,3),(0.,1.),.UNSPECIFIED.);
#3308=B_SPLINE_CURVE_WITH_KNOTS('',2,(#12642,#12643,#12644),
 .UNSPECIFIED.,.F.,.F.,(3,3),(0.,1.),.UNSPECIFIED.);
#3309=B_SPLINE_CURVE_WITH_KNOTS('',2,(#12647,#12648,#12649),
 .UNSPECIFIED.,.F.,.F.,(3,3),(0.,1.),.UNSPECIFIED.);
#3310=B_SPLINE_CURVE_WITH_KNOTS('',2,(#12657,#12658,#12659),
 .UNSPECIFIED.,.F.,.F.,(3,3),(0.,1.),.UNSPECIFIED.);
#3311=B_SPLINE_CURVE_WITH_KNOTS('',2,(#12662,#12663,#12664),
 .UNSPECIFIED.,.F.,.F.,(3,3),(0.,1.),.UNSPECIFIED.);
#3312=B_SPLINE_CURVE_WITH_KNOTS('',2,(#12672,#12673,#12674),
 .UNSPECIFIED.,.F.,.F.,(3,3),(0.,1.),.UNSPECIFIED.);
#3313=B_SPLINE_CURVE_WITH_KNOTS('',2,(#12677,#12678,#12679),
 .UNSPECIFIED.,.F.,.F.,(3,3),(0.,1.),.UNSPECIFIED.);
#3314=B_SPLINE_CURVE_WITH_KNOTS('',2,(#12687,#12688,#12689),
 .UNSPECIFIED.,.F.,.F.,(3,3),(0.,1.),.UNSPECIFIED.);
#3315=B_SPLINE_CURVE_WITH_KNOTS('',2,(#12692,#12693,#12694),
 .UNSPECIFIED.,.F.,.F.,(3,3),(0.,1.),.UNSPECIFIED.);
#3316=B_SPLINE_CURVE_WITH_KNOTS('',2,(#12702,#12703,#12704),
 .UNSPECIFIED.,.F.,.F.,(3,3),(0.,1.),.UNSPECIFIED.);
#3317=B_SPLINE_CURVE_WITH_KNOTS('',2,(#12707,#12708,#12709),
 .UNSPECIFIED.,.F.,.F.,(3,3),(0.,1.),.UNSPECIFIED.);
#3318=B_SPLINE_CURVE_WITH_KNOTS('',2,(#12716,#12717,#12718),
 .UNSPECIFIED.,.F.,.F.,(3,3),(0.,1.),.UNSPECIFIED.);
#3319=B_SPLINE_CURVE_WITH_KNOTS('',2,(#12719,#12720,#12721),
 .UNSPECIFIED.,.F.,.F.,(3,3),(0.,1.),.UNSPECIFIED.);
#3320=B_SPLINE_CURVE_WITH_KNOTS('',2,(#12730,#12731,#12732),
 .UNSPECIFIED.,.F.,.F.,(3,3),(0.,1.),.UNSPECIFIED.);
#3321=B_SPLINE_CURVE_WITH_KNOTS('',2,(#12736,#12737,#12738),
 .UNSPECIFIED.,.F.,.F.,(3,3),(0.,1.),.UNSPECIFIED.);
#3322=B_SPLINE_CURVE_WITH_KNOTS('',2,(#12747,#12748,#12749),
 .UNSPECIFIED.,.F.,.F.,(3,3),(0.,1.),.UNSPECIFIED.);
#3323=B_SPLINE_CURVE_WITH_KNOTS('',2,(#12752,#12753,#12754),
 .UNSPECIFIED.,.F.,.F.,(3,3),(0.,1.),.UNSPECIFIED.);
#3324=B_SPLINE_CURVE_WITH_KNOTS('',2,(#12762,#12763,#12764),
 .UNSPECIFIED.,.F.,.F.,(3,3),(0.,1.),.UNSPECIFIED.);
#3325=B_SPLINE_CURVE_WITH_KNOTS('',2,(#12767,#12768,#12769),
 .UNSPECIFIED.,.F.,.F.,(3,3),(0.,1.),.UNSPECIFIED.);
#3326=B_SPLINE_CURVE_WITH_KNOTS('',2,(#12777,#12778,#12779),
 .UNSPECIFIED.,.F.,.F.,(3,3),(0.,1.),.UNSPECIFIED.);
#3327=B_SPLINE_CURVE_WITH_KNOTS('',2,(#12782,#12783,#12784),
 .UNSPECIFIED.,.F.,.F.,(3,3),(0.,1.),.UNSPECIFIED.);
#3328=B_SPLINE_CURVE_WITH_KNOTS('',2,(#12792,#12793,#12794),
 .UNSPECIFIED.,.F.,.F.,(3,3),(0.,1.),.UNSPECIFIED.);
#3329=B_SPLINE_CURVE_WITH_KNOTS('',2,(#12797,#12798,#12799),
 .UNSPECIFIED.,.F.,.F.,(3,3),(0.,1.),.UNSPECIFIED.);
#3330=B_SPLINE_CURVE_WITH_KNOTS('',2,(#12807,#12808,#12809),
 .UNSPECIFIED.,.F.,.F.,(3,3),(0.,1.),.UNSPECIFIED.);
#3331=B_SPLINE_CURVE_WITH_KNOTS('',2,(#12812,#12813,#12814),
 .UNSPECIFIED.,.F.,.F.,(3,3),(0.,1.),.UNSPECIFIED.);
#3332=B_SPLINE_CURVE_WITH_KNOTS('',2,(#12822,#12823,#12824),
 .UNSPECIFIED.,.F.,.F.,(3,3),(0.,1.),.UNSPECIFIED.);
#3333=B_SPLINE_CURVE_WITH_KNOTS('',2,(#12827,#12828,#12829),
 .UNSPECIFIED.,.F.,.F.,(3,3),(0.,1.),.UNSPECIFIED.);
#3334=B_SPLINE_CURVE_WITH_KNOTS('',2,(#12837,#12838,#12839),
 .UNSPECIFIED.,.F.,.F.,(3,3),(0.,1.),.UNSPECIFIED.);
#3335=B_SPLINE_CURVE_WITH_KNOTS('',2,(#12842,#12843,#12844),
 .UNSPECIFIED.,.F.,.F.,(3,3),(0.,1.),.UNSPECIFIED.);
#3336=B_SPLINE_CURVE_WITH_KNOTS('',2,(#12852,#12853,#12854),
 .UNSPECIFIED.,.F.,.F.,(3,3),(0.,1.),.UNSPECIFIED.);
#3337=B_SPLINE_CURVE_WITH_KNOTS('',2,(#12857,#12858,#12859),
 .UNSPECIFIED.,.F.,.F.,(3,3),(0.,1.),.UNSPECIFIED.);
#3338=B_SPLINE_CURVE_WITH_KNOTS('',2,(#12867,#12868,#12869),
 .UNSPECIFIED.,.F.,.F.,(3,3),(0.,1.),.UNSPECIFIED.);
#3339=B_SPLINE_CURVE_WITH_KNOTS('',2,(#12872,#12873,#12874),
 .UNSPECIFIED.,.F.,.F.,(3,3),(0.,1.),.UNSPECIFIED.);
#3340=B_SPLINE_CURVE_WITH_KNOTS('',2,(#12882,#12883,#12884),
 .UNSPECIFIED.,.F.,.F.,(3,3),(0.,1.),.UNSPECIFIED.);
#3341=B_SPLINE_CURVE_WITH_KNOTS('',2,(#12887,#12888,#12889),
 .UNSPECIFIED.,.F.,.F.,(3,3),(0.,1.),.UNSPECIFIED.);
#3342=B_SPLINE_CURVE_WITH_KNOTS('',2,(#12896,#12897,#12898),
 .UNSPECIFIED.,.F.,.F.,(3,3),(0.,1.),.UNSPECIFIED.);
#3343=B_SPLINE_CURVE_WITH_KNOTS('',2,(#12899,#12900,#12901),
 .UNSPECIFIED.,.F.,.F.,(3,3),(0.,1.),.UNSPECIFIED.);
#3344=B_SPLINE_CURVE_WITH_KNOTS('',2,(#12919,#12920,#12921),
 .UNSPECIFIED.,.F.,.F.,(3,3),(0.,1.),.UNSPECIFIED.);
#3345=B_SPLINE_CURVE_WITH_KNOTS('',2,(#12924,#12925,#12926),
 .UNSPECIFIED.,.F.,.F.,(3,3),(0.,1.),.UNSPECIFIED.);
#3346=B_SPLINE_CURVE_WITH_KNOTS('',2,(#12934,#12935,#12936),
 .UNSPECIFIED.,.F.,.F.,(3,3),(0.,1.),.UNSPECIFIED.);
#3347=B_SPLINE_CURVE_WITH_KNOTS('',2,(#12939,#12940,#12941),
 .UNSPECIFIED.,.F.,.F.,(3,3),(0.,1.),.UNSPECIFIED.);
#3348=B_SPLINE_CURVE_WITH_KNOTS('',2,(#12955,#12956,#12957),
 .UNSPECIFIED.,.F.,.F.,(3,3),(0.,1.),.UNSPECIFIED.);
#3349=B_SPLINE_CURVE_WITH_KNOTS('',2,(#12960,#12961,#12962),
 .UNSPECIFIED.,.F.,.F.,(3,3),(0.,1.),.UNSPECIFIED.);
#3350=B_SPLINE_CURVE_WITH_KNOTS('',2,(#12970,#12971,#12972),
 .UNSPECIFIED.,.F.,.F.,(3,3),(0.,1.),.UNSPECIFIED.);
#3351=B_SPLINE_CURVE_WITH_KNOTS('',2,(#12975,#12976,#12977),
 .UNSPECIFIED.,.F.,.F.,(3,3),(0.,1.),.UNSPECIFIED.);
#3352=B_SPLINE_CURVE_WITH_KNOTS('',2,(#13002,#13003,#13004),
 .UNSPECIFIED.,.F.,.F.,(3,3),(0.,1.),.UNSPECIFIED.);
#3353=B_SPLINE_CURVE_WITH_KNOTS('',2,(#13008,#13009,#13010),
 .UNSPECIFIED.,.F.,.F.,(3,3),(0.,1.),.UNSPECIFIED.);
#3354=B_SPLINE_CURVE_WITH_KNOTS('',2,(#13019,#13020,#13021),
 .UNSPECIFIED.,.F.,.F.,(3,3),(0.,1.),.UNSPECIFIED.);
#3355=B_SPLINE_CURVE_WITH_KNOTS('',2,(#13024,#13025,#13026),
 .UNSPECIFIED.,.F.,.F.,(3,3),(0.,1.),.UNSPECIFIED.);
#3356=B_SPLINE_CURVE_WITH_KNOTS('',2,(#13034,#13035,#13036),
 .UNSPECIFIED.,.F.,.F.,(3,3),(0.,1.),.UNSPECIFIED.);
#3357=B_SPLINE_CURVE_WITH_KNOTS('',2,(#13039,#13040,#13041),
 .UNSPECIFIED.,.F.,.F.,(3,3),(0.,1.),.UNSPECIFIED.);
#3358=B_SPLINE_CURVE_WITH_KNOTS('',2,(#13049,#13050,#13051),
 .UNSPECIFIED.,.F.,.F.,(3,3),(0.,1.),.UNSPECIFIED.);
#3359=B_SPLINE_CURVE_WITH_KNOTS('',2,(#13054,#13055,#13056),
 .UNSPECIFIED.,.F.,.F.,(3,3),(0.,1.),.UNSPECIFIED.);
#3360=B_SPLINE_CURVE_WITH_KNOTS('',2,(#13064,#13065,#13066),
 .UNSPECIFIED.,.F.,.F.,(3,3),(0.,1.),.UNSPECIFIED.);
#3361=B_SPLINE_CURVE_WITH_KNOTS('',2,(#13069,#13070,#13071),
 .UNSPECIFIED.,.F.,.F.,(3,3),(0.,1.),.UNSPECIFIED.);
#3362=B_SPLINE_CURVE_WITH_KNOTS('',2,(#13079,#13080,#13081),
 .UNSPECIFIED.,.F.,.F.,(3,3),(0.,1.),.UNSPECIFIED.);
#3363=B_SPLINE_CURVE_WITH_KNOTS('',2,(#13084,#13085,#13086),
 .UNSPECIFIED.,.F.,.F.,(3,3),(0.,1.),.UNSPECIFIED.);
#3364=B_SPLINE_CURVE_WITH_KNOTS('',2,(#13094,#13095,#13096),
 .UNSPECIFIED.,.F.,.F.,(3,3),(0.,1.),.UNSPECIFIED.);
#3365=B_SPLINE_CURVE_WITH_KNOTS('',2,(#13099,#13100,#13101),
 .UNSPECIFIED.,.F.,.F.,(3,3),(0.,1.),.UNSPECIFIED.);
#3366=B_SPLINE_CURVE_WITH_KNOTS('',2,(#13109,#13110,#13111),
 .UNSPECIFIED.,.F.,.F.,(3,3),(0.,1.),.UNSPECIFIED.);
#3367=B_SPLINE_CURVE_WITH_KNOTS('',2,(#13114,#13115,#13116),
 .UNSPECIFIED.,.F.,.F.,(3,3),(0.,1.),.UNSPECIFIED.);
#3368=B_SPLINE_CURVE_WITH_KNOTS('',2,(#13124,#13125,#13126),
 .UNSPECIFIED.,.F.,.F.,(3,3),(0.,1.),.UNSPECIFIED.);
#3369=B_SPLINE_CURVE_WITH_KNOTS('',2,(#13129,#13130,#13131),
 .UNSPECIFIED.,.F.,.F.,(3,3),(0.,1.),.UNSPECIFIED.);
#3370=B_SPLINE_CURVE_WITH_KNOTS('',2,(#13145,#13146,#13147),
 .UNSPECIFIED.,.F.,.F.,(3,3),(0.,1.),.UNSPECIFIED.);
#3371=B_SPLINE_CURVE_WITH_KNOTS('',2,(#13150,#13151,#13152),
 .UNSPECIFIED.,.F.,.F.,(3,3),(0.,1.),.UNSPECIFIED.);
#3372=B_SPLINE_CURVE_WITH_KNOTS('',2,(#13160,#13161,#13162),
 .UNSPECIFIED.,.F.,.F.,(3,3),(0.,1.),.UNSPECIFIED.);
#3373=B_SPLINE_CURVE_WITH_KNOTS('',2,(#13165,#13166,#13167),
 .UNSPECIFIED.,.F.,.F.,(3,3),(0.,1.),.UNSPECIFIED.);
#3374=B_SPLINE_CURVE_WITH_KNOTS('',2,(#13175,#13176,#13177),
 .UNSPECIFIED.,.F.,.F.,(3,3),(0.,1.),.UNSPECIFIED.);
#3375=B_SPLINE_CURVE_WITH_KNOTS('',2,(#13180,#13181,#13182),
 .UNSPECIFIED.,.F.,.F.,(3,3),(0.,1.),.UNSPECIFIED.);
#3376=B_SPLINE_CURVE_WITH_KNOTS('',2,(#13190,#13191,#13192),
 .UNSPECIFIED.,.F.,.F.,(3,3),(0.,1.),.UNSPECIFIED.);
#3377=B_SPLINE_CURVE_WITH_KNOTS('',2,(#13195,#13196,#13197),
 .UNSPECIFIED.,.F.,.F.,(3,3),(0.,1.),.UNSPECIFIED.);
#3378=B_SPLINE_CURVE_WITH_KNOTS('',2,(#13205,#13206,#13207),
 .UNSPECIFIED.,.F.,.F.,(3,3),(0.,1.),.UNSPECIFIED.);
#3379=B_SPLINE_CURVE_WITH_KNOTS('',2,(#13210,#13211,#13212),
 .UNSPECIFIED.,.F.,.F.,(3,3),(0.,1.),.UNSPECIFIED.);
#3380=B_SPLINE_CURVE_WITH_KNOTS('',2,(#13220,#13221,#13222),
 .UNSPECIFIED.,.F.,.F.,(3,3),(0.,1.),.UNSPECIFIED.);
#3381=B_SPLINE_CURVE_WITH_KNOTS('',2,(#13225,#13226,#13227),
 .UNSPECIFIED.,.F.,.F.,(3,3),(0.,1.),.UNSPECIFIED.);
#3382=B_SPLINE_CURVE_WITH_KNOTS('',2,(#13235,#13236,#13237),
 .UNSPECIFIED.,.F.,.F.,(3,3),(0.,1.),.UNSPECIFIED.);
#3383=B_SPLINE_CURVE_WITH_KNOTS('',2,(#13240,#13241,#13242),
 .UNSPECIFIED.,.F.,.F.,(3,3),(0.,1.),.UNSPECIFIED.);
#3384=B_SPLINE_CURVE_WITH_KNOTS('',2,(#13250,#13251,#13252),
 .UNSPECIFIED.,.F.,.F.,(3,3),(0.,1.),.UNSPECIFIED.);
#3385=B_SPLINE_CURVE_WITH_KNOTS('',2,(#13255,#13256,#13257),
 .UNSPECIFIED.,.F.,.F.,(3,3),(0.,1.),.UNSPECIFIED.);
#3386=B_SPLINE_CURVE_WITH_KNOTS('',2,(#13265,#13266,#13267),
 .UNSPECIFIED.,.F.,.F.,(3,3),(0.,1.),.UNSPECIFIED.);
#3387=B_SPLINE_CURVE_WITH_KNOTS('',2,(#13270,#13271,#13272),
 .UNSPECIFIED.,.F.,.F.,(3,3),(0.,1.),.UNSPECIFIED.);
#3388=B_SPLINE_CURVE_WITH_KNOTS('',2,(#13297,#13298,#13299),
 .UNSPECIFIED.,.F.,.F.,(3,3),(0.,1.),.UNSPECIFIED.);
#3389=B_SPLINE_CURVE_WITH_KNOTS('',2,(#13303,#13304,#13305),
 .UNSPECIFIED.,.F.,.F.,(3,3),(0.,1.),.UNSPECIFIED.);
#3390=B_SPLINE_CURVE_WITH_KNOTS('',2,(#13314,#13315,#13316),
 .UNSPECIFIED.,.F.,.F.,(3,3),(0.,1.),.UNSPECIFIED.);
#3391=B_SPLINE_CURVE_WITH_KNOTS('',2,(#13319,#13320,#13321),
 .UNSPECIFIED.,.F.,.F.,(3,3),(0.,1.),.UNSPECIFIED.);
#3392=B_SPLINE_CURVE_WITH_KNOTS('',2,(#13329,#13330,#13331),
 .UNSPECIFIED.,.F.,.F.,(3,3),(0.,1.),.UNSPECIFIED.);
#3393=B_SPLINE_CURVE_WITH_KNOTS('',2,(#13334,#13335,#13336),
 .UNSPECIFIED.,.F.,.F.,(3,3),(0.,1.),.UNSPECIFIED.);
#3394=B_SPLINE_CURVE_WITH_KNOTS('',2,(#13344,#13345,#13346),
 .UNSPECIFIED.,.F.,.F.,(3,3),(0.,1.),.UNSPECIFIED.);
#3395=B_SPLINE_CURVE_WITH_KNOTS('',2,(#13349,#13350,#13351),
 .UNSPECIFIED.,.F.,.F.,(3,3),(0.,1.),.UNSPECIFIED.);
#3396=B_SPLINE_CURVE_WITH_KNOTS('',2,(#13359,#13360,#13361),
 .UNSPECIFIED.,.F.,.F.,(3,3),(0.,1.),.UNSPECIFIED.);
#3397=B_SPLINE_CURVE_WITH_KNOTS('',2,(#13364,#13365,#13366),
 .UNSPECIFIED.,.F.,.F.,(3,3),(0.,1.),.UNSPECIFIED.);
#3398=B_SPLINE_CURVE_WITH_KNOTS('',2,(#13374,#13375,#13376),
 .UNSPECIFIED.,.F.,.F.,(3,3),(0.,1.),.UNSPECIFIED.);
#3399=B_SPLINE_CURVE_WITH_KNOTS('',2,(#13379,#13380,#13381),
 .UNSPECIFIED.,.F.,.F.,(3,3),(0.,1.),.UNSPECIFIED.);
#3400=B_SPLINE_CURVE_WITH_KNOTS('',2,(#13389,#13390,#13391),
 .UNSPECIFIED.,.F.,.F.,(3,3),(0.,1.),.UNSPECIFIED.);
#3401=B_SPLINE_CURVE_WITH_KNOTS('',2,(#13394,#13395,#13396),
 .UNSPECIFIED.,.F.,.F.,(3,3),(0.,1.),.UNSPECIFIED.);
#3402=B_SPLINE_CURVE_WITH_KNOTS('',2,(#13404,#13405,#13406),
 .UNSPECIFIED.,.F.,.F.,(3,3),(0.,1.),.UNSPECIFIED.);
#3403=B_SPLINE_CURVE_WITH_KNOTS('',2,(#13409,#13410,#13411),
 .UNSPECIFIED.,.F.,.F.,(3,3),(0.,1.),.UNSPECIFIED.);
#3404=B_SPLINE_CURVE_WITH_KNOTS('',2,(#13419,#13420,#13421),
 .UNSPECIFIED.,.F.,.F.,(3,3),(0.,1.),.UNSPECIFIED.);
#3405=B_SPLINE_CURVE_WITH_KNOTS('',2,(#13424,#13425,#13426),
 .UNSPECIFIED.,.F.,.F.,(3,3),(0.,1.),.UNSPECIFIED.);
#3406=B_SPLINE_CURVE_WITH_KNOTS('',2,(#13440,#13441,#13442),
 .UNSPECIFIED.,.F.,.F.,(3,3),(0.,1.),.UNSPECIFIED.);
#3407=B_SPLINE_CURVE_WITH_KNOTS('',2,(#13445,#13446,#13447),
 .UNSPECIFIED.,.F.,.F.,(3,3),(0.,1.),.UNSPECIFIED.);
#3408=B_SPLINE_CURVE_WITH_KNOTS('',2,(#13455,#13456,#13457),
 .UNSPECIFIED.,.F.,.F.,(3,3),(0.,1.),.UNSPECIFIED.);
#3409=B_SPLINE_CURVE_WITH_KNOTS('',2,(#13460,#13461,#13462),
 .UNSPECIFIED.,.F.,.F.,(3,3),(0.,1.),.UNSPECIFIED.);
#3410=B_SPLINE_CURVE_WITH_KNOTS('',2,(#13470,#13471,#13472),
 .UNSPECIFIED.,.F.,.F.,(3,3),(0.,1.),.UNSPECIFIED.);
#3411=B_SPLINE_CURVE_WITH_KNOTS('',2,(#13475,#13476,#13477),
 .UNSPECIFIED.,.F.,.F.,(3,3),(0.,1.),.UNSPECIFIED.);
#3412=B_SPLINE_CURVE_WITH_KNOTS('',2,(#13485,#13486,#13487),
 .UNSPECIFIED.,.F.,.F.,(3,3),(0.,1.),.UNSPECIFIED.);
#3413=B_SPLINE_CURVE_WITH_KNOTS('',2,(#13490,#13491,#13492),
 .UNSPECIFIED.,.F.,.F.,(3,3),(0.,1.),.UNSPECIFIED.);
#3414=B_SPLINE_CURVE_WITH_KNOTS('',2,(#13500,#13501,#13502),
 .UNSPECIFIED.,.F.,.F.,(3,3),(0.,1.),.UNSPECIFIED.);
#3415=B_SPLINE_CURVE_WITH_KNOTS('',2,(#13505,#13506,#13507),
 .UNSPECIFIED.,.F.,.F.,(3,3),(0.,1.),.UNSPECIFIED.);
#3416=B_SPLINE_CURVE_WITH_KNOTS('',2,(#13515,#13516,#13517),
 .UNSPECIFIED.,.F.,.F.,(3,3),(0.,1.),.UNSPECIFIED.);
#3417=B_SPLINE_CURVE_WITH_KNOTS('',2,(#13520,#13521,#13522),
 .UNSPECIFIED.,.F.,.F.,(3,3),(0.,1.),.UNSPECIFIED.);
#3418=B_SPLINE_CURVE_WITH_KNOTS('',2,(#13530,#13531,#13532),
 .UNSPECIFIED.,.F.,.F.,(3,3),(0.,1.),.UNSPECIFIED.);
#3419=B_SPLINE_CURVE_WITH_KNOTS('',2,(#13535,#13536,#13537),
 .UNSPECIFIED.,.F.,.F.,(3,3),(0.,1.),.UNSPECIFIED.);
#3420=B_SPLINE_CURVE_WITH_KNOTS('',2,(#13545,#13546,#13547),
 .UNSPECIFIED.,.F.,.F.,(3,3),(0.,1.),.UNSPECIFIED.);
#3421=B_SPLINE_CURVE_WITH_KNOTS('',2,(#13550,#13551,#13552),
 .UNSPECIFIED.,.F.,.F.,(3,3),(0.,1.),.UNSPECIFIED.);
#3422=B_SPLINE_CURVE_WITH_KNOTS('',2,(#13560,#13561,#13562),
 .UNSPECIFIED.,.F.,.F.,(3,3),(0.,1.),.UNSPECIFIED.);
#3423=B_SPLINE_CURVE_WITH_KNOTS('',2,(#13565,#13566,#13567),
 .UNSPECIFIED.,.F.,.F.,(3,3),(0.,1.),.UNSPECIFIED.);
#3424=B_SPLINE_CURVE_WITH_KNOTS('',2,(#13592,#13593,#13594),
 .UNSPECIFIED.,.F.,.F.,(3,3),(0.,1.),.UNSPECIFIED.);
#3425=B_SPLINE_CURVE_WITH_KNOTS('',2,(#13598,#13599,#13600),
 .UNSPECIFIED.,.F.,.F.,(3,3),(0.,1.),.UNSPECIFIED.);
#3426=B_SPLINE_CURVE_WITH_KNOTS('',2,(#13609,#13610,#13611),
 .UNSPECIFIED.,.F.,.F.,(3,3),(0.,1.),.UNSPECIFIED.);
#3427=B_SPLINE_CURVE_WITH_KNOTS('',2,(#13614,#13615,#13616),
 .UNSPECIFIED.,.F.,.F.,(3,3),(0.,1.),.UNSPECIFIED.);
#3428=B_SPLINE_CURVE_WITH_KNOTS('',2,(#13624,#13625,#13626),
 .UNSPECIFIED.,.F.,.F.,(3,3),(0.,1.),.UNSPECIFIED.);
#3429=B_SPLINE_CURVE_WITH_KNOTS('',2,(#13629,#13630,#13631),
 .UNSPECIFIED.,.F.,.F.,(3,3),(0.,1.),.UNSPECIFIED.);
#3430=B_SPLINE_CURVE_WITH_KNOTS('',2,(#13639,#13640,#13641),
 .UNSPECIFIED.,.F.,.F.,(3,3),(0.,1.),.UNSPECIFIED.);
#3431=B_SPLINE_CURVE_WITH_KNOTS('',2,(#13644,#13645,#13646),
 .UNSPECIFIED.,.F.,.F.,(3,3),(0.,1.),.UNSPECIFIED.);
#3432=B_SPLINE_CURVE_WITH_KNOTS('',2,(#13654,#13655,#13656),
 .UNSPECIFIED.,.F.,.F.,(3,3),(0.,1.),.UNSPECIFIED.);
#3433=B_SPLINE_CURVE_WITH_KNOTS('',2,(#13659,#13660,#13661),
 .UNSPECIFIED.,.F.,.F.,(3,3),(0.,1.),.UNSPECIFIED.);
#3434=B_SPLINE_CURVE_WITH_KNOTS('',2,(#13669,#13670,#13671),
 .UNSPECIFIED.,.F.,.F.,(3,3),(0.,1.),.UNSPECIFIED.);
#3435=B_SPLINE_CURVE_WITH_KNOTS('',2,(#13674,#13675,#13676),
 .UNSPECIFIED.,.F.,.F.,(3,3),(0.,1.),.UNSPECIFIED.);
#3436=B_SPLINE_CURVE_WITH_KNOTS('',2,(#13684,#13685,#13686),
 .UNSPECIFIED.,.F.,.F.,(3,3),(0.,1.),.UNSPECIFIED.);
#3437=B_SPLINE_CURVE_WITH_KNOTS('',2,(#13689,#13690,#13691),
 .UNSPECIFIED.,.F.,.F.,(3,3),(0.,1.),.UNSPECIFIED.);
#3438=B_SPLINE_CURVE_WITH_KNOTS('',2,(#13699,#13700,#13701),
 .UNSPECIFIED.,.F.,.F.,(3,3),(0.,1.),.UNSPECIFIED.);
#3439=B_SPLINE_CURVE_WITH_KNOTS('',2,(#13704,#13705,#13706),
 .UNSPECIFIED.,.F.,.F.,(3,3),(0.,1.),.UNSPECIFIED.);
#3440=B_SPLINE_CURVE_WITH_KNOTS('',2,(#13714,#13715,#13716),
 .UNSPECIFIED.,.F.,.F.,(3,3),(0.,1.),.UNSPECIFIED.);
#3441=B_SPLINE_CURVE_WITH_KNOTS('',2,(#13719,#13720,#13721),
 .UNSPECIFIED.,.F.,.F.,(3,3),(0.,1.),.UNSPECIFIED.);
#3442=B_SPLINE_CURVE_WITH_KNOTS('',2,(#13735,#13736,#13737),
 .UNSPECIFIED.,.F.,.F.,(3,3),(0.,1.),.UNSPECIFIED.);
#3443=B_SPLINE_CURVE_WITH_KNOTS('',2,(#13740,#13741,#13742),
 .UNSPECIFIED.,.F.,.F.,(3,3),(0.,1.),.UNSPECIFIED.);
#3444=B_SPLINE_CURVE_WITH_KNOTS('',2,(#13750,#13751,#13752),
 .UNSPECIFIED.,.F.,.F.,(3,3),(0.,1.),.UNSPECIFIED.);
#3445=B_SPLINE_CURVE_WITH_KNOTS('',2,(#13755,#13756,#13757),
 .UNSPECIFIED.,.F.,.F.,(3,3),(0.,1.),.UNSPECIFIED.);
#3446=B_SPLINE_CURVE_WITH_KNOTS('',2,(#13765,#13766,#13767),
 .UNSPECIFIED.,.F.,.F.,(3,3),(0.,1.),.UNSPECIFIED.);
#3447=B_SPLINE_CURVE_WITH_KNOTS('',2,(#13770,#13771,#13772),
 .UNSPECIFIED.,.F.,.F.,(3,3),(0.,1.),.UNSPECIFIED.);
#3448=B_SPLINE_CURVE_WITH_KNOTS('',2,(#13780,#13781,#13782),
 .UNSPECIFIED.,.F.,.F.,(3,3),(0.,1.),.UNSPECIFIED.);
#3449=B_SPLINE_CURVE_WITH_KNOTS('',2,(#13785,#13786,#13787),
 .UNSPECIFIED.,.F.,.F.,(3,3),(0.,1.),.UNSPECIFIED.);
#3450=B_SPLINE_CURVE_WITH_KNOTS('',2,(#13795,#13796,#13797),
 .UNSPECIFIED.,.F.,.F.,(3,3),(0.,1.),.UNSPECIFIED.);
#3451=B_SPLINE_CURVE_WITH_KNOTS('',2,(#13800,#13801,#13802),
 .UNSPECIFIED.,.F.,.F.,(3,3),(0.,1.),.UNSPECIFIED.);
#3452=B_SPLINE_CURVE_WITH_KNOTS('',2,(#13810,#13811,#13812),
 .UNSPECIFIED.,.F.,.F.,(3,3),(0.,1.),.UNSPECIFIED.);
#3453=B_SPLINE_CURVE_WITH_KNOTS('',2,(#13815,#13816,#13817),
 .UNSPECIFIED.,.F.,.F.,(3,3),(0.,1.),.UNSPECIFIED.);
#3454=B_SPLINE_CURVE_WITH_KNOTS('',2,(#13825,#13826,#13827),
 .UNSPECIFIED.,.F.,.F.,(3,3),(0.,1.),.UNSPECIFIED.);
#3455=B_SPLINE_CURVE_WITH_KNOTS('',2,(#13830,#13831,#13832),
 .UNSPECIFIED.,.F.,.F.,(3,3),(0.,1.),.UNSPECIFIED.);
#3456=B_SPLINE_CURVE_WITH_KNOTS('',2,(#13840,#13841,#13842),
 .UNSPECIFIED.,.F.,.F.,(3,3),(0.,1.),.UNSPECIFIED.);
#3457=B_SPLINE_CURVE_WITH_KNOTS('',2,(#13845,#13846,#13847),
 .UNSPECIFIED.,.F.,.F.,(3,3),(0.,1.),.UNSPECIFIED.);
#3458=B_SPLINE_CURVE_WITH_KNOTS('',2,(#13855,#13856,#13857),
 .UNSPECIFIED.,.F.,.F.,(3,3),(0.,1.),.UNSPECIFIED.);
#3459=B_SPLINE_CURVE_WITH_KNOTS('',2,(#13860,#13861,#13862),
 .UNSPECIFIED.,.F.,.F.,(3,3),(0.,1.),.UNSPECIFIED.);
#3460=B_SPLINE_CURVE_WITH_KNOTS('',2,(#13887,#13888,#13889),
 .UNSPECIFIED.,.F.,.F.,(3,3),(0.,1.),.UNSPECIFIED.);
#3461=B_SPLINE_CURVE_WITH_KNOTS('',2,(#13893,#13894,#13895),
 .UNSPECIFIED.,.F.,.F.,(3,3),(0.,1.),.UNSPECIFIED.);
#3462=B_SPLINE_CURVE_WITH_KNOTS('',2,(#13904,#13905,#13906),
 .UNSPECIFIED.,.F.,.F.,(3,3),(0.,1.),.UNSPECIFIED.);
#3463=B_SPLINE_CURVE_WITH_KNOTS('',2,(#13909,#13910,#13911),
 .UNSPECIFIED.,.F.,.F.,(3,3),(0.,1.),.UNSPECIFIED.);
#3464=B_SPLINE_CURVE_WITH_KNOTS('',2,(#13919,#13920,#13921),
 .UNSPECIFIED.,.F.,.F.,(3,3),(0.,1.),.UNSPECIFIED.);
#3465=B_SPLINE_CURVE_WITH_KNOTS('',2,(#13924,#13925,#13926),
 .UNSPECIFIED.,.F.,.F.,(3,3),(0.,1.),.UNSPECIFIED.);
#3466=B_SPLINE_CURVE_WITH_KNOTS('',2,(#13934,#13935,#13936),
 .UNSPECIFIED.,.F.,.F.,(3,3),(0.,1.),.UNSPECIFIED.);
#3467=B_SPLINE_CURVE_WITH_KNOTS('',2,(#13939,#13940,#13941),
 .UNSPECIFIED.,.F.,.F.,(3,3),(0.,1.),.UNSPECIFIED.);
#3468=B_SPLINE_CURVE_WITH_KNOTS('',2,(#13949,#13950,#13951),
 .UNSPECIFIED.,.F.,.F.,(3,3),(0.,1.),.UNSPECIFIED.);
#3469=B_SPLINE_CURVE_WITH_KNOTS('',2,(#13954,#13955,#13956),
 .UNSPECIFIED.,.F.,.F.,(3,3),(0.,1.),.UNSPECIFIED.);
#3470=B_SPLINE_CURVE_WITH_KNOTS('',2,(#13964,#13965,#13966),
 .UNSPECIFIED.,.F.,.F.,(3,3),(0.,1.),.UNSPECIFIED.);
#3471=B_SPLINE_CURVE_WITH_KNOTS('',2,(#13969,#13970,#13971),
 .UNSPECIFIED.,.F.,.F.,(3,3),(0.,1.),.UNSPECIFIED.);
#3472=B_SPLINE_CURVE_WITH_KNOTS('',2,(#13979,#13980,#13981),
 .UNSPECIFIED.,.F.,.F.,(3,3),(0.,1.),.UNSPECIFIED.);
#3473=B_SPLINE_CURVE_WITH_KNOTS('',2,(#13984,#13985,#13986),
 .UNSPECIFIED.,.F.,.F.,(3,3),(0.,1.),.UNSPECIFIED.);
#3474=B_SPLINE_CURVE_WITH_KNOTS('',2,(#13994,#13995,#13996),
 .UNSPECIFIED.,.F.,.F.,(3,3),(0.,1.),.UNSPECIFIED.);
#3475=B_SPLINE_CURVE_WITH_KNOTS('',2,(#13999,#14000,#14001),
 .UNSPECIFIED.,.F.,.F.,(3,3),(0.,1.),.UNSPECIFIED.);
#3476=B_SPLINE_CURVE_WITH_KNOTS('',2,(#14009,#14010,#14011),
 .UNSPECIFIED.,.F.,.F.,(3,3),(0.,1.),.UNSPECIFIED.);
#3477=B_SPLINE_CURVE_WITH_KNOTS('',2,(#14014,#14015,#14016),
 .UNSPECIFIED.,.F.,.F.,(3,3),(0.,1.),.UNSPECIFIED.);
#3478=B_SPLINE_CURVE_WITH_KNOTS('',2,(#14030,#14031,#14032),
 .UNSPECIFIED.,.F.,.F.,(3,3),(0.,1.),.UNSPECIFIED.);
#3479=B_SPLINE_CURVE_WITH_KNOTS('',2,(#14035,#14036,#14037),
 .UNSPECIFIED.,.F.,.F.,(3,3),(0.,1.),.UNSPECIFIED.);
#3480=B_SPLINE_CURVE_WITH_KNOTS('',2,(#14045,#14046,#14047),
 .UNSPECIFIED.,.F.,.F.,(3,3),(0.,1.),.UNSPECIFIED.);
#3481=B_SPLINE_CURVE_WITH_KNOTS('',2,(#14050,#14051,#14052),
 .UNSPECIFIED.,.F.,.F.,(3,3),(0.,1.),.UNSPECIFIED.);
#3482=B_SPLINE_CURVE_WITH_KNOTS('',2,(#14060,#14061,#14062),
 .UNSPECIFIED.,.F.,.F.,(3,3),(0.,1.),.UNSPECIFIED.);
#3483=B_SPLINE_CURVE_WITH_KNOTS('',2,(#14065,#14066,#14067),
 .UNSPECIFIED.,.F.,.F.,(3,3),(0.,1.),.UNSPECIFIED.);
#3484=B_SPLINE_CURVE_WITH_KNOTS('',2,(#14075,#14076,#14077),
 .UNSPECIFIED.,.F.,.F.,(3,3),(0.,1.),.UNSPECIFIED.);
#3485=B_SPLINE_CURVE_WITH_KNOTS('',2,(#14080,#14081,#14082),
 .UNSPECIFIED.,.F.,.F.,(3,3),(0.,1.),.UNSPECIFIED.);
#3486=B_SPLINE_CURVE_WITH_KNOTS('',2,(#14090,#14091,#14092),
 .UNSPECIFIED.,.F.,.F.,(3,3),(0.,1.),.UNSPECIFIED.);
#3487=B_SPLINE_CURVE_WITH_KNOTS('',2,(#14095,#14096,#14097),
 .UNSPECIFIED.,.F.,.F.,(3,3),(0.,1.),.UNSPECIFIED.);
#3488=B_SPLINE_CURVE_WITH_KNOTS('',2,(#14105,#14106,#14107),
 .UNSPECIFIED.,.F.,.F.,(3,3),(0.,1.),.UNSPECIFIED.);
#3489=B_SPLINE_CURVE_WITH_KNOTS('',2,(#14110,#14111,#14112),
 .UNSPECIFIED.,.F.,.F.,(3,3),(0.,1.),.UNSPECIFIED.);
#3490=B_SPLINE_CURVE_WITH_KNOTS('',2,(#14120,#14121,#14122),
 .UNSPECIFIED.,.F.,.F.,(3,3),(0.,1.),.UNSPECIFIED.);
#3491=B_SPLINE_CURVE_WITH_KNOTS('',2,(#14125,#14126,#14127),
 .UNSPECIFIED.,.F.,.F.,(3,3),(0.,1.),.UNSPECIFIED.);
#3492=B_SPLINE_CURVE_WITH_KNOTS('',2,(#14135,#14136,#14137),
 .UNSPECIFIED.,.F.,.F.,(3,3),(0.,1.),.UNSPECIFIED.);
#3493=B_SPLINE_CURVE_WITH_KNOTS('',2,(#14140,#14141,#14142),
 .UNSPECIFIED.,.F.,.F.,(3,3),(0.,1.),.UNSPECIFIED.);
#3494=B_SPLINE_CURVE_WITH_KNOTS('',2,(#14150,#14151,#14152),
 .UNSPECIFIED.,.F.,.F.,(3,3),(0.,1.),.UNSPECIFIED.);
#3495=B_SPLINE_CURVE_WITH_KNOTS('',2,(#14155,#14156,#14157),
 .UNSPECIFIED.,.F.,.F.,(3,3),(0.,1.),.UNSPECIFIED.);
#3496=B_SPLINE_CURVE_WITH_KNOTS('',2,(#14182,#14183,#14184),
 .UNSPECIFIED.,.F.,.F.,(3,3),(0.,1.),.UNSPECIFIED.);
#3497=B_SPLINE_CURVE_WITH_KNOTS('',2,(#14188,#14189,#14190),
 .UNSPECIFIED.,.F.,.F.,(3,3),(0.,1.),.UNSPECIFIED.);
#3498=B_SPLINE_CURVE_WITH_KNOTS('',2,(#14199,#14200,#14201),
 .UNSPECIFIED.,.F.,.F.,(3,3),(0.,1.),.UNSPECIFIED.);
#3499=B_SPLINE_CURVE_WITH_KNOTS('',2,(#14204,#14205,#14206),
 .UNSPECIFIED.,.F.,.F.,(3,3),(0.,1.),.UNSPECIFIED.);
#3500=B_SPLINE_CURVE_WITH_KNOTS('',2,(#14214,#14215,#14216),
 .UNSPECIFIED.,.F.,.F.,(3,3),(0.,1.),.UNSPECIFIED.);
#3501=B_SPLINE_CURVE_WITH_KNOTS('',2,(#14219,#14220,#14221),
 .UNSPECIFIED.,.F.,.F.,(3,3),(0.,1.),.UNSPECIFIED.);
#3502=B_SPLINE_CURVE_WITH_KNOTS('',2,(#14229,#14230,#14231),
 .UNSPECIFIED.,.F.,.F.,(3,3),(0.,1.),.UNSPECIFIED.);
#3503=B_SPLINE_CURVE_WITH_KNOTS('',2,(#14234,#14235,#14236),
 .UNSPECIFIED.,.F.,.F.,(3,3),(0.,1.),.UNSPECIFIED.);
#3504=B_SPLINE_CURVE_WITH_KNOTS('',2,(#14244,#14245,#14246),
 .UNSPECIFIED.,.F.,.F.,(3,3),(0.,1.),.UNSPECIFIED.);
#3505=B_SPLINE_CURVE_WITH_KNOTS('',2,(#14249,#14250,#14251),
 .UNSPECIFIED.,.F.,.F.,(3,3),(0.,1.),.UNSPECIFIED.);
#3506=B_SPLINE_CURVE_WITH_KNOTS('',2,(#14259,#14260,#14261),
 .UNSPECIFIED.,.F.,.F.,(3,3),(0.,1.),.UNSPECIFIED.);
#3507=B_SPLINE_CURVE_WITH_KNOTS('',2,(#14264,#14265,#14266),
 .UNSPECIFIED.,.F.,.F.,(3,3),(0.,1.),.UNSPECIFIED.);
#3508=B_SPLINE_CURVE_WITH_KNOTS('',2,(#14274,#14275,#14276),
 .UNSPECIFIED.,.F.,.F.,(3,3),(0.,1.),.UNSPECIFIED.);
#3509=B_SPLINE_CURVE_WITH_KNOTS('',2,(#14279,#14280,#14281),
 .UNSPECIFIED.,.F.,.F.,(3,3),(0.,1.),.UNSPECIFIED.);
#3510=B_SPLINE_CURVE_WITH_KNOTS('',2,(#14288,#14289,#14290),
 .UNSPECIFIED.,.F.,.F.,(3,3),(0.,1.),.UNSPECIFIED.);
#3511=B_SPLINE_CURVE_WITH_KNOTS('',2,(#14291,#14292,#14293),
 .UNSPECIFIED.,.F.,.F.,(3,3),(0.,1.),.UNSPECIFIED.);
#3512=B_SPLINE_CURVE_WITH_KNOTS('',2,(#14302,#14303,#14304),
 .UNSPECIFIED.,.F.,.F.,(3,3),(0.,1.),.UNSPECIFIED.);
#3513=B_SPLINE_CURVE_WITH_KNOTS('',2,(#14308,#14309,#14310),
 .UNSPECIFIED.,.F.,.F.,(3,3),(0.,1.),.UNSPECIFIED.);
#3514=B_SPLINE_CURVE_WITH_KNOTS('',2,(#14319,#14320,#14321),
 .UNSPECIFIED.,.F.,.F.,(3,3),(0.,1.),.UNSPECIFIED.);
#3515=B_SPLINE_CURVE_WITH_KNOTS('',2,(#14324,#14325,#14326),
 .UNSPECIFIED.,.F.,.F.,(3,3),(0.,1.),.UNSPECIFIED.);
#3516=B_SPLINE_CURVE_WITH_KNOTS('',2,(#14334,#14335,#14336),
 .UNSPECIFIED.,.F.,.F.,(3,3),(0.,1.),.UNSPECIFIED.);
#3517=B_SPLINE_CURVE_WITH_KNOTS('',2,(#14339,#14340,#14341),
 .UNSPECIFIED.,.F.,.F.,(3,3),(0.,1.),.UNSPECIFIED.);
#3518=B_SPLINE_CURVE_WITH_KNOTS('',2,(#14349,#14350,#14351),
 .UNSPECIFIED.,.F.,.F.,(3,3),(0.,1.),.UNSPECIFIED.);
#3519=B_SPLINE_CURVE_WITH_KNOTS('',2,(#14354,#14355,#14356),
 .UNSPECIFIED.,.F.,.F.,(3,3),(0.,1.),.UNSPECIFIED.);
#3520=B_SPLINE_CURVE_WITH_KNOTS('',2,(#14364,#14365,#14366),
 .UNSPECIFIED.,.F.,.F.,(3,3),(0.,1.),.UNSPECIFIED.);
#3521=B_SPLINE_CURVE_WITH_KNOTS('',2,(#14369,#14370,#14371),
 .UNSPECIFIED.,.F.,.F.,(3,3),(0.,1.),.UNSPECIFIED.);
#3522=B_SPLINE_CURVE_WITH_KNOTS('',2,(#14379,#14380,#14381),
 .UNSPECIFIED.,.F.,.F.,(3,3),(0.,1.),.UNSPECIFIED.);
#3523=B_SPLINE_CURVE_WITH_KNOTS('',2,(#14384,#14385,#14386),
 .UNSPECIFIED.,.F.,.F.,(3,3),(0.,1.),.UNSPECIFIED.);
#3524=B_SPLINE_CURVE_WITH_KNOTS('',2,(#14394,#14395,#14396),
 .UNSPECIFIED.,.F.,.F.,(3,3),(0.,1.),.UNSPECIFIED.);
#3525=B_SPLINE_CURVE_WITH_KNOTS('',2,(#14399,#14400,#14401),
 .UNSPECIFIED.,.F.,.F.,(3,3),(0.,1.),.UNSPECIFIED.);
#3526=B_SPLINE_CURVE_WITH_KNOTS('',2,(#14409,#14410,#14411),
 .UNSPECIFIED.,.F.,.F.,(3,3),(0.,1.),.UNSPECIFIED.);
#3527=B_SPLINE_CURVE_WITH_KNOTS('',2,(#14414,#14415,#14416),
 .UNSPECIFIED.,.F.,.F.,(3,3),(0.,1.),.UNSPECIFIED.);
#3528=B_SPLINE_CURVE_WITH_KNOTS('',2,(#14424,#14425,#14426),
 .UNSPECIFIED.,.F.,.F.,(3,3),(0.,1.),.UNSPECIFIED.);
#3529=B_SPLINE_CURVE_WITH_KNOTS('',2,(#14429,#14430,#14431),
 .UNSPECIFIED.,.F.,.F.,(3,3),(0.,1.),.UNSPECIFIED.);
#3530=B_SPLINE_CURVE_WITH_KNOTS('',2,(#14439,#14440,#14441),
 .UNSPECIFIED.,.F.,.F.,(3,3),(0.,1.),.UNSPECIFIED.);
#3531=B_SPLINE_CURVE_WITH_KNOTS('',2,(#14444,#14445,#14446),
 .UNSPECIFIED.,.F.,.F.,(3,3),(0.,1.),.UNSPECIFIED.);
#3532=B_SPLINE_CURVE_WITH_KNOTS('',2,(#14454,#14455,#14456),
 .UNSPECIFIED.,.F.,.F.,(3,3),(0.,1.),.UNSPECIFIED.);
#3533=B_SPLINE_CURVE_WITH_KNOTS('',2,(#14459,#14460,#14461),
 .UNSPECIFIED.,.F.,.F.,(3,3),(0.,1.),.UNSPECIFIED.);
#3534=B_SPLINE_CURVE_WITH_KNOTS('',2,(#14468,#14469,#14470),
 .UNSPECIFIED.,.F.,.F.,(3,3),(0.,1.),.UNSPECIFIED.);
#3535=B_SPLINE_CURVE_WITH_KNOTS('',2,(#14471,#14472,#14473),
 .UNSPECIFIED.,.F.,.F.,(3,3),(0.,1.),.UNSPECIFIED.);
#3536=B_SPLINE_CURVE_WITH_KNOTS('',2,(#14508,#14509,#14510),
 .UNSPECIFIED.,.F.,.F.,(3,3),(0.,1.),.UNSPECIFIED.);
#3537=B_SPLINE_CURVE_WITH_KNOTS('',2,(#14514,#14515,#14516),
 .UNSPECIFIED.,.F.,.F.,(3,3),(0.,1.),.UNSPECIFIED.);
#3538=B_SPLINE_CURVE_WITH_KNOTS('',2,(#14525,#14526,#14527),
 .UNSPECIFIED.,.F.,.F.,(3,3),(0.,1.),.UNSPECIFIED.);
#3539=B_SPLINE_CURVE_WITH_KNOTS('',2,(#14530,#14531,#14532),
 .UNSPECIFIED.,.F.,.F.,(3,3),(0.,1.),.UNSPECIFIED.);
#3540=B_SPLINE_CURVE_WITH_KNOTS('',2,(#14540,#14541,#14542),
 .UNSPECIFIED.,.F.,.F.,(3,3),(0.,1.),.UNSPECIFIED.);
#3541=B_SPLINE_CURVE_WITH_KNOTS('',2,(#14545,#14546,#14547),
 .UNSPECIFIED.,.F.,.F.,(3,3),(0.,1.),.UNSPECIFIED.);
#3542=B_SPLINE_CURVE_WITH_KNOTS('',2,(#14555,#14556,#14557),
 .UNSPECIFIED.,.F.,.F.,(3,3),(0.,1.),.UNSPECIFIED.);
#3543=B_SPLINE_CURVE_WITH_KNOTS('',2,(#14560,#14561,#14562),
 .UNSPECIFIED.,.F.,.F.,(3,3),(0.,1.),.UNSPECIFIED.);
#3544=B_SPLINE_CURVE_WITH_KNOTS('',2,(#14570,#14571,#14572),
 .UNSPECIFIED.,.F.,.F.,(3,3),(0.,1.),.UNSPECIFIED.);
#3545=B_SPLINE_CURVE_WITH_KNOTS('',2,(#14575,#14576,#14577),
 .UNSPECIFIED.,.F.,.F.,(3,3),(0.,1.),.UNSPECIFIED.);
#3546=B_SPLINE_CURVE_WITH_KNOTS('',2,(#14585,#14586,#14587),
 .UNSPECIFIED.,.F.,.F.,(3,3),(0.,1.),.UNSPECIFIED.);
#3547=B_SPLINE_CURVE_WITH_KNOTS('',2,(#14590,#14591,#14592),
 .UNSPECIFIED.,.F.,.F.,(3,3),(0.,1.),.UNSPECIFIED.);
#3548=B_SPLINE_CURVE_WITH_KNOTS('',2,(#14600,#14601,#14602),
 .UNSPECIFIED.,.F.,.F.,(3,3),(0.,1.),.UNSPECIFIED.);
#3549=B_SPLINE_CURVE_WITH_KNOTS('',2,(#14605,#14606,#14607),
 .UNSPECIFIED.,.F.,.F.,(3,3),(0.,1.),.UNSPECIFIED.);
#3550=B_SPLINE_CURVE_WITH_KNOTS('',2,(#14614,#14615,#14616),
 .UNSPECIFIED.,.F.,.F.,(3,3),(0.,1.),.UNSPECIFIED.);
#3551=B_SPLINE_CURVE_WITH_KNOTS('',2,(#14617,#14618,#14619),
 .UNSPECIFIED.,.F.,.F.,(3,3),(0.,1.),.UNSPECIFIED.);
#3552=B_SPLINE_CURVE_WITH_KNOTS('',2,(#14628,#14629,#14630),
 .UNSPECIFIED.,.F.,.F.,(3,3),(0.,1.),.UNSPECIFIED.);
#3553=B_SPLINE_CURVE_WITH_KNOTS('',2,(#14634,#14635,#14636),
 .UNSPECIFIED.,.F.,.F.,(3,3),(0.,1.),.UNSPECIFIED.);
#3554=B_SPLINE_CURVE_WITH_KNOTS('',2,(#14645,#14646,#14647),
 .UNSPECIFIED.,.F.,.F.,(3,3),(0.,1.),.UNSPECIFIED.);
#3555=B_SPLINE_CURVE_WITH_KNOTS('',2,(#14650,#14651,#14652),
 .UNSPECIFIED.,.F.,.F.,(3,3),(0.,1.),.UNSPECIFIED.);
#3556=B_SPLINE_CURVE_WITH_KNOTS('',2,(#14660,#14661,#14662),
 .UNSPECIFIED.,.F.,.F.,(3,3),(0.,1.),.UNSPECIFIED.);
#3557=B_SPLINE_CURVE_WITH_KNOTS('',2,(#14665,#14666,#14667),
 .UNSPECIFIED.,.F.,.F.,(3,3),(0.,1.),.UNSPECIFIED.);
#3558=B_SPLINE_CURVE_WITH_KNOTS('',2,(#14675,#14676,#14677),
 .UNSPECIFIED.,.F.,.F.,(3,3),(0.,1.),.UNSPECIFIED.);
#3559=B_SPLINE_CURVE_WITH_KNOTS('',2,(#14680,#14681,#14682),
 .UNSPECIFIED.,.F.,.F.,(3,3),(0.,1.),.UNSPECIFIED.);
#3560=B_SPLINE_CURVE_WITH_KNOTS('',2,(#14690,#14691,#14692),
 .UNSPECIFIED.,.F.,.F.,(3,3),(0.,1.),.UNSPECIFIED.);
#3561=B_SPLINE_CURVE_WITH_KNOTS('',2,(#14695,#14696,#14697),
 .UNSPECIFIED.,.F.,.F.,(3,3),(0.,1.),.UNSPECIFIED.);
#3562=B_SPLINE_CURVE_WITH_KNOTS('',2,(#14705,#14706,#14707),
 .UNSPECIFIED.,.F.,.F.,(3,3),(0.,1.),.UNSPECIFIED.);
#3563=B_SPLINE_CURVE_WITH_KNOTS('',2,(#14710,#14711,#14712),
 .UNSPECIFIED.,.F.,.F.,(3,3),(0.,1.),.UNSPECIFIED.);
#3564=B_SPLINE_CURVE_WITH_KNOTS('',2,(#14720,#14721,#14722),
 .UNSPECIFIED.,.F.,.F.,(3,3),(0.,1.),.UNSPECIFIED.);
#3565=B_SPLINE_CURVE_WITH_KNOTS('',2,(#14725,#14726,#14727),
 .UNSPECIFIED.,.F.,.F.,(3,3),(0.,1.),.UNSPECIFIED.);
#3566=B_SPLINE_CURVE_WITH_KNOTS('',2,(#14735,#14736,#14737),
 .UNSPECIFIED.,.F.,.F.,(3,3),(0.,1.),.UNSPECIFIED.);
#3567=B_SPLINE_CURVE_WITH_KNOTS('',2,(#14740,#14741,#14742),
 .UNSPECIFIED.,.F.,.F.,(3,3),(0.,1.),.UNSPECIFIED.);
#3568=B_SPLINE_CURVE_WITH_KNOTS('',2,(#14750,#14751,#14752),
 .UNSPECIFIED.,.F.,.F.,(3,3),(0.,1.),.UNSPECIFIED.);
#3569=B_SPLINE_CURVE_WITH_KNOTS('',2,(#14755,#14756,#14757),
 .UNSPECIFIED.,.F.,.F.,(3,3),(0.,1.),.UNSPECIFIED.);
#3570=B_SPLINE_CURVE_WITH_KNOTS('',2,(#14765,#14766,#14767),
 .UNSPECIFIED.,.F.,.F.,(3,3),(0.,1.),.UNSPECIFIED.);
#3571=B_SPLINE_CURVE_WITH_KNOTS('',2,(#14770,#14771,#14772),
 .UNSPECIFIED.,.F.,.F.,(3,3),(0.,1.),.UNSPECIFIED.);
#3572=B_SPLINE_CURVE_WITH_KNOTS('',2,(#14780,#14781,#14782),
 .UNSPECIFIED.,.F.,.F.,(3,3),(0.,1.),.UNSPECIFIED.);
#3573=B_SPLINE_CURVE_WITH_KNOTS('',2,(#14785,#14786,#14787),
 .UNSPECIFIED.,.F.,.F.,(3,3),(0.,1.),.UNSPECIFIED.);
#3574=B_SPLINE_CURVE_WITH_KNOTS('',2,(#14794,#14795,#14796),
 .UNSPECIFIED.,.F.,.F.,(3,3),(0.,1.),.UNSPECIFIED.);
#3575=B_SPLINE_CURVE_WITH_KNOTS('',2,(#14797,#14798,#14799),
 .UNSPECIFIED.,.F.,.F.,(3,3),(0.,1.),.UNSPECIFIED.);
#3576=B_SPLINE_CURVE_WITH_KNOTS('',2,(#14809,#14810,#14811),
 .UNSPECIFIED.,.F.,.F.,(3,3),(0.,1.),.UNSPECIFIED.);
#3577=B_SPLINE_CURVE_WITH_KNOTS('',2,(#14815,#14816,#14817),
 .UNSPECIFIED.,.F.,.F.,(3,3),(0.,1.),.UNSPECIFIED.);
#3578=B_SPLINE_CURVE_WITH_KNOTS('',2,(#14826,#14827,#14828),
 .UNSPECIFIED.,.F.,.F.,(3,3),(0.,1.),.UNSPECIFIED.);
#3579=B_SPLINE_CURVE_WITH_KNOTS('',2,(#14831,#14832,#14833),
 .UNSPECIFIED.,.F.,.F.,(3,3),(0.,1.),.UNSPECIFIED.);
#3580=B_SPLINE_CURVE_WITH_KNOTS('',2,(#14841,#14842,#14843),
 .UNSPECIFIED.,.F.,.F.,(3,3),(0.,1.),.UNSPECIFIED.);
#3581=B_SPLINE_CURVE_WITH_KNOTS('',2,(#14846,#14847,#14848),
 .UNSPECIFIED.,.F.,.F.,(3,3),(0.,1.),.UNSPECIFIED.);
#3582=B_SPLINE_CURVE_WITH_KNOTS('',2,(#14856,#14857,#14858),
 .UNSPECIFIED.,.F.,.F.,(3,3),(0.,1.),.UNSPECIFIED.);
#3583=B_SPLINE_CURVE_WITH_KNOTS('',2,(#14861,#14862,#14863),
 .UNSPECIFIED.,.F.,.F.,(3,3),(0.,1.),.UNSPECIFIED.);
#3584=B_SPLINE_CURVE_WITH_KNOTS('',2,(#14871,#14872,#14873),
 .UNSPECIFIED.,.F.,.F.,(3,3),(0.,1.),.UNSPECIFIED.);
#3585=B_SPLINE_CURVE_WITH_KNOTS('',2,(#14876,#14877,#14878),
 .UNSPECIFIED.,.F.,.F.,(3,3),(0.,1.),.UNSPECIFIED.);
#3586=B_SPLINE_CURVE_WITH_KNOTS('',2,(#14886,#14887,#14888),
 .UNSPECIFIED.,.F.,.F.,(3,3),(0.,1.),.UNSPECIFIED.);
#3587=B_SPLINE_CURVE_WITH_KNOTS('',2,(#14891,#14892,#14893),
 .UNSPECIFIED.,.F.,.F.,(3,3),(0.,1.),.UNSPECIFIED.);
#3588=B_SPLINE_CURVE_WITH_KNOTS('',2,(#14901,#14902,#14903),
 .UNSPECIFIED.,.F.,.F.,(3,3),(0.,1.),.UNSPECIFIED.);
#3589=B_SPLINE_CURVE_WITH_KNOTS('',2,(#14906,#14907,#14908),
 .UNSPECIFIED.,.F.,.F.,(3,3),(0.,1.),.UNSPECIFIED.);
#3590=B_SPLINE_CURVE_WITH_KNOTS('',2,(#14915,#14916,#14917),
 .UNSPECIFIED.,.F.,.F.,(3,3),(0.,1.),.UNSPECIFIED.);
#3591=B_SPLINE_CURVE_WITH_KNOTS('',2,(#14918,#14919,#14920),
 .UNSPECIFIED.,.F.,.F.,(3,3),(0.,1.),.UNSPECIFIED.);
#3592=B_SPLINE_CURVE_WITH_KNOTS('',2,(#14929,#14930,#14931),
 .UNSPECIFIED.,.F.,.F.,(3,3),(0.,1.),.UNSPECIFIED.);
#3593=B_SPLINE_CURVE_WITH_KNOTS('',2,(#14935,#14936,#14937),
 .UNSPECIFIED.,.F.,.F.,(3,3),(0.,1.),.UNSPECIFIED.);
#3594=B_SPLINE_CURVE_WITH_KNOTS('',2,(#14946,#14947,#14948),
 .UNSPECIFIED.,.F.,.F.,(3,3),(0.,1.),.UNSPECIFIED.);
#3595=B_SPLINE_CURVE_WITH_KNOTS('',2,(#14951,#14952,#14953),
 .UNSPECIFIED.,.F.,.F.,(3,3),(0.,1.),.UNSPECIFIED.);
#3596=B_SPLINE_CURVE_WITH_KNOTS('',2,(#14961,#14962,#14963),
 .UNSPECIFIED.,.F.,.F.,(3,3),(0.,1.),.UNSPECIFIED.);
#3597=B_SPLINE_CURVE_WITH_KNOTS('',2,(#14966,#14967,#14968),
 .UNSPECIFIED.,.F.,.F.,(3,3),(0.,1.),.UNSPECIFIED.);
#3598=B_SPLINE_CURVE_WITH_KNOTS('',2,(#14976,#14977,#14978),
 .UNSPECIFIED.,.F.,.F.,(3,3),(0.,1.),.UNSPECIFIED.);
#3599=B_SPLINE_CURVE_WITH_KNOTS('',2,(#14981,#14982,#14983),
 .UNSPECIFIED.,.F.,.F.,(3,3),(0.,1.),.UNSPECIFIED.);
#3600=B_SPLINE_CURVE_WITH_KNOTS('',2,(#14991,#14992,#14993),
 .UNSPECIFIED.,.F.,.F.,(3,3),(0.,1.),.UNSPECIFIED.);
#3601=B_SPLINE_CURVE_WITH_KNOTS('',2,(#14996,#14997,#14998),
 .UNSPECIFIED.,.F.,.F.,(3,3),(0.,1.),.UNSPECIFIED.);
#3602=B_SPLINE_CURVE_WITH_KNOTS('',2,(#15006,#15007,#15008),
 .UNSPECIFIED.,.F.,.F.,(3,3),(0.,1.),.UNSPECIFIED.);
#3603=B_SPLINE_CURVE_WITH_KNOTS('',2,(#15011,#15012,#15013),
 .UNSPECIFIED.,.F.,.F.,(3,3),(0.,1.),.UNSPECIFIED.);
#3604=B_SPLINE_CURVE_WITH_KNOTS('',2,(#15021,#15022,#15023),
 .UNSPECIFIED.,.F.,.F.,(3,3),(0.,1.),.UNSPECIFIED.);
#3605=B_SPLINE_CURVE_WITH_KNOTS('',2,(#15026,#15027,#15028),
 .UNSPECIFIED.,.F.,.F.,(3,3),(0.,1.),.UNSPECIFIED.);
#3606=B_SPLINE_CURVE_WITH_KNOTS('',2,(#15036,#15037,#15038),
 .UNSPECIFIED.,.F.,.F.,(3,3),(0.,1.),.UNSPECIFIED.);
#3607=B_SPLINE_CURVE_WITH_KNOTS('',2,(#15041,#15042,#15043),
 .UNSPECIFIED.,.F.,.F.,(3,3),(0.,1.),.UNSPECIFIED.);
#3608=B_SPLINE_CURVE_WITH_KNOTS('',2,(#15051,#15052,#15053),
 .UNSPECIFIED.,.F.,.F.,(3,3),(0.,1.),.UNSPECIFIED.);
#3609=B_SPLINE_CURVE_WITH_KNOTS('',2,(#15056,#15057,#15058),
 .UNSPECIFIED.,.F.,.F.,(3,3),(0.,1.),.UNSPECIFIED.);
#3610=B_SPLINE_CURVE_WITH_KNOTS('',2,(#15066,#15067,#15068),
 .UNSPECIFIED.,.F.,.F.,(3,3),(0.,1.),.UNSPECIFIED.);
#3611=B_SPLINE_CURVE_WITH_KNOTS('',2,(#15071,#15072,#15073),
 .UNSPECIFIED.,.F.,.F.,(3,3),(0.,1.),.UNSPECIFIED.);
#3612=B_SPLINE_CURVE_WITH_KNOTS('',2,(#15081,#15082,#15083),
 .UNSPECIFIED.,.F.,.F.,(3,3),(0.,1.),.UNSPECIFIED.);
#3613=B_SPLINE_CURVE_WITH_KNOTS('',2,(#15086,#15087,#15088),
 .UNSPECIFIED.,.F.,.F.,(3,3),(0.,1.),.UNSPECIFIED.);
#3614=B_SPLINE_CURVE_WITH_KNOTS('',2,(#15095,#15096,#15097),
 .UNSPECIFIED.,.F.,.F.,(3,3),(0.,1.),.UNSPECIFIED.);
#3615=B_SPLINE_CURVE_WITH_KNOTS('',2,(#15098,#15099,#15100),
 .UNSPECIFIED.,.F.,.F.,(3,3),(0.,1.),.UNSPECIFIED.);
#3616=B_SPLINE_CURVE_WITH_KNOTS('',2,(#15208,#15209,#15210),
 .UNSPECIFIED.,.F.,.F.,(3,3),(0.,1.),.UNSPECIFIED.);
#3617=B_SPLINE_CURVE_WITH_KNOTS('',2,(#15214,#15215,#15216),
 .UNSPECIFIED.,.F.,.F.,(3,3),(0.,1.),.UNSPECIFIED.);
#3618=B_SPLINE_CURVE_WITH_KNOTS('',2,(#15225,#15226,#15227),
 .UNSPECIFIED.,.F.,.F.,(3,3),(0.,1.),.UNSPECIFIED.);
#3619=B_SPLINE_CURVE_WITH_KNOTS('',2,(#15230,#15231,#15232),
 .UNSPECIFIED.,.F.,.F.,(3,3),(0.,1.),.UNSPECIFIED.);
#3620=B_SPLINE_CURVE_WITH_KNOTS('',2,(#15240,#15241,#15242),
 .UNSPECIFIED.,.F.,.F.,(3,3),(0.,1.),.UNSPECIFIED.);
#3621=B_SPLINE_CURVE_WITH_KNOTS('',2,(#15245,#15246,#15247),
 .UNSPECIFIED.,.F.,.F.,(3,3),(0.,1.),.UNSPECIFIED.);
#3622=B_SPLINE_CURVE_WITH_KNOTS('',2,(#15255,#15256,#15257),
 .UNSPECIFIED.,.F.,.F.,(3,3),(0.,1.),.UNSPECIFIED.);
#3623=B_SPLINE_CURVE_WITH_KNOTS('',2,(#15260,#15261,#15262),
 .UNSPECIFIED.,.F.,.F.,(3,3),(0.,1.),.UNSPECIFIED.);
#3624=B_SPLINE_CURVE_WITH_KNOTS('',2,(#15270,#15271,#15272),
 .UNSPECIFIED.,.F.,.F.,(3,3),(0.,1.),.UNSPECIFIED.);
#3625=B_SPLINE_CURVE_WITH_KNOTS('',2,(#15275,#15276,#15277),
 .UNSPECIFIED.,.F.,.F.,(3,3),(0.,1.),.UNSPECIFIED.);
#3626=B_SPLINE_CURVE_WITH_KNOTS('',2,(#15303,#15304,#15305),
 .UNSPECIFIED.,.F.,.F.,(3,3),(0.,1.),.UNSPECIFIED.);
#3627=B_SPLINE_CURVE_WITH_KNOTS('',2,(#15308,#15309,#15310),
 .UNSPECIFIED.,.F.,.F.,(3,3),(0.,1.),.UNSPECIFIED.);
#3628=B_SPLINE_CURVE_WITH_KNOTS('',2,(#15318,#15319,#15320),
 .UNSPECIFIED.,.F.,.F.,(3,3),(0.,1.),.UNSPECIFIED.);
#3629=B_SPLINE_CURVE_WITH_KNOTS('',2,(#15323,#15324,#15325),
 .UNSPECIFIED.,.F.,.F.,(3,3),(0.,1.),.UNSPECIFIED.);
#3630=B_SPLINE_CURVE_WITH_KNOTS('',2,(#15333,#15334,#15335),
 .UNSPECIFIED.,.F.,.F.,(3,3),(0.,1.),.UNSPECIFIED.);
#3631=B_SPLINE_CURVE_WITH_KNOTS('',2,(#15338,#15339,#15340),
 .UNSPECIFIED.,.F.,.F.,(3,3),(0.,1.),.UNSPECIFIED.);
#3632=B_SPLINE_CURVE_WITH_KNOTS('',2,(#15348,#15349,#15350),
 .UNSPECIFIED.,.F.,.F.,(3,3),(0.,1.),.UNSPECIFIED.);
#3633=B_SPLINE_CURVE_WITH_KNOTS('',2,(#15353,#15354,#15355),
 .UNSPECIFIED.,.F.,.F.,(3,3),(0.,1.),.UNSPECIFIED.);
#3634=B_SPLINE_CURVE_WITH_KNOTS('',2,(#15363,#15364,#15365),
 .UNSPECIFIED.,.F.,.F.,(3,3),(0.,1.),.UNSPECIFIED.);
#3635=B_SPLINE_CURVE_WITH_KNOTS('',2,(#15368,#15369,#15370),
 .UNSPECIFIED.,.F.,.F.,(3,3),(0.,1.),.UNSPECIFIED.);
#3636=B_SPLINE_CURVE_WITH_KNOTS('',2,(#15378,#15379,#15380),
 .UNSPECIFIED.,.F.,.F.,(3,3),(0.,1.),.UNSPECIFIED.);
#3637=B_SPLINE_CURVE_WITH_KNOTS('',2,(#15383,#15384,#15385),
 .UNSPECIFIED.,.F.,.F.,(3,3),(0.,1.),.UNSPECIFIED.);
#3638=VERTEX_POINT('',#11139);
#3639=VERTEX_POINT('',#11140);
#3640=VERTEX_POINT('',#11144);
#3641=VERTEX_POINT('',#11146);
#3642=VERTEX_POINT('',#11157);
#3643=VERTEX_POINT('',#11161);
#3644=VERTEX_POINT('',#11172);
#3645=VERTEX_POINT('',#11176);
#3646=VERTEX_POINT('',#11187);
#3647=VERTEX_POINT('',#11191);
#3648=VERTEX_POINT('',#11202);
#3649=VERTEX_POINT('',#11206);
#3650=VERTEX_POINT('',#11217);
#3651=VERTEX_POINT('',#11221);
#3652=VERTEX_POINT('',#11232);
#3653=VERTEX_POINT('',#11236);
#3654=VERTEX_POINT('',#11247);
#3655=VERTEX_POINT('',#11251);
#3656=VERTEX_POINT('',#11274);
#3657=VERTEX_POINT('',#11275);
#3658=VERTEX_POINT('',#11279);
#3659=VERTEX_POINT('',#11281);
#3660=VERTEX_POINT('',#11292);
#3661=VERTEX_POINT('',#11296);
#3662=VERTEX_POINT('',#11307);
#3663=VERTEX_POINT('',#11311);
#3664=VERTEX_POINT('',#11322);
#3665=VERTEX_POINT('',#11326);
#3666=VERTEX_POINT('',#11337);
#3667=VERTEX_POINT('',#11341);
#3668=VERTEX_POINT('',#11352);
#3669=VERTEX_POINT('',#11356);
#3670=VERTEX_POINT('',#11367);
#3671=VERTEX_POINT('',#11371);
#3672=VERTEX_POINT('',#11382);
#3673=VERTEX_POINT('',#11386);
#3674=VERTEX_POINT('',#11397);
#3675=VERTEX_POINT('',#11401);
#3676=VERTEX_POINT('',#11412);
#3677=VERTEX_POINT('',#11416);
#3678=VERTEX_POINT('',#11435);
#3679=VERTEX_POINT('',#11436);
#3680=VERTEX_POINT('',#11438);
#3681=VERTEX_POINT('',#11440);
#3682=VERTEX_POINT('',#11444);
#3683=VERTEX_POINT('',#11446);
#3684=VERTEX_POINT('',#11450);
#3685=VERTEX_POINT('',#11452);
#3686=VERTEX_POINT('',#11456);
#3687=VERTEX_POINT('',#11458);
#3688=VERTEX_POINT('',#11462);
#3689=VERTEX_POINT('',#11464);
#3690=VERTEX_POINT('',#11468);
#3691=VERTEX_POINT('',#11470);
#3692=VERTEX_POINT('',#11474);
#3693=VERTEX_POINT('',#11476);
#3694=VERTEX_POINT('',#11480);
#3695=VERTEX_POINT('',#11482);
#3696=VERTEX_POINT('',#11486);
#3697=VERTEX_POINT('',#11488);
#3698=VERTEX_POINT('',#11492);
#3699=VERTEX_POINT('',#11494);
#3700=VERTEX_POINT('',#11498);
#3701=VERTEX_POINT('',#11500);
#3702=VERTEX_POINT('',#11508);
#3703=VERTEX_POINT('',#11509);
#3704=VERTEX_POINT('',#11511);
#3705=VERTEX_POINT('',#11513);
#3706=VERTEX_POINT('',#11517);
#3707=VERTEX_POINT('',#11519);
#3708=VERTEX_POINT('',#11523);
#3709=VERTEX_POINT('',#11525);
#3710=VERTEX_POINT('',#11529);
#3711=VERTEX_POINT('',#11531);
#3712=VERTEX_POINT('',#11535);
#3713=VERTEX_POINT('',#11537);
#3714=VERTEX_POINT('',#11541);
#3715=VERTEX_POINT('',#11543);
#3716=VERTEX_POINT('',#11547);
#3717=VERTEX_POINT('',#11549);
#3718=VERTEX_POINT('',#11553);
#3719=VERTEX_POINT('',#11555);
#3720=VERTEX_POINT('',#11559);
#3721=VERTEX_POINT('',#11561);
#3722=VERTEX_POINT('',#11570);
#3723=VERTEX_POINT('',#11574);
#3724=VERTEX_POINT('',#11585);
#3725=VERTEX_POINT('',#11589);
#3726=VERTEX_POINT('',#11595);
#3727=VERTEX_POINT('',#11597);
#3728=VERTEX_POINT('',#11601);
#3729=VERTEX_POINT('',#11603);
#3730=VERTEX_POINT('',#11607);
#3731=VERTEX_POINT('',#11609);
#3732=VERTEX_POINT('',#11617);
#3733=VERTEX_POINT('',#11618);
#3734=VERTEX_POINT('',#11620);
#3735=VERTEX_POINT('',#11622);
#3736=VERTEX_POINT('',#11626);
#3737=VERTEX_POINT('',#11628);
#3738=VERTEX_POINT('',#11635);
#3739=VERTEX_POINT('',#11636);
#3740=VERTEX_POINT('',#11638);
#3741=VERTEX_POINT('',#11640);
#3742=VERTEX_POINT('',#11644);
#3743=VERTEX_POINT('',#11646);
#3744=VERTEX_POINT('',#11650);
#3745=VERTEX_POINT('',#11652);
#3746=VERTEX_POINT('',#11656);
#3747=VERTEX_POINT('',#11658);
#3748=VERTEX_POINT('',#11662);
#3749=VERTEX_POINT('',#11664);
#3750=VERTEX_POINT('',#11668);
#3751=VERTEX_POINT('',#11670);
#3752=VERTEX_POINT('',#11674);
#3753=VERTEX_POINT('',#11676);
#3754=VERTEX_POINT('',#11680);
#3755=VERTEX_POINT('',#11682);
#3756=VERTEX_POINT('',#11686);
#3757=VERTEX_POINT('',#11688);
#3758=VERTEX_POINT('',#11692);
#3759=VERTEX_POINT('',#11694);
#3760=VERTEX_POINT('',#11702);
#3761=VERTEX_POINT('',#11703);
#3762=VERTEX_POINT('',#11705);
#3763=VERTEX_POINT('',#11707);
#3764=VERTEX_POINT('',#11716);
#3765=VERTEX_POINT('',#11720);
#3766=VERTEX_POINT('',#11731);
#3767=VERTEX_POINT('',#11735);
#3768=VERTEX_POINT('',#11741);
#3769=VERTEX_POINT('',#11743);
#3770=VERTEX_POINT('',#11752);
#3771=VERTEX_POINT('',#11756);
#3772=VERTEX_POINT('',#11767);
#3773=VERTEX_POINT('',#11771);
#3774=VERTEX_POINT('',#11777);
#3775=VERTEX_POINT('',#11779);
#3776=VERTEX_POINT('',#11783);
#3777=VERTEX_POINT('',#11785);
#3778=VERTEX_POINT('',#11798);
#3779=VERTEX_POINT('',#11799);
#3780=VERTEX_POINT('',#11803);
#3781=VERTEX_POINT('',#11805);
#3782=VERTEX_POINT('',#11816);
#3783=VERTEX_POINT('',#11820);
#3784=VERTEX_POINT('',#11831);
#3785=VERTEX_POINT('',#11835);
#3786=VERTEX_POINT('',#11846);
#3787=VERTEX_POINT('',#11850);
#3788=VERTEX_POINT('',#11861);
#3789=VERTEX_POINT('',#11865);
#3790=VERTEX_POINT('',#11876);
#3791=VERTEX_POINT('',#11880);
#3792=VERTEX_POINT('',#11891);
#3793=VERTEX_POINT('',#11895);
#3794=VERTEX_POINT('',#11918);
#3795=VERTEX_POINT('',#11919);
#3796=VERTEX_POINT('',#11923);
#3797=VERTEX_POINT('',#11925);
#3798=VERTEX_POINT('',#11936);
#3799=VERTEX_POINT('',#11940);
#3800=VERTEX_POINT('',#11951);
#3801=VERTEX_POINT('',#11955);
#3802=VERTEX_POINT('',#11966);
#3803=VERTEX_POINT('',#11970);
#3804=VERTEX_POINT('',#11981);
#3805=VERTEX_POINT('',#11985);
#3806=VERTEX_POINT('',#11996);
#3807=VERTEX_POINT('',#12000);
#3808=VERTEX_POINT('',#12011);
#3809=VERTEX_POINT('',#12015);
#3810=VERTEX_POINT('',#12026);
#3811=VERTEX_POINT('',#12030);
#3812=VERTEX_POINT('',#12041);
#3813=VERTEX_POINT('',#12045);
#3814=VERTEX_POINT('',#12056);
#3815=VERTEX_POINT('',#12060);
#3816=VERTEX_POINT('',#12071);
#3817=VERTEX_POINT('',#12075);
#3818=VERTEX_POINT('',#12099);
#3819=VERTEX_POINT('',#12100);
#3820=VERTEX_POINT('',#12104);
#3821=VERTEX_POINT('',#12106);
#3822=VERTEX_POINT('',#12117);
#3823=VERTEX_POINT('',#12121);
#3824=VERTEX_POINT('',#12127);
#3825=VERTEX_POINT('',#12129);
#3826=VERTEX_POINT('',#12133);
#3827=VERTEX_POINT('',#12135);
#3828=VERTEX_POINT('',#12142);
#3829=VERTEX_POINT('',#12143);
#3830=VERTEX_POINT('',#12145);
#3831=VERTEX_POINT('',#12147);
#3832=VERTEX_POINT('',#12151);
#3833=VERTEX_POINT('',#12153);
#3834=VERTEX_POINT('',#12157);
#3835=VERTEX_POINT('',#12159);
#3836=VERTEX_POINT('',#12163);
#3837=VERTEX_POINT('',#12165);
#3838=VERTEX_POINT('',#12169);
#3839=VERTEX_POINT('',#12171);
#3840=VERTEX_POINT('',#12175);
#3841=VERTEX_POINT('',#12177);
#3842=VERTEX_POINT('',#12181);
#3843=VERTEX_POINT('',#12183);
#3844=VERTEX_POINT('',#12196);
#3845=VERTEX_POINT('',#12197);
#3846=VERTEX_POINT('',#12201);
#3847=VERTEX_POINT('',#12203);
#3848=VERTEX_POINT('',#12214);
#3849=VERTEX_POINT('',#12218);
#3850=VERTEX_POINT('',#12229);
#3851=VERTEX_POINT('',#12233);
#3852=VERTEX_POINT('',#12244);
#3853=VERTEX_POINT('',#12248);
#3854=VERTEX_POINT('',#12259);
#3855=VERTEX_POINT('',#12263);
#3856=VERTEX_POINT('',#12274);
#3857=VERTEX_POINT('',#12278);
#3858=VERTEX_POINT('',#12289);
#3859=VERTEX_POINT('',#12293);
#3860=VERTEX_POINT('',#12304);
#3861=VERTEX_POINT('',#12308);
#3862=VERTEX_POINT('',#12331);
#3863=VERTEX_POINT('',#12332);
#3864=VERTEX_POINT('',#12336);
#3865=VERTEX_POINT('',#12338);
#3866=VERTEX_POINT('',#12349);
#3867=VERTEX_POINT('',#12353);
#3868=VERTEX_POINT('',#12364);
#3869=VERTEX_POINT('',#12368);
#3870=VERTEX_POINT('',#12379);
#3871=VERTEX_POINT('',#12383);
#3872=VERTEX_POINT('',#12394);
#3873=VERTEX_POINT('',#12398);
#3874=VERTEX_POINT('',#12409);
#3875=VERTEX_POINT('',#12413);
#3876=VERTEX_POINT('',#12424);
#3877=VERTEX_POINT('',#12428);
#3878=VERTEX_POINT('',#12439);
#3879=VERTEX_POINT('',#12443);
#3880=VERTEX_POINT('',#12454);
#3881=VERTEX_POINT('',#12458);
#3882=VERTEX_POINT('',#12469);
#3883=VERTEX_POINT('',#12473);
#3884=VERTEX_POINT('',#12484);
#3885=VERTEX_POINT('',#12488);
#3886=VERTEX_POINT('',#12499);
#3887=VERTEX_POINT('',#12503);
#3888=VERTEX_POINT('',#12514);
#3889=VERTEX_POINT('',#12518);
#3890=VERTEX_POINT('',#12529);
#3891=VERTEX_POINT('',#12533);
#3892=VERTEX_POINT('',#12544);
#3893=VERTEX_POINT('',#12548);
#3894=VERTEX_POINT('',#12559);
#3895=VERTEX_POINT('',#12563);
#3896=VERTEX_POINT('',#12574);
#3897=VERTEX_POINT('',#12578);
#3898=VERTEX_POINT('',#12584);
#3899=VERTEX_POINT('',#12586);
#3900=VERTEX_POINT('',#12608);
#3901=VERTEX_POINT('',#12609);
#3902=VERTEX_POINT('',#12613);
#3903=VERTEX_POINT('',#12615);
#3904=VERTEX_POINT('',#12626);
#3905=VERTEX_POINT('',#12630);
#3906=VERTEX_POINT('',#12641);
#3907=VERTEX_POINT('',#12645);
#3908=VERTEX_POINT('',#12656);
#3909=VERTEX_POINT('',#12660);
#3910=VERTEX_POINT('',#12671);
#3911=VERTEX_POINT('',#12675);
#3912=VERTEX_POINT('',#12686);
#3913=VERTEX_POINT('',#12690);
#3914=VERTEX_POINT('',#12701);
#3915=VERTEX_POINT('',#12705);
#3916=VERTEX_POINT('',#12728);
#3917=VERTEX_POINT('',#12729);
#3918=VERTEX_POINT('',#12733);
#3919=VERTEX_POINT('',#12735);
#3920=VERTEX_POINT('',#12746);
#3921=VERTEX_POINT('',#12750);
#3922=VERTEX_POINT('',#12761);
#3923=VERTEX_POINT('',#12765);
#3924=VERTEX_POINT('',#12776);
#3925=VERTEX_POINT('',#12780);
#3926=VERTEX_POINT('',#12791);
#3927=VERTEX_POINT('',#12795);
#3928=VERTEX_POINT('',#12806);
#3929=VERTEX_POINT('',#12810);
#3930=VERTEX_POINT('',#12821);
#3931=VERTEX_POINT('',#12825);
#3932=VERTEX_POINT('',#12836);
#3933=VERTEX_POINT('',#12840);
#3934=VERTEX_POINT('',#12851);
#3935=VERTEX_POINT('',#12855);
#3936=VERTEX_POINT('',#12866);
#3937=VERTEX_POINT('',#12870);
#3938=VERTEX_POINT('',#12881);
#3939=VERTEX_POINT('',#12885);
#3940=VERTEX_POINT('',#12904);
#3941=VERTEX_POINT('',#12905);
#3942=VERTEX_POINT('',#12907);
#3943=VERTEX_POINT('',#12909);
#3944=VERTEX_POINT('',#12918);
#3945=VERTEX_POINT('',#12922);
#3946=VERTEX_POINT('',#12933);
#3947=VERTEX_POINT('',#12937);
#3948=VERTEX_POINT('',#12943);
#3949=VERTEX_POINT('',#12945);
#3950=VERTEX_POINT('',#12954);
#3951=VERTEX_POINT('',#12958);
#3952=VERTEX_POINT('',#12969);
#3953=VERTEX_POINT('',#12973);
#3954=VERTEX_POINT('',#12979);
#3955=VERTEX_POINT('',#12981);
#3956=VERTEX_POINT('',#12985);
#3957=VERTEX_POINT('',#12987);
#3958=VERTEX_POINT('',#13000);
#3959=VERTEX_POINT('',#13001);
#3960=VERTEX_POINT('',#13005);
#3961=VERTEX_POINT('',#13007);
#3962=VERTEX_POINT('',#13018);
#3963=VERTEX_POINT('',#13022);
#3964=VERTEX_POINT('',#13033);
#3965=VERTEX_POINT('',#13037);
#3966=VERTEX_POINT('',#13048);
#3967=VERTEX_POINT('',#13052);
#3968=VERTEX_POINT('',#13063);
#3969=VERTEX_POINT('',#13067);
#3970=VERTEX_POINT('',#13078);
#3971=VERTEX_POINT('',#13082);
#3972=VERTEX_POINT('',#13093);
#3973=VERTEX_POINT('',#13097);
#3974=VERTEX_POINT('',#13108);
#3975=VERTEX_POINT('',#13112);
#3976=VERTEX_POINT('',#13123);
#3977=VERTEX_POINT('',#13127);
#3978=VERTEX_POINT('',#13133);
#3979=VERTEX_POINT('',#13135);
#3980=VERTEX_POINT('',#13144);
#3981=VERTEX_POINT('',#13148);
#3982=VERTEX_POINT('',#13159);
#3983=VERTEX_POINT('',#13163);
#3984=VERTEX_POINT('',#13174);
#3985=VERTEX_POINT('',#13178);
#3986=VERTEX_POINT('',#13189);
#3987=VERTEX_POINT('',#13193);
#3988=VERTEX_POINT('',#13204);
#3989=VERTEX_POINT('',#13208);
#3990=VERTEX_POINT('',#13219);
#3991=VERTEX_POINT('',#13223);
#3992=VERTEX_POINT('',#13234);
#3993=VERTEX_POINT('',#13238);
#3994=VERTEX_POINT('',#13249);
#3995=VERTEX_POINT('',#13253);
#3996=VERTEX_POINT('',#13264);
#3997=VERTEX_POINT('',#13268);
#3998=VERTEX_POINT('',#13274);
#3999=VERTEX_POINT('',#13276);
#4000=VERTEX_POINT('',#13280);
#4001=VERTEX_POINT('',#13282);
#4002=VERTEX_POINT('',#13295);
#4003=VERTEX_POINT('',#13296);
#4004=VERTEX_POINT('',#13300);
#4005=VERTEX_POINT('',#13302);
#4006=VERTEX_POINT('',#13313);
#4007=VERTEX_POINT('',#13317);
#4008=VERTEX_POINT('',#13328);
#4009=VERTEX_POINT('',#13332);
#4010=VERTEX_POINT('',#13343);
#4011=VERTEX_POINT('',#13347);
#4012=VERTEX_POINT('',#13358);
#4013=VERTEX_POINT('',#13362);
#4014=VERTEX_POINT('',#13373);
#4015=VERTEX_POINT('',#13377);
#4016=VERTEX_POINT('',#13388);
#4017=VERTEX_POINT('',#13392);
#4018=VERTEX_POINT('',#13403);
#4019=VERTEX_POINT('',#13407);
#4020=VERTEX_POINT('',#13418);
#4021=VERTEX_POINT('',#13422);
#4022=VERTEX_POINT('',#13428);
#4023=VERTEX_POINT('',#13430);
#4024=VERTEX_POINT('',#13439);
#4025=VERTEX_POINT('',#13443);
#4026=VERTEX_POINT('',#13454);
#4027=VERTEX_POINT('',#13458);
#4028=VERTEX_POINT('',#13469);
#4029=VERTEX_POINT('',#13473);
#4030=VERTEX_POINT('',#13484);
#4031=VERTEX_POINT('',#13488);
#4032=VERTEX_POINT('',#13499);
#4033=VERTEX_POINT('',#13503);
#4034=VERTEX_POINT('',#13514);
#4035=VERTEX_POINT('',#13518);
#4036=VERTEX_POINT('',#13529);
#4037=VERTEX_POINT('',#13533);
#4038=VERTEX_POINT('',#13544);
#4039=VERTEX_POINT('',#13548);
#4040=VERTEX_POINT('',#13559);
#4041=VERTEX_POINT('',#13563);
#4042=VERTEX_POINT('',#13569);
#4043=VERTEX_POINT('',#13571);
#4044=VERTEX_POINT('',#13575);
#4045=VERTEX_POINT('',#13577);
#4046=VERTEX_POINT('',#13590);
#4047=VERTEX_POINT('',#13591);
#4048=VERTEX_POINT('',#13595);
#4049=VERTEX_POINT('',#13597);
#4050=VERTEX_POINT('',#13608);
#4051=VERTEX_POINT('',#13612);
#4052=VERTEX_POINT('',#13623);
#4053=VERTEX_POINT('',#13627);
#4054=VERTEX_POINT('',#13638);
#4055=VERTEX_POINT('',#13642);
#4056=VERTEX_POINT('',#13653);
#4057=VERTEX_POINT('',#13657);
#4058=VERTEX_POINT('',#13668);
#4059=VERTEX_POINT('',#13672);
#4060=VERTEX_POINT('',#13683);
#4061=VERTEX_POINT('',#13687);
#4062=VERTEX_POINT('',#13698);
#4063=VERTEX_POINT('',#13702);
#4064=VERTEX_POINT('',#13713);
#4065=VERTEX_POINT('',#13717);
#4066=VERTEX_POINT('',#13723);
#4067=VERTEX_POINT('',#13725);
#4068=VERTEX_POINT('',#13734);
#4069=VERTEX_POINT('',#13738);
#4070=VERTEX_POINT('',#13749);
#4071=VERTEX_POINT('',#13753);
#4072=VERTEX_POINT('',#13764);
#4073=VERTEX_POINT('',#13768);
#4074=VERTEX_POINT('',#13779);
#4075=VERTEX_POINT('',#13783);
#4076=VERTEX_POINT('',#13794);
#4077=VERTEX_POINT('',#13798);
#4078=VERTEX_POINT('',#13809);
#4079=VERTEX_POINT('',#13813);
#4080=VERTEX_POINT('',#13824);
#4081=VERTEX_POINT('',#13828);
#4082=VERTEX_POINT('',#13839);
#4083=VERTEX_POINT('',#13843);
#4084=VERTEX_POINT('',#13854);
#4085=VERTEX_POINT('',#13858);
#4086=VERTEX_POINT('',#13864);
#4087=VERTEX_POINT('',#13866);
#4088=VERTEX_POINT('',#13870);
#4089=VERTEX_POINT('',#13872);
#4090=VERTEX_POINT('',#13885);
#4091=VERTEX_POINT('',#13886);
#4092=VERTEX_POINT('',#13890);
#4093=VERTEX_POINT('',#13892);
#4094=VERTEX_POINT('',#13903);
#4095=VERTEX_POINT('',#13907);
#4096=VERTEX_POINT('',#13918);
#4097=VERTEX_POINT('',#13922);
#4098=VERTEX_POINT('',#13933);
#4099=VERTEX_POINT('',#13937);
#4100=VERTEX_POINT('',#13948);
#4101=VERTEX_POINT('',#13952);
#4102=VERTEX_POINT('',#13963);
#4103=VERTEX_POINT('',#13967);
#4104=VERTEX_POINT('',#13978);
#4105=VERTEX_POINT('',#13982);
#4106=VERTEX_POINT('',#13993);
#4107=VERTEX_POINT('',#13997);
#4108=VERTEX_POINT('',#14008);
#4109=VERTEX_POINT('',#14012);
#4110=VERTEX_POINT('',#14018);
#4111=VERTEX_POINT('',#14020);
#4112=VERTEX_POINT('',#14029);
#4113=VERTEX_POINT('',#14033);
#4114=VERTEX_POINT('',#14044);
#4115=VERTEX_POINT('',#14048);
#4116=VERTEX_POINT('',#14059);
#4117=VERTEX_POINT('',#14063);
#4118=VERTEX_POINT('',#14074);
#4119=VERTEX_POINT('',#14078);
#4120=VERTEX_POINT('',#14089);
#4121=VERTEX_POINT('',#14093);
#4122=VERTEX_POINT('',#14104);
#4123=VERTEX_POINT('',#14108);
#4124=VERTEX_POINT('',#14119);
#4125=VERTEX_POINT('',#14123);
#4126=VERTEX_POINT('',#14134);
#4127=VERTEX_POINT('',#14138);
#4128=VERTEX_POINT('',#14149);
#4129=VERTEX_POINT('',#14153);
#4130=VERTEX_POINT('',#14159);
#4131=VERTEX_POINT('',#14161);
#4132=VERTEX_POINT('',#14165);
#4133=VERTEX_POINT('',#14167);
#4134=VERTEX_POINT('',#14180);
#4135=VERTEX_POINT('',#14181);
#4136=VERTEX_POINT('',#14185);
#4137=VERTEX_POINT('',#14187);
#4138=VERTEX_POINT('',#14198);
#4139=VERTEX_POINT('',#14202);
#4140=VERTEX_POINT('',#14213);
#4141=VERTEX_POINT('',#14217);
#4142=VERTEX_POINT('',#14228);
#4143=VERTEX_POINT('',#14232);
#4144=VERTEX_POINT('',#14243);
#4145=VERTEX_POINT('',#14247);
#4146=VERTEX_POINT('',#14258);
#4147=VERTEX_POINT('',#14262);
#4148=VERTEX_POINT('',#14273);
#4149=VERTEX_POINT('',#14277);
#4150=VERTEX_POINT('',#14300);
#4151=VERTEX_POINT('',#14301);
#4152=VERTEX_POINT('',#14305);
#4153=VERTEX_POINT('',#14307);
#4154=VERTEX_POINT('',#14318);
#4155=VERTEX_POINT('',#14322);
#4156=VERTEX_POINT('',#14333);
#4157=VERTEX_POINT('',#14337);
#4158=VERTEX_POINT('',#14348);
#4159=VERTEX_POINT('',#14352);
#4160=VERTEX_POINT('',#14363);
#4161=VERTEX_POINT('',#14367);
#4162=VERTEX_POINT('',#14378);
#4163=VERTEX_POINT('',#14382);
#4164=VERTEX_POINT('',#14393);
#4165=VERTEX_POINT('',#14397);
#4166=VERTEX_POINT('',#14408);
#4167=VERTEX_POINT('',#14412);
#4168=VERTEX_POINT('',#14423);
#4169=VERTEX_POINT('',#14427);
#4170=VERTEX_POINT('',#14438);
#4171=VERTEX_POINT('',#14442);
#4172=VERTEX_POINT('',#14453);
#4173=VERTEX_POINT('',#14457);
#4174=VERTEX_POINT('',#14476);
#4175=VERTEX_POINT('',#14477);
#4176=VERTEX_POINT('',#14479);
#4177=VERTEX_POINT('',#14481);
#4178=VERTEX_POINT('',#14485);
#4179=VERTEX_POINT('',#14487);
#4180=VERTEX_POINT('',#14491);
#4181=VERTEX_POINT('',#14493);
#4182=VERTEX_POINT('',#14506);
#4183=VERTEX_POINT('',#14507);
#4184=VERTEX_POINT('',#14511);
#4185=VERTEX_POINT('',#14513);
#4186=VERTEX_POINT('',#14524);
#4187=VERTEX_POINT('',#14528);
#4188=VERTEX_POINT('',#14539);
#4189=VERTEX_POINT('',#14543);
#4190=VERTEX_POINT('',#14554);
#4191=VERTEX_POINT('',#14558);
#4192=VERTEX_POINT('',#14569);
#4193=VERTEX_POINT('',#14573);
#4194=VERTEX_POINT('',#14584);
#4195=VERTEX_POINT('',#14588);
#4196=VERTEX_POINT('',#14599);
#4197=VERTEX_POINT('',#14603);
#4198=VERTEX_POINT('',#14626);
#4199=VERTEX_POINT('',#14627);
#4200=VERTEX_POINT('',#14631);
#4201=VERTEX_POINT('',#14633);
#4202=VERTEX_POINT('',#14644);
#4203=VERTEX_POINT('',#14648);
#4204=VERTEX_POINT('',#14659);
#4205=VERTEX_POINT('',#14663);
#4206=VERTEX_POINT('',#14674);
#4207=VERTEX_POINT('',#14678);
#4208=VERTEX_POINT('',#14689);
#4209=VERTEX_POINT('',#14693);
#4210=VERTEX_POINT('',#14704);
#4211=VERTEX_POINT('',#14708);
#4212=VERTEX_POINT('',#14719);
#4213=VERTEX_POINT('',#14723);
#4214=VERTEX_POINT('',#14734);
#4215=VERTEX_POINT('',#14738);
#4216=VERTEX_POINT('',#14749);
#4217=VERTEX_POINT('',#14753);
#4218=VERTEX_POINT('',#14764);
#4219=VERTEX_POINT('',#14768);
#4220=VERTEX_POINT('',#14779);
#4221=VERTEX_POINT('',#14783);
#4222=VERTEX_POINT('',#14807);
#4223=VERTEX_POINT('',#14808);
#4224=VERTEX_POINT('',#14812);
#4225=VERTEX_POINT('',#14814);
#4226=VERTEX_POINT('',#14825);
#4227=VERTEX_POINT('',#14829);
#4228=VERTEX_POINT('',#14840);
#4229=VERTEX_POINT('',#14844);
#4230=VERTEX_POINT('',#14855);
#4231=VERTEX_POINT('',#14859);
#4232=VERTEX_POINT('',#14870);
#4233=VERTEX_POINT('',#14874);
#4234=VERTEX_POINT('',#14885);
#4235=VERTEX_POINT('',#14889);
#4236=VERTEX_POINT('',#14900);
#4237=VERTEX_POINT('',#14904);
#4238=VERTEX_POINT('',#14927);
#4239=VERTEX_POINT('',#14928);
#4240=VERTEX_POINT('',#14932);
#4241=VERTEX_POINT('',#14934);
#4242=VERTEX_POINT('',#14945);
#4243=VERTEX_POINT('',#14949);
#4244=VERTEX_POINT('',#14960);
#4245=VERTEX_POINT('',#14964);
#4246=VERTEX_POINT('',#14975);
#4247=VERTEX_POINT('',#14979);
#4248=VERTEX_POINT('',#14990);
#4249=VERTEX_POINT('',#14994);
#4250=VERTEX_POINT('',#15005);
#4251=VERTEX_POINT('',#15009);
#4252=VERTEX_POINT('',#15020);
#4253=VERTEX_POINT('',#15024);
#4254=VERTEX_POINT('',#15035);
#4255=VERTEX_POINT('',#15039);
#4256=VERTEX_POINT('',#15050);
#4257=VERTEX_POINT('',#15054);
#4258=VERTEX_POINT('',#15065);
#4259=VERTEX_POINT('',#15069);
#4260=VERTEX_POINT('',#15080);
#4261=VERTEX_POINT('',#15084);
#4262=VERTEX_POINT('',#15103);
#4263=VERTEX_POINT('',#15104);
#4264=VERTEX_POINT('',#15106);
#4265=VERTEX_POINT('',#15108);
#4266=VERTEX_POINT('',#15112);
#4267=VERTEX_POINT('',#15114);
#4268=VERTEX_POINT('',#15118);
#4269=VERTEX_POINT('',#15120);
#4270=VERTEX_POINT('',#15128);
#4271=VERTEX_POINT('',#15129);
#4272=VERTEX_POINT('',#15131);
#4273=VERTEX_POINT('',#15133);
#4274=VERTEX_POINT('',#15137);
#4275=VERTEX_POINT('',#15139);
#4276=VERTEX_POINT('',#15143);
#4277=VERTEX_POINT('',#15145);
#4278=VERTEX_POINT('',#15149);
#4279=VERTEX_POINT('',#15151);
#4280=VERTEX_POINT('',#15155);
#4281=VERTEX_POINT('',#15157);
#4282=VERTEX_POINT('',#15161);
#4283=VERTEX_POINT('',#15163);
#4284=VERTEX_POINT('',#15167);
#4285=VERTEX_POINT('',#15169);
#4286=VERTEX_POINT('',#15173);
#4287=VERTEX_POINT('',#15175);
#4288=VERTEX_POINT('',#15179);
#4289=VERTEX_POINT('',#15181);
#4290=VERTEX_POINT('',#15185);
#4291=VERTEX_POINT('',#15187);
#4292=VERTEX_POINT('',#15191);
#4293=VERTEX_POINT('',#15193);
#4294=VERTEX_POINT('',#15206);
#4295=VERTEX_POINT('',#15207);
#4296=VERTEX_POINT('',#15211);
#4297=VERTEX_POINT('',#15213);
#4298=VERTEX_POINT('',#15224);
#4299=VERTEX_POINT('',#15228);
#4300=VERTEX_POINT('',#15239);
#4301=VERTEX_POINT('',#15243);
#4302=VERTEX_POINT('',#15254);
#4303=VERTEX_POINT('',#15258);
#4304=VERTEX_POINT('',#15269);
#4305=VERTEX_POINT('',#15273);
#4306=VERTEX_POINT('',#15279);
#4307=VERTEX_POINT('',#15281);
#4308=VERTEX_POINT('',#15285);
#4309=VERTEX_POINT('',#15287);
#4310=VERTEX_POINT('',#15291);
#4311=VERTEX_POINT('',#15293);
#4312=VERTEX_POINT('',#15302);
#4313=VERTEX_POINT('',#15306);
#4314=VERTEX_POINT('',#15317);
#4315=VERTEX_POINT('',#15321);
#4316=VERTEX_POINT('',#15332);
#4317=VERTEX_POINT('',#15336);
#4318=VERTEX_POINT('',#15347);
#4319=VERTEX_POINT('',#15351);
#4320=VERTEX_POINT('',#15362);
#4321=VERTEX_POINT('',#15366);
#4322=VERTEX_POINT('',#15377);
#4323=VERTEX_POINT('',#15381);
#4324=VERTEX_POINT('',#15387);
#4325=VERTEX_POINT('',#15389);
#4326=VERTEX_POINT('',#15393);
#4327=VERTEX_POINT('',#15395);
#4328=VERTEX_POINT('',#15403);
#4329=VERTEX_POINT('',#15404);
#4330=VERTEX_POINT('',#15406);
#4331=VERTEX_POINT('',#15408);
#4332=VERTEX_POINT('',#15412);
#4333=VERTEX_POINT('',#15414);
#4334=VERTEX_POINT('',#15418);
#4335=VERTEX_POINT('',#15420);
#4336=VERTEX_POINT('',#15424);
#4337=VERTEX_POINT('',#15426);
#4338=VERTEX_POINT('',#15430);
#4339=VERTEX_POINT('',#15432);
#4340=VERTEX_POINT('',#15436);
#4341=VERTEX_POINT('',#15438);
#4342=VERTEX_POINT('',#15442);
#4343=VERTEX_POINT('',#15444);
#4344=VERTEX_POINT('',#15448);
#4345=VERTEX_POINT('',#15450);
#4346=VERTEX_POINT('',#15454);
#4347=VERTEX_POINT('',#15456);
#4348=VERTEX_POINT('',#15460);
#4349=VERTEX_POINT('',#15462);
#4350=VERTEX_POINT('',#15466);
#4351=VERTEX_POINT('',#15468);
#4352=VERTEX_POINT('',#15485);
#4353=VERTEX_POINT('',#15486);
#4354=VERTEX_POINT('',#15488);
#4355=VERTEX_POINT('',#15490);
#4356=VERTEX_POINT('',#15494);
#4357=VERTEX_POINT('',#15496);
#4358=VERTEX_POINT('',#15500);
#4359=VERTEX_POINT('',#15501);
#4360=VERTEX_POINT('',#15503);
#4361=VERTEX_POINT('',#15505);
#4362=VERTEX_POINT('',#15509);
#4363=VERTEX_POINT('',#15511);
#4364=VERTEX_POINT('',#15515);
#4365=VERTEX_POINT('',#15516);
#4366=VERTEX_POINT('',#15518);
#4367=VERTEX_POINT('',#15520);
#4368=VERTEX_POINT('',#15524);
#4369=VERTEX_POINT('',#15526);
#4370=VERTEX_POINT('',#15530);
#4371=VERTEX_POINT('',#15531);
#4372=VERTEX_POINT('',#15533);
#4373=VERTEX_POINT('',#15535);
#4374=VERTEX_POINT('',#15539);
#4375=VERTEX_POINT('',#15541);
#4376=VERTEX_POINT('',#15545);
#4377=VERTEX_POINT('',#15547);
#4378=VERTEX_POINT('',#15549);
#4379=VERTEX_POINT('',#15553);
#4380=VERTEX_POINT('',#15555);
#4381=VERTEX_POINT('',#15559);
#4382=VERTEX_POINT('',#15561);
#4383=VERTEX_POINT('',#15565);
#4384=VERTEX_POINT('',#15567);
#4385=VERTEX_POINT('',#15569);
#4386=VERTEX_POINT('',#15573);
#4387=VERTEX_POINT('',#15575);
#4388=VERTEX_POINT('',#15580);
#4389=VERTEX_POINT('',#15582);
#4390=VERTEX_POINT('',#15587);
#4391=VERTEX_POINT('',#15589);
#4392=VERTEX_POINT('',#15594);
#4393=VERTEX_POINT('',#15596);
#4394=VERTEX_POINT('',#15601);
#4395=VERTEX_POINT('',#15603);
#4396=VERTEX_POINT('',#15608);
#4397=VERTEX_POINT('',#15610);
#4398=VERTEX_POINT('',#15615);
#4399=VERTEX_POINT('',#15617);
#4400=VERTEX_POINT('',#15622);
#4401=VERTEX_POINT('',#15624);
#4402=VERTEX_POINT('',#15629);
#4403=VERTEX_POINT('',#15631);
#4404=VERTEX_POINT('',#15636);
#4405=VERTEX_POINT('',#15638);
#4406=VERTEX_POINT('',#15643);
#4407=VERTEX_POINT('',#15645);
#4408=VERTEX_POINT('',#15650);
#4409=VERTEX_POINT('',#15652);
#4410=VERTEX_POINT('',#15657);
#4411=VERTEX_POINT('',#15659);
#4412=VERTEX_POINT('',#15664);
#4413=VERTEX_POINT('',#15666);
#4414=VERTEX_POINT('',#15671);
#4415=VERTEX_POINT('',#15673);
#4416=VERTEX_POINT('',#15678);
#4417=VERTEX_POINT('',#15680);
#4418=VERTEX_POINT('',#15685);
#4419=VERTEX_POINT('',#15687);
#4420=VERTEX_POINT('',#15692);
#4421=VERTEX_POINT('',#15694);
#4422=VERTEX_POINT('',#15699);
#4423=VERTEX_POINT('',#15701);
#4424=VERTEX_POINT('',#15706);
#4425=VERTEX_POINT('',#15708);
#4426=VERTEX_POINT('',#15713);
#4427=VERTEX_POINT('',#15715);
#4428=VERTEX_POINT('',#15720);
#4429=VERTEX_POINT('',#15722);
#4430=VERTEX_POINT('',#15727);
#4431=VERTEX_POINT('',#15729);
#4432=VERTEX_POINT('',#15734);
#4433=VERTEX_POINT('',#15736);
#4434=VERTEX_POINT('',#15741);
#4435=VERTEX_POINT('',#15743);
#4436=VERTEX_POINT('',#15748);
#4437=VERTEX_POINT('',#15750);
#4438=VERTEX_POINT('',#15755);
#4439=VERTEX_POINT('',#15757);
#4440=VERTEX_POINT('',#15762);
#4441=VERTEX_POINT('',#15764);
#4442=VERTEX_POINT('',#15769);
#4443=VERTEX_POINT('',#15771);
#4444=VERTEX_POINT('',#15776);
#4445=VERTEX_POINT('',#15778);
#4446=VERTEX_POINT('',#15783);
#4447=VERTEX_POINT('',#15785);
#4448=VERTEX_POINT('',#15790);
#4449=VERTEX_POINT('',#15792);
#4450=VERTEX_POINT('',#15797);
#4451=VERTEX_POINT('',#15799);
#4452=VERTEX_POINT('',#15804);
#4453=VERTEX_POINT('',#15806);
#4454=VERTEX_POINT('',#15811);
#4455=VERTEX_POINT('',#15813);
#4456=VERTEX_POINT('',#15818);
#4457=VERTEX_POINT('',#15820);
#4458=VERTEX_POINT('',#15825);
#4459=VERTEX_POINT('',#15827);
#4460=VERTEX_POINT('',#15832);
#4461=VERTEX_POINT('',#15834);
#4462=VERTEX_POINT('',#15839);
#4463=VERTEX_POINT('',#15841);
#4464=VERTEX_POINT('',#15846);
#4465=VERTEX_POINT('',#15848);
#4466=VERTEX_POINT('',#15853);
#4467=VERTEX_POINT('',#15855);
#4468=VERTEX_POINT('',#15860);
#4469=VERTEX_POINT('',#15862);
#4470=VERTEX_POINT('',#15867);
#4471=VERTEX_POINT('',#15869);
#4472=VERTEX_POINT('',#15874);
#4473=VERTEX_POINT('',#15876);
#4474=VERTEX_POINT('',#15881);
#4475=VERTEX_POINT('',#15883);
#4476=VERTEX_POINT('',#15888);
#4477=VERTEX_POINT('',#15890);
#4478=VERTEX_POINT('',#15895);
#4479=VERTEX_POINT('',#15897);
#4480=VERTEX_POINT('',#15902);
#4481=VERTEX_POINT('',#15904);
#4482=VERTEX_POINT('',#15909);
#4483=VERTEX_POINT('',#15911);
#4484=VERTEX_POINT('',#15916);
#4485=VERTEX_POINT('',#15918);
#4486=VERTEX_POINT('',#15923);
#4487=VERTEX_POINT('',#15925);
#4488=VERTEX_POINT('',#15930);
#4489=VERTEX_POINT('',#15932);
#4490=VERTEX_POINT('',#15937);
#4491=VERTEX_POINT('',#15939);
#4492=VERTEX_POINT('',#15944);
#4493=VERTEX_POINT('',#15946);
#4494=VERTEX_POINT('',#15951);
#4495=VERTEX_POINT('',#15953);
#4496=VERTEX_POINT('',#15958);
#4497=VERTEX_POINT('',#15960);
#4498=VERTEX_POINT('',#15965);
#4499=VERTEX_POINT('',#15967);
#4500=VERTEX_POINT('',#15971);
#4501=VERTEX_POINT('',#15975);
#4502=VERTEX_POINT('',#15977);
#4503=VERTEX_POINT('',#15981);
#4504=VERTEX_POINT('',#15986);
#4505=VERTEX_POINT('',#15988);
#4506=VERTEX_POINT('',#15990);
#4507=VERTEX_POINT('',#15997);
#4508=VERTEX_POINT('',#15999);
#4509=VERTEX_POINT('',#16001);
#4510=VERTEX_POINT('',#16005);
#4511=VERTEX_POINT('',#16014);
#4512=EDGE_CURVE('',#3638,#3639,#3154,.T.);
#4513=EDGE_CURVE('',#3638,#3640,#1724,.T.);
#4514=EDGE_CURVE('',#3640,#3641,#3155,.T.);
#4515=EDGE_CURVE('',#3639,#3641,#1725,.T.);
#4516=EDGE_CURVE('',#3642,#3638,#3156,.T.);
#4517=EDGE_CURVE('',#3642,#3643,#1726,.T.);
#4518=EDGE_CURVE('',#3643,#3640,#3157,.T.);
#4519=EDGE_CURVE('',#3644,#3642,#3158,.T.);
#4520=EDGE_CURVE('',#3644,#3645,#1727,.T.);
#4521=EDGE_CURVE('',#3645,#3643,#3159,.T.);
#4522=EDGE_CURVE('',#3646,#3644,#3160,.T.);
#4523=EDGE_CURVE('',#3646,#3647,#1728,.T.);
#4524=EDGE_CURVE('',#3647,#3645,#3161,.T.);
#4525=EDGE_CURVE('',#3648,#3646,#3162,.T.);
#4526=EDGE_CURVE('',#3648,#3649,#1729,.T.);
#4527=EDGE_CURVE('',#3649,#3647,#3163,.T.);
#4528=EDGE_CURVE('',#3650,#3648,#3164,.T.);
#4529=EDGE_CURVE('',#3650,#3651,#1730,.T.);
#4530=EDGE_CURVE('',#3651,#3649,#3165,.T.);
#4531=EDGE_CURVE('',#3652,#3650,#3166,.T.);
#4532=EDGE_CURVE('',#3652,#3653,#1731,.T.);
#4533=EDGE_CURVE('',#3653,#3651,#3167,.T.);
#4534=EDGE_CURVE('',#3654,#3652,#3168,.T.);
#4535=EDGE_CURVE('',#3654,#3655,#1732,.T.);
#4536=EDGE_CURVE('',#3655,#3653,#3169,.T.);
#4537=EDGE_CURVE('',#3639,#3654,#3170,.T.);
#4538=EDGE_CURVE('',#3641,#3655,#3171,.T.);
#4539=EDGE_CURVE('',#3656,#3657,#3172,.T.);
#4540=EDGE_CURVE('',#3656,#3658,#1733,.T.);
#4541=EDGE_CURVE('',#3658,#3659,#3173,.T.);
#4542=EDGE_CURVE('',#3657,#3659,#1734,.T.);
#4543=EDGE_CURVE('',#3660,#3656,#3174,.T.);
#4544=EDGE_CURVE('',#3660,#3661,#1735,.T.);
#4545=EDGE_CURVE('',#3661,#3658,#3175,.T.);
#4546=EDGE_CURVE('',#3662,#3660,#3176,.T.);
#4547=EDGE_CURVE('',#3662,#3663,#1736,.T.);
#4548=EDGE_CURVE('',#3663,#3661,#3177,.T.);
#4549=EDGE_CURVE('',#3664,#3662,#3178,.T.);
#4550=EDGE_CURVE('',#3664,#3665,#1737,.T.);
#4551=EDGE_CURVE('',#3665,#3663,#3179,.T.);
#4552=EDGE_CURVE('',#3666,#3664,#3180,.T.);
#4553=EDGE_CURVE('',#3666,#3667,#1738,.T.);
#4554=EDGE_CURVE('',#3667,#3665,#3181,.T.);
#4555=EDGE_CURVE('',#3668,#3666,#3182,.T.);
#4556=EDGE_CURVE('',#3668,#3669,#1739,.T.);
#4557=EDGE_CURVE('',#3669,#3667,#3183,.T.);
#4558=EDGE_CURVE('',#3670,#3668,#3184,.T.);
#4559=EDGE_CURVE('',#3670,#3671,#1740,.T.);
#4560=EDGE_CURVE('',#3671,#3669,#3185,.T.);
#4561=EDGE_CURVE('',#3672,#3670,#3186,.T.);
#4562=EDGE_CURVE('',#3672,#3673,#1741,.T.);
#4563=EDGE_CURVE('',#3673,#3671,#3187,.T.);
#4564=EDGE_CURVE('',#3674,#3672,#3188,.T.);
#4565=EDGE_CURVE('',#3674,#3675,#1742,.T.);
#4566=EDGE_CURVE('',#3675,#3673,#3189,.T.);
#4567=EDGE_CURVE('',#3676,#3674,#3190,.T.);
#4568=EDGE_CURVE('',#3676,#3677,#1743,.T.);
#4569=EDGE_CURVE('',#3677,#3675,#3191,.T.);
#4570=EDGE_CURVE('',#3657,#3676,#3192,.T.);
#4571=EDGE_CURVE('',#3659,#3677,#3193,.T.);
#4572=EDGE_CURVE('',#3678,#3679,#1744,.T.);
#4573=EDGE_CURVE('',#3678,#3680,#1745,.T.);
#4574=EDGE_CURVE('',#3680,#3681,#1746,.T.);
#4575=EDGE_CURVE('',#3679,#3681,#1747,.T.);
#4576=EDGE_CURVE('',#3682,#3678,#1748,.T.);
#4577=EDGE_CURVE('',#3682,#3683,#1749,.T.);
#4578=EDGE_CURVE('',#3683,#3680,#1750,.T.);
#4579=EDGE_CURVE('',#3684,#3682,#1751,.T.);
#4580=EDGE_CURVE('',#3684,#3685,#1752,.T.);
#4581=EDGE_CURVE('',#3685,#3683,#1753,.T.);
#4582=EDGE_CURVE('',#3686,#3684,#1754,.T.);
#4583=EDGE_CURVE('',#3686,#3687,#1755,.T.);
#4584=EDGE_CURVE('',#3687,#3685,#1756,.T.);
#4585=EDGE_CURVE('',#3688,#3686,#1757,.T.);
#4586=EDGE_CURVE('',#3688,#3689,#1758,.T.);
#4587=EDGE_CURVE('',#3689,#3687,#1759,.T.);
#4588=EDGE_CURVE('',#3690,#3688,#1760,.T.);
#4589=EDGE_CURVE('',#3690,#3691,#1761,.T.);
#4590=EDGE_CURVE('',#3691,#3689,#1762,.T.);
#4591=EDGE_CURVE('',#3692,#3690,#1763,.T.);
#4592=EDGE_CURVE('',#3692,#3693,#1764,.T.);
#4593=EDGE_CURVE('',#3693,#3691,#1765,.T.);
#4594=EDGE_CURVE('',#3694,#3692,#1766,.T.);
#4595=EDGE_CURVE('',#3694,#3695,#1767,.T.);
#4596=EDGE_CURVE('',#3695,#3693,#1768,.T.);
#4597=EDGE_CURVE('',#3696,#3694,#1769,.T.);
#4598=EDGE_CURVE('',#3696,#3697,#1770,.T.);
#4599=EDGE_CURVE('',#3697,#3695,#1771,.T.);
#4600=EDGE_CURVE('',#3698,#3696,#1772,.T.);
#4601=EDGE_CURVE('',#3698,#3699,#1773,.T.);
#4602=EDGE_CURVE('',#3699,#3697,#1774,.T.);
#4603=EDGE_CURVE('',#3700,#3698,#1775,.T.);
#4604=EDGE_CURVE('',#3700,#3701,#1776,.T.);
#4605=EDGE_CURVE('',#3701,#3699,#1777,.T.);
#4606=EDGE_CURVE('',#3679,#3700,#1778,.T.);
#4607=EDGE_CURVE('',#3681,#3701,#1779,.T.);
#4608=EDGE_CURVE('',#3702,#3703,#1780,.T.);
#4609=EDGE_CURVE('',#3702,#3704,#1781,.T.);
#4610=EDGE_CURVE('',#3704,#3705,#1782,.T.);
#4611=EDGE_CURVE('',#3703,#3705,#1783,.T.);
#4612=EDGE_CURVE('',#3706,#3702,#1784,.T.);
#4613=EDGE_CURVE('',#3706,#3707,#1785,.T.);
#4614=EDGE_CURVE('',#3707,#3704,#1786,.T.);
#4615=EDGE_CURVE('',#3708,#3706,#1787,.T.);
#4616=EDGE_CURVE('',#3708,#3709,#1788,.T.);
#4617=EDGE_CURVE('',#3709,#3707,#1789,.T.);
#4618=EDGE_CURVE('',#3710,#3708,#1790,.T.);
#4619=EDGE_CURVE('',#3710,#3711,#1791,.T.);
#4620=EDGE_CURVE('',#3711,#3709,#1792,.T.);
#4621=EDGE_CURVE('',#3712,#3710,#1793,.T.);
#4622=EDGE_CURVE('',#3712,#3713,#1794,.T.);
#4623=EDGE_CURVE('',#3713,#3711,#1795,.T.);
#4624=EDGE_CURVE('',#3714,#3712,#1796,.T.);
#4625=EDGE_CURVE('',#3714,#3715,#1797,.T.);
#4626=EDGE_CURVE('',#3715,#3713,#1798,.T.);
#4627=EDGE_CURVE('',#3716,#3714,#1799,.T.);
#4628=EDGE_CURVE('',#3716,#3717,#1800,.T.);
#4629=EDGE_CURVE('',#3717,#3715,#1801,.T.);
#4630=EDGE_CURVE('',#3718,#3716,#1802,.T.);
#4631=EDGE_CURVE('',#3718,#3719,#1803,.T.);
#4632=EDGE_CURVE('',#3719,#3717,#1804,.T.);
#4633=EDGE_CURVE('',#3720,#3718,#1805,.T.);
#4634=EDGE_CURVE('',#3720,#3721,#1806,.T.);
#4635=EDGE_CURVE('',#3721,#3719,#1807,.T.);
#4636=EDGE_CURVE('',#3722,#3720,#3194,.T.);
#4637=EDGE_CURVE('',#3722,#3723,#1808,.T.);
#4638=EDGE_CURVE('',#3723,#3721,#3195,.T.);
#4639=EDGE_CURVE('',#3724,#3722,#3196,.T.);
#4640=EDGE_CURVE('',#3724,#3725,#1809,.T.);
#4641=EDGE_CURVE('',#3725,#3723,#3197,.T.);
#4642=EDGE_CURVE('',#3726,#3724,#1810,.T.);
#4643=EDGE_CURVE('',#3726,#3727,#1811,.T.);
#4644=EDGE_CURVE('',#3727,#3725,#1812,.T.);
#4645=EDGE_CURVE('',#3728,#3726,#1813,.T.);
#4646=EDGE_CURVE('',#3728,#3729,#1814,.T.);
#4647=EDGE_CURVE('',#3729,#3727,#1815,.T.);
#4648=EDGE_CURVE('',#3730,#3728,#1816,.T.);
#4649=EDGE_CURVE('',#3730,#3731,#1817,.T.);
#4650=EDGE_CURVE('',#3731,#3729,#1818,.T.);
#4651=EDGE_CURVE('',#3703,#3730,#1819,.T.);
#4652=EDGE_CURVE('',#3705,#3731,#1820,.T.);
#4653=EDGE_CURVE('',#3732,#3733,#1821,.T.);
#4654=EDGE_CURVE('',#3732,#3734,#1822,.T.);
#4655=EDGE_CURVE('',#3734,#3735,#1823,.T.);
#4656=EDGE_CURVE('',#3733,#3735,#1824,.T.);
#4657=EDGE_CURVE('',#3736,#3732,#1825,.T.);
#4658=EDGE_CURVE('',#3736,#3737,#1826,.T.);
#4659=EDGE_CURVE('',#3737,#3734,#1827,.T.);
#4660=EDGE_CURVE('',#3733,#3736,#1828,.T.);
#4661=EDGE_CURVE('',#3735,#3737,#1829,.T.);
#4662=EDGE_CURVE('',#3738,#3739,#1830,.T.);
#4663=EDGE_CURVE('',#3738,#3740,#1831,.T.);
#4664=EDGE_CURVE('',#3740,#3741,#1832,.T.);
#4665=EDGE_CURVE('',#3739,#3741,#1833,.T.);
#4666=EDGE_CURVE('',#3742,#3738,#1834,.T.);
#4667=EDGE_CURVE('',#3742,#3743,#1835,.T.);
#4668=EDGE_CURVE('',#3743,#3740,#1836,.T.);
#4669=EDGE_CURVE('',#3744,#3742,#1837,.T.);
#4670=EDGE_CURVE('',#3744,#3745,#1838,.T.);
#4671=EDGE_CURVE('',#3745,#3743,#1839,.T.);
#4672=EDGE_CURVE('',#3746,#3744,#1840,.T.);
#4673=EDGE_CURVE('',#3746,#3747,#1841,.T.);
#4674=EDGE_CURVE('',#3747,#3745,#1842,.T.);
#4675=EDGE_CURVE('',#3748,#3746,#1843,.T.);
#4676=EDGE_CURVE('',#3748,#3749,#1844,.T.);
#4677=EDGE_CURVE('',#3749,#3747,#1845,.T.);
#4678=EDGE_CURVE('',#3750,#3748,#1846,.T.);
#4679=EDGE_CURVE('',#3750,#3751,#1847,.T.);
#4680=EDGE_CURVE('',#3751,#3749,#1848,.T.);
#4681=EDGE_CURVE('',#3752,#3750,#1849,.T.);
#4682=EDGE_CURVE('',#3752,#3753,#1850,.T.);
#4683=EDGE_CURVE('',#3753,#3751,#1851,.T.);
#4684=EDGE_CURVE('',#3754,#3752,#1852,.T.);
#4685=EDGE_CURVE('',#3754,#3755,#1853,.T.);
#4686=EDGE_CURVE('',#3755,#3753,#1854,.T.);
#4687=EDGE_CURVE('',#3756,#3754,#1855,.T.);
#4688=EDGE_CURVE('',#3756,#3757,#1856,.T.);
#4689=EDGE_CURVE('',#3757,#3755,#1857,.T.);
#4690=EDGE_CURVE('',#3758,#3756,#1858,.T.);
#4691=EDGE_CURVE('',#3758,#3759,#1859,.T.);
#4692=EDGE_CURVE('',#3759,#3757,#1860,.T.);
#4693=EDGE_CURVE('',#3739,#3758,#1861,.T.);
#4694=EDGE_CURVE('',#3741,#3759,#1862,.T.);
#4695=EDGE_CURVE('',#3760,#3761,#1863,.T.);
#4696=EDGE_CURVE('',#3760,#3762,#1864,.T.);
#4697=EDGE_CURVE('',#3762,#3763,#1865,.T.);
#4698=EDGE_CURVE('',#3761,#3763,#1866,.T.);
#4699=EDGE_CURVE('',#3764,#3760,#3198,.T.);
#4700=EDGE_CURVE('',#3764,#3765,#1867,.T.);
#4701=EDGE_CURVE('',#3765,#3762,#3199,.T.);
#4702=EDGE_CURVE('',#3766,#3764,#3200,.T.);
#4703=EDGE_CURVE('',#3766,#3767,#1868,.T.);
#4704=EDGE_CURVE('',#3767,#3765,#3201,.T.);
#4705=EDGE_CURVE('',#3768,#3766,#1869,.T.);
#4706=EDGE_CURVE('',#3768,#3769,#1870,.T.);
#4707=EDGE_CURVE('',#3769,#3767,#1871,.T.);
#4708=EDGE_CURVE('',#3770,#3768,#3202,.T.);
#4709=EDGE_CURVE('',#3770,#3771,#1872,.T.);
#4710=EDGE_CURVE('',#3771,#3769,#3203,.T.);
#4711=EDGE_CURVE('',#3772,#3770,#3204,.T.);
#4712=EDGE_CURVE('',#3772,#3773,#1873,.T.);
#4713=EDGE_CURVE('',#3773,#3771,#3205,.T.);
#4714=EDGE_CURVE('',#3774,#3772,#1874,.T.);
#4715=EDGE_CURVE('',#3774,#3775,#1875,.T.);
#4716=EDGE_CURVE('',#3775,#3773,#1876,.T.);
#4717=EDGE_CURVE('',#3776,#3774,#1877,.T.);
#4718=EDGE_CURVE('',#3776,#3777,#1878,.T.);
#4719=EDGE_CURVE('',#3777,#3775,#1879,.T.);
#4720=EDGE_CURVE('',#3761,#3776,#1880,.T.);
#4721=EDGE_CURVE('',#3763,#3777,#1881,.T.);
#4722=EDGE_CURVE('',#3778,#3779,#3206,.T.);
#4723=EDGE_CURVE('',#3778,#3780,#1882,.T.);
#4724=EDGE_CURVE('',#3780,#3781,#3207,.T.);
#4725=EDGE_CURVE('',#3779,#3781,#1883,.T.);
#4726=EDGE_CURVE('',#3782,#3778,#3208,.T.);
#4727=EDGE_CURVE('',#3782,#3783,#1884,.T.);
#4728=EDGE_CURVE('',#3783,#3780,#3209,.T.);
#4729=EDGE_CURVE('',#3784,#3782,#3210,.T.);
#4730=EDGE_CURVE('',#3784,#3785,#1885,.T.);
#4731=EDGE_CURVE('',#3785,#3783,#3211,.T.);
#4732=EDGE_CURVE('',#3786,#3784,#3212,.T.);
#4733=EDGE_CURVE('',#3786,#3787,#1886,.T.);
#4734=EDGE_CURVE('',#3787,#3785,#3213,.T.);
#4735=EDGE_CURVE('',#3788,#3786,#3214,.T.);
#4736=EDGE_CURVE('',#3788,#3789,#1887,.T.);
#4737=EDGE_CURVE('',#3789,#3787,#3215,.T.);
#4738=EDGE_CURVE('',#3790,#3788,#3216,.T.);
#4739=EDGE_CURVE('',#3790,#3791,#1888,.T.);
#4740=EDGE_CURVE('',#3791,#3789,#3217,.T.);
#4741=EDGE_CURVE('',#3792,#3790,#3218,.T.);
#4742=EDGE_CURVE('',#3792,#3793,#1889,.T.);
#4743=EDGE_CURVE('',#3793,#3791,#3219,.T.);
#4744=EDGE_CURVE('',#3779,#3792,#3220,.T.);
#4745=EDGE_CURVE('',#3781,#3793,#3221,.T.);
#4746=EDGE_CURVE('',#3794,#3795,#3222,.T.);
#4747=EDGE_CURVE('',#3794,#3796,#1890,.T.);
#4748=EDGE_CURVE('',#3796,#3797,#3223,.T.);
#4749=EDGE_CURVE('',#3795,#3797,#1891,.T.);
#4750=EDGE_CURVE('',#3798,#3794,#3224,.T.);
#4751=EDGE_CURVE('',#3798,#3799,#1892,.T.);
#4752=EDGE_CURVE('',#3799,#3796,#3225,.T.);
#4753=EDGE_CURVE('',#3800,#3798,#3226,.T.);
#4754=EDGE_CURVE('',#3800,#3801,#1893,.T.);
#4755=EDGE_CURVE('',#3801,#3799,#3227,.T.);
#4756=EDGE_CURVE('',#3802,#3800,#3228,.T.);
#4757=EDGE_CURVE('',#3802,#3803,#1894,.T.);
#4758=EDGE_CURVE('',#3803,#3801,#3229,.T.);
#4759=EDGE_CURVE('',#3804,#3802,#3230,.T.);
#4760=EDGE_CURVE('',#3804,#3805,#1895,.T.);
#4761=EDGE_CURVE('',#3805,#3803,#3231,.T.);
#4762=EDGE_CURVE('',#3806,#3804,#3232,.T.);
#4763=EDGE_CURVE('',#3806,#3807,#1896,.T.);
#4764=EDGE_CURVE('',#3807,#3805,#3233,.T.);
#4765=EDGE_CURVE('',#3808,#3806,#3234,.T.);
#4766=EDGE_CURVE('',#3808,#3809,#1897,.T.);
#4767=EDGE_CURVE('',#3809,#3807,#3235,.T.);
#4768=EDGE_CURVE('',#3810,#3808,#3236,.T.);
#4769=EDGE_CURVE('',#3810,#3811,#1898,.T.);
#4770=EDGE_CURVE('',#3811,#3809,#3237,.T.);
#4771=EDGE_CURVE('',#3812,#3810,#3238,.T.);
#4772=EDGE_CURVE('',#3812,#3813,#1899,.T.);
#4773=EDGE_CURVE('',#3813,#3811,#3239,.T.);
#4774=EDGE_CURVE('',#3814,#3812,#3240,.T.);
#4775=EDGE_CURVE('',#3814,#3815,#1900,.T.);
#4776=EDGE_CURVE('',#3815,#3813,#3241,.T.);
#4777=EDGE_CURVE('',#3816,#3814,#3242,.T.);
#4778=EDGE_CURVE('',#3816,#3817,#1901,.T.);
#4779=EDGE_CURVE('',#3817,#3815,#3243,.T.);
#4780=EDGE_CURVE('',#3795,#3816,#3244,.T.);
#4781=EDGE_CURVE('',#3797,#3817,#3245,.T.);
#4782=EDGE_CURVE('',#3818,#3819,#3246,.T.);
#4783=EDGE_CURVE('',#3818,#3820,#1902,.T.);
#4784=EDGE_CURVE('',#3820,#3821,#3247,.T.);
#4785=EDGE_CURVE('',#3819,#3821,#1903,.T.);
#4786=EDGE_CURVE('',#3822,#3818,#3248,.T.);
#4787=EDGE_CURVE('',#3822,#3823,#1904,.T.);
#4788=EDGE_CURVE('',#3823,#3820,#3249,.T.);
#4789=EDGE_CURVE('',#3824,#3822,#1905,.T.);
#4790=EDGE_CURVE('',#3824,#3825,#1906,.T.);
#4791=EDGE_CURVE('',#3825,#3823,#1907,.T.);
#4792=EDGE_CURVE('',#3826,#3824,#1908,.T.);
#4793=EDGE_CURVE('',#3826,#3827,#1909,.T.);
#4794=EDGE_CURVE('',#3827,#3825,#1910,.T.);
#4795=EDGE_CURVE('',#3819,#3826,#1911,.T.);
#4796=EDGE_CURVE('',#3821,#3827,#1912,.T.);
#4797=EDGE_CURVE('',#3828,#3829,#1913,.T.);
#4798=EDGE_CURVE('',#3828,#3830,#1914,.T.);
#4799=EDGE_CURVE('',#3830,#3831,#1915,.T.);
#4800=EDGE_CURVE('',#3829,#3831,#1916,.T.);
#4801=EDGE_CURVE('',#3832,#3828,#1917,.T.);
#4802=EDGE_CURVE('',#3832,#3833,#1918,.T.);
#4803=EDGE_CURVE('',#3833,#3830,#1919,.T.);
#4804=EDGE_CURVE('',#3834,#3832,#1920,.T.);
#4805=EDGE_CURVE('',#3834,#3835,#1921,.T.);
#4806=EDGE_CURVE('',#3835,#3833,#1922,.T.);
#4807=EDGE_CURVE('',#3836,#3834,#1923,.T.);
#4808=EDGE_CURVE('',#3836,#3837,#1924,.T.);
#4809=EDGE_CURVE('',#3837,#3835,#1925,.T.);
#4810=EDGE_CURVE('',#3838,#3836,#1926,.T.);
#4811=EDGE_CURVE('',#3838,#3839,#1927,.T.);
#4812=EDGE_CURVE('',#3839,#3837,#1928,.T.);
#4813=EDGE_CURVE('',#3840,#3838,#1929,.T.);
#4814=EDGE_CURVE('',#3840,#3841,#1930,.T.);
#4815=EDGE_CURVE('',#3841,#3839,#1931,.T.);
#4816=EDGE_CURVE('',#3842,#3840,#1932,.T.);
#4817=EDGE_CURVE('',#3842,#3843,#1933,.T.);
#4818=EDGE_CURVE('',#3843,#3841,#1934,.T.);
#4819=EDGE_CURVE('',#3829,#3842,#1935,.T.);
#4820=EDGE_CURVE('',#3831,#3843,#1936,.T.);
#4821=EDGE_CURVE('',#3844,#3845,#3250,.T.);
#4822=EDGE_CURVE('',#3844,#3846,#1937,.T.);
#4823=EDGE_CURVE('',#3846,#3847,#3251,.T.);
#4824=EDGE_CURVE('',#3845,#3847,#1938,.T.);
#4825=EDGE_CURVE('',#3848,#3844,#3252,.T.);
#4826=EDGE_CURVE('',#3848,#3849,#1939,.T.);
#4827=EDGE_CURVE('',#3849,#3846,#3253,.T.);
#4828=EDGE_CURVE('',#3850,#3848,#3254,.T.);
#4829=EDGE_CURVE('',#3850,#3851,#1940,.T.);
#4830=EDGE_CURVE('',#3851,#3849,#3255,.T.);
#4831=EDGE_CURVE('',#3852,#3850,#3256,.T.);
#4832=EDGE_CURVE('',#3852,#3853,#1941,.T.);
#4833=EDGE_CURVE('',#3853,#3851,#3257,.T.);
#4834=EDGE_CURVE('',#3854,#3852,#3258,.T.);
#4835=EDGE_CURVE('',#3854,#3855,#1942,.T.);
#4836=EDGE_CURVE('',#3855,#3853,#3259,.T.);
#4837=EDGE_CURVE('',#3856,#3854,#3260,.T.);
#4838=EDGE_CURVE('',#3856,#3857,#1943,.T.);
#4839=EDGE_CURVE('',#3857,#3855,#3261,.T.);
#4840=EDGE_CURVE('',#3858,#3856,#3262,.T.);
#4841=EDGE_CURVE('',#3858,#3859,#1944,.T.);
#4842=EDGE_CURVE('',#3859,#3857,#3263,.T.);
#4843=EDGE_CURVE('',#3860,#3858,#3264,.T.);
#4844=EDGE_CURVE('',#3860,#3861,#1945,.T.);
#4845=EDGE_CURVE('',#3861,#3859,#3265,.T.);
#4846=EDGE_CURVE('',#3845,#3860,#3266,.T.);
#4847=EDGE_CURVE('',#3847,#3861,#3267,.T.);
#4848=EDGE_CURVE('',#3862,#3863,#3268,.T.);
#4849=EDGE_CURVE('',#3862,#3864,#1946,.T.);
#4850=EDGE_CURVE('',#3864,#3865,#3269,.T.);
#4851=EDGE_CURVE('',#3863,#3865,#1947,.T.);
#4852=EDGE_CURVE('',#3866,#3862,#3270,.T.);
#4853=EDGE_CURVE('',#3866,#3867,#1948,.T.);
#4854=EDGE_CURVE('',#3867,#3864,#3271,.T.);
#4855=EDGE_CURVE('',#3868,#3866,#3272,.T.);
#4856=EDGE_CURVE('',#3868,#3869,#1949,.T.);
#4857=EDGE_CURVE('',#3869,#3867,#3273,.T.);
#4858=EDGE_CURVE('',#3870,#3868,#3274,.T.);
#4859=EDGE_CURVE('',#3870,#3871,#1950,.T.);
#4860=EDGE_CURVE('',#3871,#3869,#3275,.T.);
#4861=EDGE_CURVE('',#3872,#3870,#3276,.T.);
#4862=EDGE_CURVE('',#3872,#3873,#1951,.T.);
#4863=EDGE_CURVE('',#3873,#3871,#3277,.T.);
#4864=EDGE_CURVE('',#3874,#3872,#3278,.T.);
#4865=EDGE_CURVE('',#3874,#3875,#1952,.T.);
#4866=EDGE_CURVE('',#3875,#3873,#3279,.T.);
#4867=EDGE_CURVE('',#3876,#3874,#3280,.T.);
#4868=EDGE_CURVE('',#3876,#3877,#1953,.T.);
#4869=EDGE_CURVE('',#3877,#3875,#3281,.T.);
#4870=EDGE_CURVE('',#3878,#3876,#3282,.T.);
#4871=EDGE_CURVE('',#3878,#3879,#1954,.T.);
#4872=EDGE_CURVE('',#3879,#3877,#3283,.T.);
#4873=EDGE_CURVE('',#3880,#3878,#3284,.T.);
#4874=EDGE_CURVE('',#3880,#3881,#1955,.T.);
#4875=EDGE_CURVE('',#3881,#3879,#3285,.T.);
#4876=EDGE_CURVE('',#3882,#3880,#3286,.T.);
#4877=EDGE_CURVE('',#3882,#3883,#1956,.T.);
#4878=EDGE_CURVE('',#3883,#3881,#3287,.T.);
#4879=EDGE_CURVE('',#3884,#3882,#3288,.T.);
#4880=EDGE_CURVE('',#3884,#3885,#1957,.T.);
#4881=EDGE_CURVE('',#3885,#3883,#3289,.T.);
#4882=EDGE_CURVE('',#3886,#3884,#3290,.T.);
#4883=EDGE_CURVE('',#3886,#3887,#1958,.T.);
#4884=EDGE_CURVE('',#3887,#3885,#3291,.T.);
#4885=EDGE_CURVE('',#3888,#3886,#3292,.T.);
#4886=EDGE_CURVE('',#3888,#3889,#1959,.T.);
#4887=EDGE_CURVE('',#3889,#3887,#3293,.T.);
#4888=EDGE_CURVE('',#3890,#3888,#3294,.T.);
#4889=EDGE_CURVE('',#3890,#3891,#1960,.T.);
#4890=EDGE_CURVE('',#3891,#3889,#3295,.T.);
#4891=EDGE_CURVE('',#3892,#3890,#3296,.T.);
#4892=EDGE_CURVE('',#3892,#3893,#1961,.T.);
#4893=EDGE_CURVE('',#3893,#3891,#3297,.T.);
#4894=EDGE_CURVE('',#3894,#3892,#3298,.T.);
#4895=EDGE_CURVE('',#3894,#3895,#1962,.T.);
#4896=EDGE_CURVE('',#3895,#3893,#3299,.T.);
#4897=EDGE_CURVE('',#3896,#3894,#3300,.T.);
#4898=EDGE_CURVE('',#3896,#3897,#1963,.T.);
#4899=EDGE_CURVE('',#3897,#3895,#3301,.T.);
#4900=EDGE_CURVE('',#3898,#3896,#1964,.T.);
#4901=EDGE_CURVE('',#3898,#3899,#1965,.T.);
#4902=EDGE_CURVE('',#3899,#3897,#1966,.T.);
#4903=EDGE_CURVE('',#3863,#3898,#3302,.T.);
#4904=EDGE_CURVE('',#3865,#3899,#3303,.T.);
#4905=EDGE_CURVE('',#3900,#3901,#3304,.T.);
#4906=EDGE_CURVE('',#3900,#3902,#1967,.T.);
#4907=EDGE_CURVE('',#3902,#3903,#3305,.T.);
#4908=EDGE_CURVE('',#3901,#3903,#1968,.T.);
#4909=EDGE_CURVE('',#3904,#3900,#3306,.T.);
#4910=EDGE_CURVE('',#3904,#3905,#1969,.T.);
#4911=EDGE_CURVE('',#3905,#3902,#3307,.T.);
#4912=EDGE_CURVE('',#3906,#3904,#3308,.T.);
#4913=EDGE_CURVE('',#3906,#3907,#1970,.T.);
#4914=EDGE_CURVE('',#3907,#3905,#3309,.T.);
#4915=EDGE_CURVE('',#3908,#3906,#3310,.T.);
#4916=EDGE_CURVE('',#3908,#3909,#1971,.T.);
#4917=EDGE_CURVE('',#3909,#3907,#3311,.T.);
#4918=EDGE_CURVE('',#3910,#3908,#3312,.T.);
#4919=EDGE_CURVE('',#3910,#3911,#1972,.T.);
#4920=EDGE_CURVE('',#3911,#3909,#3313,.T.);
#4921=EDGE_CURVE('',#3912,#3910,#3314,.T.);
#4922=EDGE_CURVE('',#3912,#3913,#1973,.T.);
#4923=EDGE_CURVE('',#3913,#3911,#3315,.T.);
#4924=EDGE_CURVE('',#3914,#3912,#3316,.T.);
#4925=EDGE_CURVE('',#3914,#3915,#1974,.T.);
#4926=EDGE_CURVE('',#3915,#3913,#3317,.T.);
#4927=EDGE_CURVE('',#3901,#3914,#3318,.T.);
#4928=EDGE_CURVE('',#3903,#3915,#3319,.T.);
#4929=EDGE_CURVE('',#3916,#3917,#3320,.T.);
#4930=EDGE_CURVE('',#3916,#3918,#1975,.T.);
#4931=EDGE_CURVE('',#3918,#3919,#3321,.T.);
#4932=EDGE_CURVE('',#3917,#3919,#1976,.T.);
#4933=EDGE_CURVE('',#3920,#3916,#3322,.T.);
#4934=EDGE_CURVE('',#3920,#3921,#1977,.T.);
#4935=EDGE_CURVE('',#3921,#3918,#3323,.T.);
#4936=EDGE_CURVE('',#3922,#3920,#3324,.T.);
#4937=EDGE_CURVE('',#3922,#3923,#1978,.T.);
#4938=EDGE_CURVE('',#3923,#3921,#3325,.T.);
#4939=EDGE_CURVE('',#3924,#3922,#3326,.T.);
#4940=EDGE_CURVE('',#3924,#3925,#1979,.T.);
#4941=EDGE_CURVE('',#3925,#3923,#3327,.T.);
#4942=EDGE_CURVE('',#3926,#3924,#3328,.T.);
#4943=EDGE_CURVE('',#3926,#3927,#1980,.T.);
#4944=EDGE_CURVE('',#3927,#3925,#3329,.T.);
#4945=EDGE_CURVE('',#3928,#3926,#3330,.T.);
#4946=EDGE_CURVE('',#3928,#3929,#1981,.T.);
#4947=EDGE_CURVE('',#3929,#3927,#3331,.T.);
#4948=EDGE_CURVE('',#3930,#3928,#3332,.T.);
#4949=EDGE_CURVE('',#3930,#3931,#1982,.T.);
#4950=EDGE_CURVE('',#3931,#3929,#3333,.T.);
#4951=EDGE_CURVE('',#3932,#3930,#3334,.T.);
#4952=EDGE_CURVE('',#3932,#3933,#1983,.T.);
#4953=EDGE_CURVE('',#3933,#3931,#3335,.T.);
#4954=EDGE_CURVE('',#3934,#3932,#3336,.T.);
#4955=EDGE_CURVE('',#3934,#3935,#1984,.T.);
#4956=EDGE_CURVE('',#3935,#3933,#3337,.T.);
#4957=EDGE_CURVE('',#3936,#3934,#3338,.T.);
#4958=EDGE_CURVE('',#3936,#3937,#1985,.T.);
#4959=EDGE_CURVE('',#3937,#3935,#3339,.T.);
#4960=EDGE_CURVE('',#3938,#3936,#3340,.T.);
#4961=EDGE_CURVE('',#3938,#3939,#1986,.T.);
#4962=EDGE_CURVE('',#3939,#3937,#3341,.T.);
#4963=EDGE_CURVE('',#3917,#3938,#3342,.T.);
#4964=EDGE_CURVE('',#3919,#3939,#3343,.T.);
#4965=EDGE_CURVE('',#3940,#3941,#1987,.T.);
#4966=EDGE_CURVE('',#3940,#3942,#1988,.T.);
#4967=EDGE_CURVE('',#3942,#3943,#1989,.T.);
#4968=EDGE_CURVE('',#3941,#3943,#1990,.T.);
#4969=EDGE_CURVE('',#3944,#3940,#3344,.T.);
#4970=EDGE_CURVE('',#3944,#3945,#1991,.T.);
#4971=EDGE_CURVE('',#3945,#3942,#3345,.T.);
#4972=EDGE_CURVE('',#3946,#3944,#3346,.T.);
#4973=EDGE_CURVE('',#3946,#3947,#1992,.T.);
#4974=EDGE_CURVE('',#3947,#3945,#3347,.T.);
#4975=EDGE_CURVE('',#3948,#3946,#1993,.T.);
#4976=EDGE_CURVE('',#3948,#3949,#1994,.T.);
#4977=EDGE_CURVE('',#3949,#3947,#1995,.T.);
#4978=EDGE_CURVE('',#3950,#3948,#3348,.T.);
#4979=EDGE_CURVE('',#3950,#3951,#1996,.T.);
#4980=EDGE_CURVE('',#3951,#3949,#3349,.T.);
#4981=EDGE_CURVE('',#3952,#3950,#3350,.T.);
#4982=EDGE_CURVE('',#3952,#3953,#1997,.T.);
#4983=EDGE_CURVE('',#3953,#3951,#3351,.T.);
#4984=EDGE_CURVE('',#3954,#3952,#1998,.T.);
#4985=EDGE_CURVE('',#3954,#3955,#1999,.T.);
#4986=EDGE_CURVE('',#3955,#3953,#2000,.T.);
#4987=EDGE_CURVE('',#3956,#3954,#2001,.T.);
#4988=EDGE_CURVE('',#3956,#3957,#2002,.T.);
#4989=EDGE_CURVE('',#3957,#3955,#2003,.T.);
#4990=EDGE_CURVE('',#3941,#3956,#2004,.T.);
#4991=EDGE_CURVE('',#3943,#3957,#2005,.T.);
#4992=EDGE_CURVE('',#3958,#3959,#3352,.T.);
#4993=EDGE_CURVE('',#3958,#3960,#2006,.T.);
#4994=EDGE_CURVE('',#3960,#3961,#3353,.T.);
#4995=EDGE_CURVE('',#3959,#3961,#2007,.T.);
#4996=EDGE_CURVE('',#3962,#3958,#3354,.T.);
#4997=EDGE_CURVE('',#3962,#3963,#2008,.T.);
#4998=EDGE_CURVE('',#3963,#3960,#3355,.T.);
#4999=EDGE_CURVE('',#3964,#3962,#3356,.T.);
#5000=EDGE_CURVE('',#3964,#3965,#2009,.T.);
#5001=EDGE_CURVE('',#3965,#3963,#3357,.T.);
#5002=EDGE_CURVE('',#3966,#3964,#3358,.T.);
#5003=EDGE_CURVE('',#3966,#3967,#2010,.T.);
#5004=EDGE_CURVE('',#3967,#3965,#3359,.T.);
#5005=EDGE_CURVE('',#3968,#3966,#3360,.T.);
#5006=EDGE_CURVE('',#3968,#3969,#2011,.T.);
#5007=EDGE_CURVE('',#3969,#3967,#3361,.T.);
#5008=EDGE_CURVE('',#3970,#3968,#3362,.T.);
#5009=EDGE_CURVE('',#3970,#3971,#2012,.T.);
#5010=EDGE_CURVE('',#3971,#3969,#3363,.T.);
#5011=EDGE_CURVE('',#3972,#3970,#3364,.T.);
#5012=EDGE_CURVE('',#3972,#3973,#2013,.T.);
#5013=EDGE_CURVE('',#3973,#3971,#3365,.T.);
#5014=EDGE_CURVE('',#3974,#3972,#3366,.T.);
#5015=EDGE_CURVE('',#3974,#3975,#2014,.T.);
#5016=EDGE_CURVE('',#3975,#3973,#3367,.T.);
#5017=EDGE_CURVE('',#3976,#3974,#3368,.T.);
#5018=EDGE_CURVE('',#3976,#3977,#2015,.T.);
#5019=EDGE_CURVE('',#3977,#3975,#3369,.T.);
#5020=EDGE_CURVE('',#3978,#3976,#2016,.T.);
#5021=EDGE_CURVE('',#3978,#3979,#2017,.T.);
#5022=EDGE_CURVE('',#3979,#3977,#2018,.T.);
#5023=EDGE_CURVE('',#3980,#3978,#3370,.T.);
#5024=EDGE_CURVE('',#3980,#3981,#2019,.T.);
#5025=EDGE_CURVE('',#3981,#3979,#3371,.T.);
#5026=EDGE_CURVE('',#3982,#3980,#3372,.T.);
#5027=EDGE_CURVE('',#3982,#3983,#2020,.T.);
#5028=EDGE_CURVE('',#3983,#3981,#3373,.T.);
#5029=EDGE_CURVE('',#3984,#3982,#3374,.T.);
#5030=EDGE_CURVE('',#3984,#3985,#2021,.T.);
#5031=EDGE_CURVE('',#3985,#3983,#3375,.T.);
#5032=EDGE_CURVE('',#3986,#3984,#3376,.T.);
#5033=EDGE_CURVE('',#3986,#3987,#2022,.T.);
#5034=EDGE_CURVE('',#3987,#3985,#3377,.T.);
#5035=EDGE_CURVE('',#3988,#3986,#3378,.T.);
#5036=EDGE_CURVE('',#3988,#3989,#2023,.T.);
#5037=EDGE_CURVE('',#3989,#3987,#3379,.T.);
#5038=EDGE_CURVE('',#3990,#3988,#3380,.T.);
#5039=EDGE_CURVE('',#3990,#3991,#2024,.T.);
#5040=EDGE_CURVE('',#3991,#3989,#3381,.T.);
#5041=EDGE_CURVE('',#3992,#3990,#3382,.T.);
#5042=EDGE_CURVE('',#3992,#3993,#2025,.T.);
#5043=EDGE_CURVE('',#3993,#3991,#3383,.T.);
#5044=EDGE_CURVE('',#3994,#3992,#3384,.T.);
#5045=EDGE_CURVE('',#3994,#3995,#2026,.T.);
#5046=EDGE_CURVE('',#3995,#3993,#3385,.T.);
#5047=EDGE_CURVE('',#3996,#3994,#3386,.T.);
#5048=EDGE_CURVE('',#3996,#3997,#2027,.T.);
#5049=EDGE_CURVE('',#3997,#3995,#3387,.T.);
#5050=EDGE_CURVE('',#3998,#3996,#2028,.T.);
#5051=EDGE_CURVE('',#3998,#3999,#2029,.T.);
#5052=EDGE_CURVE('',#3999,#3997,#2030,.T.);
#5053=EDGE_CURVE('',#4000,#3998,#2031,.T.);
#5054=EDGE_CURVE('',#4000,#4001,#2032,.T.);
#5055=EDGE_CURVE('',#4001,#3999,#2033,.T.);
#5056=EDGE_CURVE('',#3959,#4000,#2034,.T.);
#5057=EDGE_CURVE('',#3961,#4001,#2035,.T.);
#5058=EDGE_CURVE('',#4002,#4003,#3388,.T.);
#5059=EDGE_CURVE('',#4002,#4004,#2036,.T.);
#5060=EDGE_CURVE('',#4004,#4005,#3389,.T.);
#5061=EDGE_CURVE('',#4003,#4005,#2037,.T.);
#5062=EDGE_CURVE('',#4006,#4002,#3390,.T.);
#5063=EDGE_CURVE('',#4006,#4007,#2038,.T.);
#5064=EDGE_CURVE('',#4007,#4004,#3391,.T.);
#5065=EDGE_CURVE('',#4008,#4006,#3392,.T.);
#5066=EDGE_CURVE('',#4008,#4009,#2039,.T.);
#5067=EDGE_CURVE('',#4009,#4007,#3393,.T.);
#5068=EDGE_CURVE('',#4010,#4008,#3394,.T.);
#5069=EDGE_CURVE('',#4010,#4011,#2040,.T.);
#5070=EDGE_CURVE('',#4011,#4009,#3395,.T.);
#5071=EDGE_CURVE('',#4012,#4010,#3396,.T.);
#5072=EDGE_CURVE('',#4012,#4013,#2041,.T.);
#5073=EDGE_CURVE('',#4013,#4011,#3397,.T.);
#5074=EDGE_CURVE('',#4014,#4012,#3398,.T.);
#5075=EDGE_CURVE('',#4014,#4015,#2042,.T.);
#5076=EDGE_CURVE('',#4015,#4013,#3399,.T.);
#5077=EDGE_CURVE('',#4016,#4014,#3400,.T.);
#5078=EDGE_CURVE('',#4016,#4017,#2043,.T.);
#5079=EDGE_CURVE('',#4017,#4015,#3401,.T.);
#5080=EDGE_CURVE('',#4018,#4016,#3402,.T.);
#5081=EDGE_CURVE('',#4018,#4019,#2044,.T.);
#5082=EDGE_CURVE('',#4019,#4017,#3403,.T.);
#5083=EDGE_CURVE('',#4020,#4018,#3404,.T.);
#5084=EDGE_CURVE('',#4020,#4021,#2045,.T.);
#5085=EDGE_CURVE('',#4021,#4019,#3405,.T.);
#5086=EDGE_CURVE('',#4022,#4020,#2046,.T.);
#5087=EDGE_CURVE('',#4022,#4023,#2047,.T.);
#5088=EDGE_CURVE('',#4023,#4021,#2048,.T.);
#5089=EDGE_CURVE('',#4024,#4022,#3406,.T.);
#5090=EDGE_CURVE('',#4024,#4025,#2049,.T.);
#5091=EDGE_CURVE('',#4025,#4023,#3407,.T.);
#5092=EDGE_CURVE('',#4026,#4024,#3408,.T.);
#5093=EDGE_CURVE('',#4026,#4027,#2050,.T.);
#5094=EDGE_CURVE('',#4027,#4025,#3409,.T.);
#5095=EDGE_CURVE('',#4028,#4026,#3410,.T.);
#5096=EDGE_CURVE('',#4028,#4029,#2051,.T.);
#5097=EDGE_CURVE('',#4029,#4027,#3411,.T.);
#5098=EDGE_CURVE('',#4030,#4028,#3412,.T.);
#5099=EDGE_CURVE('',#4030,#4031,#2052,.T.);
#5100=EDGE_CURVE('',#4031,#4029,#3413,.T.);
#5101=EDGE_CURVE('',#4032,#4030,#3414,.T.);
#5102=EDGE_CURVE('',#4032,#4033,#2053,.T.);
#5103=EDGE_CURVE('',#4033,#4031,#3415,.T.);
#5104=EDGE_CURVE('',#4034,#4032,#3416,.T.);
#5105=EDGE_CURVE('',#4034,#4035,#2054,.T.);
#5106=EDGE_CURVE('',#4035,#4033,#3417,.T.);
#5107=EDGE_CURVE('',#4036,#4034,#3418,.T.);
#5108=EDGE_CURVE('',#4036,#4037,#2055,.T.);
#5109=EDGE_CURVE('',#4037,#4035,#3419,.T.);
#5110=EDGE_CURVE('',#4038,#4036,#3420,.T.);
#5111=EDGE_CURVE('',#4038,#4039,#2056,.T.);
#5112=EDGE_CURVE('',#4039,#4037,#3421,.T.);
#5113=EDGE_CURVE('',#4040,#4038,#3422,.T.);
#5114=EDGE_CURVE('',#4040,#4041,#2057,.T.);
#5115=EDGE_CURVE('',#4041,#4039,#3423,.T.);
#5116=EDGE_CURVE('',#4042,#4040,#2058,.T.);
#5117=EDGE_CURVE('',#4042,#4043,#2059,.T.);
#5118=EDGE_CURVE('',#4043,#4041,#2060,.T.);
#5119=EDGE_CURVE('',#4044,#4042,#2061,.T.);
#5120=EDGE_CURVE('',#4044,#4045,#2062,.T.);
#5121=EDGE_CURVE('',#4045,#4043,#2063,.T.);
#5122=EDGE_CURVE('',#4003,#4044,#2064,.T.);
#5123=EDGE_CURVE('',#4005,#4045,#2065,.T.);
#5124=EDGE_CURVE('',#4046,#4047,#3424,.T.);
#5125=EDGE_CURVE('',#4046,#4048,#2066,.T.);
#5126=EDGE_CURVE('',#4048,#4049,#3425,.T.);
#5127=EDGE_CURVE('',#4047,#4049,#2067,.T.);
#5128=EDGE_CURVE('',#4050,#4046,#3426,.T.);
#5129=EDGE_CURVE('',#4050,#4051,#2068,.T.);
#5130=EDGE_CURVE('',#4051,#4048,#3427,.T.);
#5131=EDGE_CURVE('',#4052,#4050,#3428,.T.);
#5132=EDGE_CURVE('',#4052,#4053,#2069,.T.);
#5133=EDGE_CURVE('',#4053,#4051,#3429,.T.);
#5134=EDGE_CURVE('',#4054,#4052,#3430,.T.);
#5135=EDGE_CURVE('',#4054,#4055,#2070,.T.);
#5136=EDGE_CURVE('',#4055,#4053,#3431,.T.);
#5137=EDGE_CURVE('',#4056,#4054,#3432,.T.);
#5138=EDGE_CURVE('',#4056,#4057,#2071,.T.);
#5139=EDGE_CURVE('',#4057,#4055,#3433,.T.);
#5140=EDGE_CURVE('',#4058,#4056,#3434,.T.);
#5141=EDGE_CURVE('',#4058,#4059,#2072,.T.);
#5142=EDGE_CURVE('',#4059,#4057,#3435,.T.);
#5143=EDGE_CURVE('',#4060,#4058,#3436,.T.);
#5144=EDGE_CURVE('',#4060,#4061,#2073,.T.);
#5145=EDGE_CURVE('',#4061,#4059,#3437,.T.);
#5146=EDGE_CURVE('',#4062,#4060,#3438,.T.);
#5147=EDGE_CURVE('',#4062,#4063,#2074,.T.);
#5148=EDGE_CURVE('',#4063,#4061,#3439,.T.);
#5149=EDGE_CURVE('',#4064,#4062,#3440,.T.);
#5150=EDGE_CURVE('',#4064,#4065,#2075,.T.);
#5151=EDGE_CURVE('',#4065,#4063,#3441,.T.);
#5152=EDGE_CURVE('',#4066,#4064,#2076,.T.);
#5153=EDGE_CURVE('',#4066,#4067,#2077,.T.);
#5154=EDGE_CURVE('',#4067,#4065,#2078,.T.);
#5155=EDGE_CURVE('',#4068,#4066,#3442,.T.);
#5156=EDGE_CURVE('',#4068,#4069,#2079,.T.);
#5157=EDGE_CURVE('',#4069,#4067,#3443,.T.);
#5158=EDGE_CURVE('',#4070,#4068,#3444,.T.);
#5159=EDGE_CURVE('',#4070,#4071,#2080,.T.);
#5160=EDGE_CURVE('',#4071,#4069,#3445,.T.);
#5161=EDGE_CURVE('',#4072,#4070,#3446,.T.);
#5162=EDGE_CURVE('',#4072,#4073,#2081,.T.);
#5163=EDGE_CURVE('',#4073,#4071,#3447,.T.);
#5164=EDGE_CURVE('',#4074,#4072,#3448,.T.);
#5165=EDGE_CURVE('',#4074,#4075,#2082,.T.);
#5166=EDGE_CURVE('',#4075,#4073,#3449,.T.);
#5167=EDGE_CURVE('',#4076,#4074,#3450,.T.);
#5168=EDGE_CURVE('',#4076,#4077,#2083,.T.);
#5169=EDGE_CURVE('',#4077,#4075,#3451,.T.);
#5170=EDGE_CURVE('',#4078,#4076,#3452,.T.);
#5171=EDGE_CURVE('',#4078,#4079,#2084,.T.);
#5172=EDGE_CURVE('',#4079,#4077,#3453,.T.);
#5173=EDGE_CURVE('',#4080,#4078,#3454,.T.);
#5174=EDGE_CURVE('',#4080,#4081,#2085,.T.);
#5175=EDGE_CURVE('',#4081,#4079,#3455,.T.);
#5176=EDGE_CURVE('',#4082,#4080,#3456,.T.);
#5177=EDGE_CURVE('',#4082,#4083,#2086,.T.);
#5178=EDGE_CURVE('',#4083,#4081,#3457,.T.);
#5179=EDGE_CURVE('',#4084,#4082,#3458,.T.);
#5180=EDGE_CURVE('',#4084,#4085,#2087,.T.);
#5181=EDGE_CURVE('',#4085,#4083,#3459,.T.);
#5182=EDGE_CURVE('',#4086,#4084,#2088,.T.);
#5183=EDGE_CURVE('',#4086,#4087,#2089,.T.);
#5184=EDGE_CURVE('',#4087,#4085,#2090,.T.);
#5185=EDGE_CURVE('',#4088,#4086,#2091,.T.);
#5186=EDGE_CURVE('',#4088,#4089,#2092,.T.);
#5187=EDGE_CURVE('',#4089,#4087,#2093,.T.);
#5188=EDGE_CURVE('',#4047,#4088,#2094,.T.);
#5189=EDGE_CURVE('',#4049,#4089,#2095,.T.);
#5190=EDGE_CURVE('',#4090,#4091,#3460,.T.);
#5191=EDGE_CURVE('',#4090,#4092,#2096,.T.);
#5192=EDGE_CURVE('',#4092,#4093,#3461,.T.);
#5193=EDGE_CURVE('',#4091,#4093,#2097,.T.);
#5194=EDGE_CURVE('',#4094,#4090,#3462,.T.);
#5195=EDGE_CURVE('',#4094,#4095,#2098,.T.);
#5196=EDGE_CURVE('',#4095,#4092,#3463,.T.);
#5197=EDGE_CURVE('',#4096,#4094,#3464,.T.);
#5198=EDGE_CURVE('',#4096,#4097,#2099,.T.);
#5199=EDGE_CURVE('',#4097,#4095,#3465,.T.);
#5200=EDGE_CURVE('',#4098,#4096,#3466,.T.);
#5201=EDGE_CURVE('',#4098,#4099,#2100,.T.);
#5202=EDGE_CURVE('',#4099,#4097,#3467,.T.);
#5203=EDGE_CURVE('',#4100,#4098,#3468,.T.);
#5204=EDGE_CURVE('',#4100,#4101,#2101,.T.);
#5205=EDGE_CURVE('',#4101,#4099,#3469,.T.);
#5206=EDGE_CURVE('',#4102,#4100,#3470,.T.);
#5207=EDGE_CURVE('',#4102,#4103,#2102,.T.);
#5208=EDGE_CURVE('',#4103,#4101,#3471,.T.);
#5209=EDGE_CURVE('',#4104,#4102,#3472,.T.);
#5210=EDGE_CURVE('',#4104,#4105,#2103,.T.);
#5211=EDGE_CURVE('',#4105,#4103,#3473,.T.);
#5212=EDGE_CURVE('',#4106,#4104,#3474,.T.);
#5213=EDGE_CURVE('',#4106,#4107,#2104,.T.);
#5214=EDGE_CURVE('',#4107,#4105,#3475,.T.);
#5215=EDGE_CURVE('',#4108,#4106,#3476,.T.);
#5216=EDGE_CURVE('',#4108,#4109,#2105,.T.);
#5217=EDGE_CURVE('',#4109,#4107,#3477,.T.);
#5218=EDGE_CURVE('',#4110,#4108,#2106,.T.);
#5219=EDGE_CURVE('',#4110,#4111,#2107,.T.);
#5220=EDGE_CURVE('',#4111,#4109,#2108,.T.);
#5221=EDGE_CURVE('',#4112,#4110,#3478,.T.);
#5222=EDGE_CURVE('',#4112,#4113,#2109,.T.);
#5223=EDGE_CURVE('',#4113,#4111,#3479,.T.);
#5224=EDGE_CURVE('',#4114,#4112,#3480,.T.);
#5225=EDGE_CURVE('',#4114,#4115,#2110,.T.);
#5226=EDGE_CURVE('',#4115,#4113,#3481,.T.);
#5227=EDGE_CURVE('',#4116,#4114,#3482,.T.);
#5228=EDGE_CURVE('',#4116,#4117,#2111,.T.);
#5229=EDGE_CURVE('',#4117,#4115,#3483,.T.);
#5230=EDGE_CURVE('',#4118,#4116,#3484,.T.);
#5231=EDGE_CURVE('',#4118,#4119,#2112,.T.);
#5232=EDGE_CURVE('',#4119,#4117,#3485,.T.);
#5233=EDGE_CURVE('',#4120,#4118,#3486,.T.);
#5234=EDGE_CURVE('',#4120,#4121,#2113,.T.);
#5235=EDGE_CURVE('',#4121,#4119,#3487,.T.);
#5236=EDGE_CURVE('',#4122,#4120,#3488,.T.);
#5237=EDGE_CURVE('',#4122,#4123,#2114,.T.);
#5238=EDGE_CURVE('',#4123,#4121,#3489,.T.);
#5239=EDGE_CURVE('',#4124,#4122,#3490,.T.);
#5240=EDGE_CURVE('',#4124,#4125,#2115,.T.);
#5241=EDGE_CURVE('',#4125,#4123,#3491,.T.);
#5242=EDGE_CURVE('',#4126,#4124,#3492,.T.);
#5243=EDGE_CURVE('',#4126,#4127,#2116,.T.);
#5244=EDGE_CURVE('',#4127,#4125,#3493,.T.);
#5245=EDGE_CURVE('',#4128,#4126,#3494,.T.);
#5246=EDGE_CURVE('',#4128,#4129,#2117,.T.);
#5247=EDGE_CURVE('',#4129,#4127,#3495,.T.);
#5248=EDGE_CURVE('',#4130,#4128,#2118,.T.);
#5249=EDGE_CURVE('',#4130,#4131,#2119,.T.);
#5250=EDGE_CURVE('',#4131,#4129,#2120,.T.);
#5251=EDGE_CURVE('',#4132,#4130,#2121,.T.);
#5252=EDGE_CURVE('',#4132,#4133,#2122,.T.);
#5253=EDGE_CURVE('',#4133,#4131,#2123,.T.);
#5254=EDGE_CURVE('',#4091,#4132,#2124,.T.);
#5255=EDGE_CURVE('',#4093,#4133,#2125,.T.);
#5256=EDGE_CURVE('',#4134,#4135,#3496,.T.);
#5257=EDGE_CURVE('',#4134,#4136,#2126,.T.);
#5258=EDGE_CURVE('',#4136,#4137,#3497,.T.);
#5259=EDGE_CURVE('',#4135,#4137,#2127,.T.);
#5260=EDGE_CURVE('',#4138,#4134,#3498,.T.);
#5261=EDGE_CURVE('',#4138,#4139,#2128,.T.);
#5262=EDGE_CURVE('',#4139,#4136,#3499,.T.);
#5263=EDGE_CURVE('',#4140,#4138,#3500,.T.);
#5264=EDGE_CURVE('',#4140,#4141,#2129,.T.);
#5265=EDGE_CURVE('',#4141,#4139,#3501,.T.);
#5266=EDGE_CURVE('',#4142,#4140,#3502,.T.);
#5267=EDGE_CURVE('',#4142,#4143,#2130,.T.);
#5268=EDGE_CURVE('',#4143,#4141,#3503,.T.);
#5269=EDGE_CURVE('',#4144,#4142,#3504,.T.);
#5270=EDGE_CURVE('',#4144,#4145,#2131,.T.);
#5271=EDGE_CURVE('',#4145,#4143,#3505,.T.);
#5272=EDGE_CURVE('',#4146,#4144,#3506,.T.);
#5273=EDGE_CURVE('',#4146,#4147,#2132,.T.);
#5274=EDGE_CURVE('',#4147,#4145,#3507,.T.);
#5275=EDGE_CURVE('',#4148,#4146,#3508,.T.);
#5276=EDGE_CURVE('',#4148,#4149,#2133,.T.);
#5277=EDGE_CURVE('',#4149,#4147,#3509,.T.);
#5278=EDGE_CURVE('',#4135,#4148,#3510,.T.);
#5279=EDGE_CURVE('',#4137,#4149,#3511,.T.);
#5280=EDGE_CURVE('',#4150,#4151,#3512,.T.);
#5281=EDGE_CURVE('',#4150,#4152,#2134,.T.);
#5282=EDGE_CURVE('',#4152,#4153,#3513,.T.);
#5283=EDGE_CURVE('',#4151,#4153,#2135,.T.);
#5284=EDGE_CURVE('',#4154,#4150,#3514,.T.);
#5285=EDGE_CURVE('',#4154,#4155,#2136,.T.);
#5286=EDGE_CURVE('',#4155,#4152,#3515,.T.);
#5287=EDGE_CURVE('',#4156,#4154,#3516,.T.);
#5288=EDGE_CURVE('',#4156,#4157,#2137,.T.);
#5289=EDGE_CURVE('',#4157,#4155,#3517,.T.);
#5290=EDGE_CURVE('',#4158,#4156,#3518,.T.);
#5291=EDGE_CURVE('',#4158,#4159,#2138,.T.);
#5292=EDGE_CURVE('',#4159,#4157,#3519,.T.);
#5293=EDGE_CURVE('',#4160,#4158,#3520,.T.);
#5294=EDGE_CURVE('',#4160,#4161,#2139,.T.);
#5295=EDGE_CURVE('',#4161,#4159,#3521,.T.);
#5296=EDGE_CURVE('',#4162,#4160,#3522,.T.);
#5297=EDGE_CURVE('',#4162,#4163,#2140,.T.);
#5298=EDGE_CURVE('',#4163,#4161,#3523,.T.);
#5299=EDGE_CURVE('',#4164,#4162,#3524,.T.);
#5300=EDGE_CURVE('',#4164,#4165,#2141,.T.);
#5301=EDGE_CURVE('',#4165,#4163,#3525,.T.);
#5302=EDGE_CURVE('',#4166,#4164,#3526,.T.);
#5303=EDGE_CURVE('',#4166,#4167,#2142,.T.);
#5304=EDGE_CURVE('',#4167,#4165,#3527,.T.);
#5305=EDGE_CURVE('',#4168,#4166,#3528,.T.);
#5306=EDGE_CURVE('',#4168,#4169,#2143,.T.);
#5307=EDGE_CURVE('',#4169,#4167,#3529,.T.);
#5308=EDGE_CURVE('',#4170,#4168,#3530,.T.);
#5309=EDGE_CURVE('',#4170,#4171,#2144,.T.);
#5310=EDGE_CURVE('',#4171,#4169,#3531,.T.);
#5311=EDGE_CURVE('',#4172,#4170,#3532,.T.);
#5312=EDGE_CURVE('',#4172,#4173,#2145,.T.);
#5313=EDGE_CURVE('',#4173,#4171,#3533,.T.);
#5314=EDGE_CURVE('',#4151,#4172,#3534,.T.);
#5315=EDGE_CURVE('',#4153,#4173,#3535,.T.);
#5316=EDGE_CURVE('',#4174,#4175,#2146,.T.);
#5317=EDGE_CURVE('',#4174,#4176,#2147,.T.);
#5318=EDGE_CURVE('',#4176,#4177,#2148,.T.);
#5319=EDGE_CURVE('',#4175,#4177,#2149,.T.);
#5320=EDGE_CURVE('',#4178,#4174,#2150,.T.);
#5321=EDGE_CURVE('',#4178,#4179,#2151,.T.);
#5322=EDGE_CURVE('',#4179,#4176,#2152,.T.);
#5323=EDGE_CURVE('',#4180,#4178,#2153,.T.);
#5324=EDGE_CURVE('',#4180,#4181,#2154,.T.);
#5325=EDGE_CURVE('',#4181,#4179,#2155,.T.);
#5326=EDGE_CURVE('',#4175,#4180,#2156,.T.);
#5327=EDGE_CURVE('',#4177,#4181,#2157,.T.);
#5328=EDGE_CURVE('',#4182,#4183,#3536,.T.);
#5329=EDGE_CURVE('',#4182,#4184,#2158,.T.);
#5330=EDGE_CURVE('',#4184,#4185,#3537,.T.);
#5331=EDGE_CURVE('',#4183,#4185,#2159,.T.);
#5332=EDGE_CURVE('',#4186,#4182,#3538,.T.);
#5333=EDGE_CURVE('',#4186,#4187,#2160,.T.);
#5334=EDGE_CURVE('',#4187,#4184,#3539,.T.);
#5335=EDGE_CURVE('',#4188,#4186,#3540,.T.);
#5336=EDGE_CURVE('',#4188,#4189,#2161,.T.);
#5337=EDGE_CURVE('',#4189,#4187,#3541,.T.);
#5338=EDGE_CURVE('',#4190,#4188,#3542,.T.);
#5339=EDGE_CURVE('',#4190,#4191,#2162,.T.);
#5340=EDGE_CURVE('',#4191,#4189,#3543,.T.);
#5341=EDGE_CURVE('',#4192,#4190,#3544,.T.);
#5342=EDGE_CURVE('',#4192,#4193,#2163,.T.);
#5343=EDGE_CURVE('',#4193,#4191,#3545,.T.);
#5344=EDGE_CURVE('',#4194,#4192,#3546,.T.);
#5345=EDGE_CURVE('',#4194,#4195,#2164,.T.);
#5346=EDGE_CURVE('',#4195,#4193,#3547,.T.);
#5347=EDGE_CURVE('',#4196,#4194,#3548,.T.);
#5348=EDGE_CURVE('',#4196,#4197,#2165,.T.);
#5349=EDGE_CURVE('',#4197,#4195,#3549,.T.);
#5350=EDGE_CURVE('',#4183,#4196,#3550,.T.);
#5351=EDGE_CURVE('',#4185,#4197,#3551,.T.);
#5352=EDGE_CURVE('',#4198,#4199,#3552,.T.);
#5353=EDGE_CURVE('',#4198,#4200,#2166,.T.);
#5354=EDGE_CURVE('',#4200,#4201,#3553,.T.);
#5355=EDGE_CURVE('',#4199,#4201,#2167,.T.);
#5356=EDGE_CURVE('',#4202,#4198,#3554,.T.);
#5357=EDGE_CURVE('',#4202,#4203,#2168,.T.);
#5358=EDGE_CURVE('',#4203,#4200,#3555,.T.);
#5359=EDGE_CURVE('',#4204,#4202,#3556,.T.);
#5360=EDGE_CURVE('',#4204,#4205,#2169,.T.);
#5361=EDGE_CURVE('',#4205,#4203,#3557,.T.);
#5362=EDGE_CURVE('',#4206,#4204,#3558,.T.);
#5363=EDGE_CURVE('',#4206,#4207,#2170,.T.);
#5364=EDGE_CURVE('',#4207,#4205,#3559,.T.);
#5365=EDGE_CURVE('',#4208,#4206,#3560,.T.);
#5366=EDGE_CURVE('',#4208,#4209,#2171,.T.);
#5367=EDGE_CURVE('',#4209,#4207,#3561,.T.);
#5368=EDGE_CURVE('',#4210,#4208,#3562,.T.);
#5369=EDGE_CURVE('',#4210,#4211,#2172,.T.);
#5370=EDGE_CURVE('',#4211,#4209,#3563,.T.);
#5371=EDGE_CURVE('',#4212,#4210,#3564,.T.);
#5372=EDGE_CURVE('',#4212,#4213,#2173,.T.);
#5373=EDGE_CURVE('',#4213,#4211,#3565,.T.);
#5374=EDGE_CURVE('',#4214,#4212,#3566,.T.);
#5375=EDGE_CURVE('',#4214,#4215,#2174,.T.);
#5376=EDGE_CURVE('',#4215,#4213,#3567,.T.);
#5377=EDGE_CURVE('',#4216,#4214,#3568,.T.);
#5378=EDGE_CURVE('',#4216,#4217,#2175,.T.);
#5379=EDGE_CURVE('',#4217,#4215,#3569,.T.);
#5380=EDGE_CURVE('',#4218,#4216,#3570,.T.);
#5381=EDGE_CURVE('',#4218,#4219,#2176,.T.);
#5382=EDGE_CURVE('',#4219,#4217,#3571,.T.);
#5383=EDGE_CURVE('',#4220,#4218,#3572,.T.);
#5384=EDGE_CURVE('',#4220,#4221,#2177,.T.);
#5385=EDGE_CURVE('',#4221,#4219,#3573,.T.);
#5386=EDGE_CURVE('',#4199,#4220,#3574,.T.);
#5387=EDGE_CURVE('',#4201,#4221,#3575,.T.);
#5388=EDGE_CURVE('',#4222,#4223,#3576,.T.);
#5389=EDGE_CURVE('',#4222,#4224,#2178,.T.);
#5390=EDGE_CURVE('',#4224,#4225,#3577,.T.);
#5391=EDGE_CURVE('',#4223,#4225,#2179,.T.);
#5392=EDGE_CURVE('',#4226,#4222,#3578,.T.);
#5393=EDGE_CURVE('',#4226,#4227,#2180,.T.);
#5394=EDGE_CURVE('',#4227,#4224,#3579,.T.);
#5395=EDGE_CURVE('',#4228,#4226,#3580,.T.);
#5396=EDGE_CURVE('',#4228,#4229,#2181,.T.);
#5397=EDGE_CURVE('',#4229,#4227,#3581,.T.);
#5398=EDGE_CURVE('',#4230,#4228,#3582,.T.);
#5399=EDGE_CURVE('',#4230,#4231,#2182,.T.);
#5400=EDGE_CURVE('',#4231,#4229,#3583,.T.);
#5401=EDGE_CURVE('',#4232,#4230,#3584,.T.);
#5402=EDGE_CURVE('',#4232,#4233,#2183,.T.);
#5403=EDGE_CURVE('',#4233,#4231,#3585,.T.);
#5404=EDGE_CURVE('',#4234,#4232,#3586,.T.);
#5405=EDGE_CURVE('',#4234,#4235,#2184,.T.);
#5406=EDGE_CURVE('',#4235,#4233,#3587,.T.);
#5407=EDGE_CURVE('',#4236,#4234,#3588,.T.);
#5408=EDGE_CURVE('',#4236,#4237,#2185,.T.);
#5409=EDGE_CURVE('',#4237,#4235,#3589,.T.);
#5410=EDGE_CURVE('',#4223,#4236,#3590,.T.);
#5411=EDGE_CURVE('',#4225,#4237,#3591,.T.);
#5412=EDGE_CURVE('',#4238,#4239,#3592,.T.);
#5413=EDGE_CURVE('',#4238,#4240,#2186,.T.);
#5414=EDGE_CURVE('',#4240,#4241,#3593,.T.);
#5415=EDGE_CURVE('',#4239,#4241,#2187,.T.);
#5416=EDGE_CURVE('',#4242,#4238,#3594,.T.);
#5417=EDGE_CURVE('',#4242,#4243,#2188,.T.);
#5418=EDGE_CURVE('',#4243,#4240,#3595,.T.);
#5419=EDGE_CURVE('',#4244,#4242,#3596,.T.);
#5420=EDGE_CURVE('',#4244,#4245,#2189,.T.);
#5421=EDGE_CURVE('',#4245,#4243,#3597,.T.);
#5422=EDGE_CURVE('',#4246,#4244,#3598,.T.);
#5423=EDGE_CURVE('',#4246,#4247,#2190,.T.);
#5424=EDGE_CURVE('',#4247,#4245,#3599,.T.);
#5425=EDGE_CURVE('',#4248,#4246,#3600,.T.);
#5426=EDGE_CURVE('',#4248,#4249,#2191,.T.);
#5427=EDGE_CURVE('',#4249,#4247,#3601,.T.);
#5428=EDGE_CURVE('',#4250,#4248,#3602,.T.);
#5429=EDGE_CURVE('',#4250,#4251,#2192,.T.);
#5430=EDGE_CURVE('',#4251,#4249,#3603,.T.);
#5431=EDGE_CURVE('',#4252,#4250,#3604,.T.);
#5432=EDGE_CURVE('',#4252,#4253,#2193,.T.);
#5433=EDGE_CURVE('',#4253,#4251,#3605,.T.);
#5434=EDGE_CURVE('',#4254,#4252,#3606,.T.);
#5435=EDGE_CURVE('',#4254,#4255,#2194,.T.);
#5436=EDGE_CURVE('',#4255,#4253,#3607,.T.);
#5437=EDGE_CURVE('',#4256,#4254,#3608,.T.);
#5438=EDGE_CURVE('',#4256,#4257,#2195,.T.);
#5439=EDGE_CURVE('',#4257,#4255,#3609,.T.);
#5440=EDGE_CURVE('',#4258,#4256,#3610,.T.);
#5441=EDGE_CURVE('',#4258,#4259,#2196,.T.);
#5442=EDGE_CURVE('',#4259,#4257,#3611,.T.);
#5443=EDGE_CURVE('',#4260,#4258,#3612,.T.);
#5444=EDGE_CURVE('',#4260,#4261,#2197,.T.);
#5445=EDGE_CURVE('',#4261,#4259,#3613,.T.);
#5446=EDGE_CURVE('',#4239,#4260,#3614,.T.);
#5447=EDGE_CURVE('',#4241,#4261,#3615,.T.);
#5448=EDGE_CURVE('',#4262,#4263,#2198,.T.);
#5449=EDGE_CURVE('',#4262,#4264,#2199,.T.);
#5450=EDGE_CURVE('',#4264,#4265,#2200,.T.);
#5451=EDGE_CURVE('',#4263,#4265,#2201,.T.);
#5452=EDGE_CURVE('',#4266,#4262,#2202,.T.);
#5453=EDGE_CURVE('',#4266,#4267,#2203,.T.);
#5454=EDGE_CURVE('',#4267,#4264,#2204,.T.);
#5455=EDGE_CURVE('',#4268,#4266,#2205,.T.);
#5456=EDGE_CURVE('',#4268,#4269,#2206,.T.);
#5457=EDGE_CURVE('',#4269,#4267,#2207,.T.);
#5458=EDGE_CURVE('',#4263,#4268,#2208,.T.);
#5459=EDGE_CURVE('',#4265,#4269,#2209,.T.);
#5460=EDGE_CURVE('',#4270,#4271,#2210,.T.);
#5461=EDGE_CURVE('',#4270,#4272,#2211,.T.);
#5462=EDGE_CURVE('',#4272,#4273,#2212,.T.);
#5463=EDGE_CURVE('',#4271,#4273,#2213,.T.);
#5464=EDGE_CURVE('',#4274,#4270,#2214,.T.);
#5465=EDGE_CURVE('',#4274,#4275,#2215,.T.);
#5466=EDGE_CURVE('',#4275,#4272,#2216,.T.);
#5467=EDGE_CURVE('',#4276,#4274,#2217,.T.);
#5468=EDGE_CURVE('',#4276,#4277,#2218,.T.);
#5469=EDGE_CURVE('',#4277,#4275,#2219,.T.);
#5470=EDGE_CURVE('',#4278,#4276,#2220,.T.);
#5471=EDGE_CURVE('',#4278,#4279,#2221,.T.);
#5472=EDGE_CURVE('',#4279,#4277,#2222,.T.);
#5473=EDGE_CURVE('',#4280,#4278,#2223,.T.);
#5474=EDGE_CURVE('',#4280,#4281,#2224,.T.);
#5475=EDGE_CURVE('',#4281,#4279,#2225,.T.);
#5476=EDGE_CURVE('',#4282,#4280,#2226,.T.);
#5477=EDGE_CURVE('',#4282,#4283,#2227,.T.);
#5478=EDGE_CURVE('',#4283,#4281,#2228,.T.);
#5479=EDGE_CURVE('',#4284,#4282,#2229,.T.);
#5480=EDGE_CURVE('',#4284,#4285,#2230,.T.);
#5481=EDGE_CURVE('',#4285,#4283,#2231,.T.);
#5482=EDGE_CURVE('',#4286,#4284,#2232,.T.);
#5483=EDGE_CURVE('',#4286,#4287,#2233,.T.);
#5484=EDGE_CURVE('',#4287,#4285,#2234,.T.);
#5485=EDGE_CURVE('',#4288,#4286,#2235,.T.);
#5486=EDGE_CURVE('',#4288,#4289,#2236,.T.);
#5487=EDGE_CURVE('',#4289,#4287,#2237,.T.);
#5488=EDGE_CURVE('',#4290,#4288,#2238,.T.);
#5489=EDGE_CURVE('',#4290,#4291,#2239,.T.);
#5490=EDGE_CURVE('',#4291,#4289,#2240,.T.);
#5491=EDGE_CURVE('',#4292,#4290,#2241,.T.);
#5492=EDGE_CURVE('',#4292,#4293,#2242,.T.);
#5493=EDGE_CURVE('',#4293,#4291,#2243,.T.);
#5494=EDGE_CURVE('',#4271,#4292,#2244,.T.);
#5495=EDGE_CURVE('',#4273,#4293,#2245,.T.);
#5496=EDGE_CURVE('',#4294,#4295,#3616,.T.);
#5497=EDGE_CURVE('',#4294,#4296,#2246,.T.);
#5498=EDGE_CURVE('',#4296,#4297,#3617,.T.);
#5499=EDGE_CURVE('',#4295,#4297,#2247,.T.);
#5500=EDGE_CURVE('',#4298,#4294,#3618,.T.);
#5501=EDGE_CURVE('',#4298,#4299,#2248,.T.);
#5502=EDGE_CURVE('',#4299,#4296,#3619,.T.);
#5503=EDGE_CURVE('',#4300,#4298,#3620,.T.);
#5504=EDGE_CURVE('',#4300,#4301,#2249,.T.);
#5505=EDGE_CURVE('',#4301,#4299,#3621,.T.);
#5506=EDGE_CURVE('',#4302,#4300,#3622,.T.);
#5507=EDGE_CURVE('',#4302,#4303,#2250,.T.);
#5508=EDGE_CURVE('',#4303,#4301,#3623,.T.);
#5509=EDGE_CURVE('',#4304,#4302,#3624,.T.);
#5510=EDGE_CURVE('',#4304,#4305,#2251,.T.);
#5511=EDGE_CURVE('',#4305,#4303,#3625,.T.);
#5512=EDGE_CURVE('',#4306,#4304,#2252,.T.);
#5513=EDGE_CURVE('',#4306,#4307,#2253,.T.);
#5514=EDGE_CURVE('',#4307,#4305,#2254,.T.);
#5515=EDGE_CURVE('',#4308,#4306,#2255,.T.);
#5516=EDGE_CURVE('',#4308,#4309,#2256,.T.);
#5517=EDGE_CURVE('',#4309,#4307,#2257,.T.);
#5518=EDGE_CURVE('',#4310,#4308,#2258,.T.);
#5519=EDGE_CURVE('',#4310,#4311,#2259,.T.);
#5520=EDGE_CURVE('',#4311,#4309,#2260,.T.);
#5521=EDGE_CURVE('',#4312,#4310,#3626,.T.);
#5522=EDGE_CURVE('',#4312,#4313,#2261,.T.);
#5523=EDGE_CURVE('',#4313,#4311,#3627,.T.);
#5524=EDGE_CURVE('',#4314,#4312,#3628,.T.);
#5525=EDGE_CURVE('',#4314,#4315,#2262,.T.);
#5526=EDGE_CURVE('',#4315,#4313,#3629,.T.);
#5527=EDGE_CURVE('',#4316,#4314,#3630,.T.);
#5528=EDGE_CURVE('',#4316,#4317,#2263,.T.);
#5529=EDGE_CURVE('',#4317,#4315,#3631,.T.);
#5530=EDGE_CURVE('',#4318,#4316,#3632,.T.);
#5531=EDGE_CURVE('',#4318,#4319,#2264,.T.);
#5532=EDGE_CURVE('',#4319,#4317,#3633,.T.);
#5533=EDGE_CURVE('',#4320,#4318,#3634,.T.);
#5534=EDGE_CURVE('',#4320,#4321,#2265,.T.);
#5535=EDGE_CURVE('',#4321,#4319,#3635,.T.);
#5536=EDGE_CURVE('',#4322,#4320,#3636,.T.);
#5537=EDGE_CURVE('',#4322,#4323,#2266,.T.);
#5538=EDGE_CURVE('',#4323,#4321,#3637,.T.);
#5539=EDGE_CURVE('',#4324,#4322,#2267,.T.);
#5540=EDGE_CURVE('',#4324,#4325,#2268,.T.);
#5541=EDGE_CURVE('',#4325,#4323,#2269,.T.);
#5542=EDGE_CURVE('',#4326,#4324,#2270,.T.);
#5543=EDGE_CURVE('',#4326,#4327,#2271,.T.);
#5544=EDGE_CURVE('',#4327,#4325,#2272,.T.);
#5545=EDGE_CURVE('',#4295,#4326,#2273,.T.);
#5546=EDGE_CURVE('',#4297,#4327,#2274,.T.);
#5547=EDGE_CURVE('',#4328,#4329,#2275,.T.);
#5548=EDGE_CURVE('',#4328,#4330,#2276,.T.);
#5549=EDGE_CURVE('',#4330,#4331,#2277,.T.);
#5550=EDGE_CURVE('',#4329,#4331,#2278,.T.);
#5551=EDGE_CURVE('',#4332,#4328,#2279,.T.);
#5552=EDGE_CURVE('',#4332,#4333,#2280,.T.);
#5553=EDGE_CURVE('',#4333,#4330,#2281,.T.);
#5554=EDGE_CURVE('',#4334,#4332,#2282,.T.);
#5555=EDGE_CURVE('',#4334,#4335,#2283,.T.);
#5556=EDGE_CURVE('',#4335,#4333,#2284,.T.);
#5557=EDGE_CURVE('',#4336,#4334,#2285,.T.);
#5558=EDGE_CURVE('',#4336,#4337,#2286,.T.);
#5559=EDGE_CURVE('',#4337,#4335,#2287,.T.);
#5560=EDGE_CURVE('',#4338,#4336,#2288,.T.);
#5561=EDGE_CURVE('',#4338,#4339,#2289,.T.);
#5562=EDGE_CURVE('',#4339,#4337,#2290,.T.);
#5563=EDGE_CURVE('',#4340,#4338,#2291,.T.);
#5564=EDGE_CURVE('',#4340,#4341,#2292,.T.);
#5565=EDGE_CURVE('',#4341,#4339,#2293,.T.);
#5566=EDGE_CURVE('',#4342,#4340,#2294,.T.);
#5567=EDGE_CURVE('',#4342,#4343,#2295,.T.);
#5568=EDGE_CURVE('',#4343,#4341,#2296,.T.);
#5569=EDGE_CURVE('',#4344,#4342,#2297,.T.);
#5570=EDGE_CURVE('',#4344,#4345,#2298,.T.);
#5571=EDGE_CURVE('',#4345,#4343,#2299,.T.);
#5572=EDGE_CURVE('',#4346,#4344,#2300,.T.);
#5573=EDGE_CURVE('',#4346,#4347,#2301,.T.);
#5574=EDGE_CURVE('',#4347,#4345,#2302,.T.);
#5575=EDGE_CURVE('',#4348,#4346,#2303,.T.);
#5576=EDGE_CURVE('',#4348,#4349,#2304,.T.);
#5577=EDGE_CURVE('',#4349,#4347,#2305,.T.);
#5578=EDGE_CURVE('',#4350,#4348,#2306,.T.);
#5579=EDGE_CURVE('',#4350,#4351,#2307,.T.);
#5580=EDGE_CURVE('',#4351,#4349,#2308,.T.);
#5581=EDGE_CURVE('',#4329,#4350,#2309,.T.);
#5582=EDGE_CURVE('',#4331,#4351,#2310,.T.);
#5583=EDGE_CURVE('',#4352,#4353,#2311,.T.);
#5584=EDGE_CURVE('',#4354,#4352,#2312,.T.);
#5585=EDGE_CURVE('',#4354,#4355,#2313,.T.);
#5586=EDGE_CURVE('',#4353,#4355,#2314,.T.);
#5587=EDGE_CURVE('',#4353,#4356,#2315,.T.);
#5588=EDGE_CURVE('',#4355,#4357,#2316,.T.);
#5589=EDGE_CURVE('',#4356,#4357,#2317,.T.);
#5590=EDGE_CURVE('',#4358,#4359,#2318,.T.);
#5591=EDGE_CURVE('',#4358,#4360,#2319,.T.);
#5592=EDGE_CURVE('',#4360,#4361,#2320,.T.);
#5593=EDGE_CURVE('',#4359,#4361,#2321,.T.);
#5594=EDGE_CURVE('',#4362,#4358,#2322,.T.);
#5595=EDGE_CURVE('',#4363,#4362,#2323,.T.);
#5596=EDGE_CURVE('',#4363,#4360,#2324,.T.);
#5597=EDGE_CURVE('',#4364,#4365,#2325,.T.);
#5598=EDGE_CURVE('',#4364,#4366,#2326,.T.);
#5599=EDGE_CURVE('',#4366,#4367,#2327,.T.);
#5600=EDGE_CURVE('',#4365,#4367,#2328,.T.);
#5601=EDGE_CURVE('',#4368,#4364,#2329,.T.);
#5602=EDGE_CURVE('',#4369,#4368,#2330,.T.);
#5603=EDGE_CURVE('',#4369,#4366,#2331,.T.);
#5604=EDGE_CURVE('',#4370,#4371,#2332,.T.);
#5605=EDGE_CURVE('',#4372,#4370,#2333,.T.);
#5606=EDGE_CURVE('',#4372,#4373,#2334,.T.);
#5607=EDGE_CURVE('',#4371,#4373,#2335,.T.);
#5608=EDGE_CURVE('',#4371,#4374,#2336,.T.);
#5609=EDGE_CURVE('',#4373,#4375,#2337,.T.);
#5610=EDGE_CURVE('',#4374,#4375,#2338,.T.);
#5611=EDGE_CURVE('',#4356,#4376,#2339,.T.);
#5612=EDGE_CURVE('',#4377,#4376,#2340,.T.);
#5613=EDGE_CURVE('',#4378,#4377,#2341,.T.);
#5614=EDGE_CURVE('',#4378,#4352,#2342,.T.);
#5615=EDGE_CURVE('',#4379,#4361,#2343,.T.);
#5616=EDGE_CURVE('',#4380,#4379,#2344,.T.);
#5617=EDGE_CURVE('',#4380,#4359,#2345,.T.);
#5618=EDGE_CURVE('',#4367,#4381,#2346,.T.);
#5619=EDGE_CURVE('',#4382,#4381,#2347,.T.);
#5620=EDGE_CURVE('',#4365,#4382,#2348,.T.);
#5621=EDGE_CURVE('',#4374,#4383,#2349,.T.);
#5622=EDGE_CURVE('',#4383,#4384,#2350,.T.);
#5623=EDGE_CURVE('',#4385,#4384,#2351,.T.);
#5624=EDGE_CURVE('',#4370,#4385,#2352,.T.);
#5625=EDGE_CURVE('',#4386,#4386,#14,.T.);
#5626=EDGE_CURVE('',#4386,#4387,#2353,.T.);
#5627=EDGE_CURVE('',#4387,#4387,#15,.T.);
#5628=EDGE_CURVE('',#4388,#4388,#16,.T.);
#5629=EDGE_CURVE('',#4388,#4389,#2354,.T.);
#5630=EDGE_CURVE('',#4389,#4389,#17,.T.);
#5631=EDGE_CURVE('',#4390,#4390,#18,.T.);
#5632=EDGE_CURVE('',#4390,#4391,#2355,.T.);
#5633=EDGE_CURVE('',#4391,#4391,#19,.T.);
#5634=EDGE_CURVE('',#4392,#4392,#20,.T.);
#5635=EDGE_CURVE('',#4392,#4393,#2356,.T.);
#5636=EDGE_CURVE('',#4393,#4393,#21,.T.);
#5637=EDGE_CURVE('',#4394,#4394,#22,.T.);
#5638=EDGE_CURVE('',#4394,#4395,#2357,.T.);
#5639=EDGE_CURVE('',#4395,#4395,#23,.T.);
#5640=EDGE_CURVE('',#4396,#4396,#24,.T.);
#5641=EDGE_CURVE('',#4396,#4397,#2358,.T.);
#5642=EDGE_CURVE('',#4397,#4397,#25,.T.);
#5643=EDGE_CURVE('',#4398,#4398,#26,.T.);
#5644=EDGE_CURVE('',#4398,#4399,#2359,.T.);
#5645=EDGE_CURVE('',#4399,#4399,#27,.T.);
#5646=EDGE_CURVE('',#4400,#4400,#28,.T.);
#5647=EDGE_CURVE('',#4400,#4401,#2360,.T.);
#5648=EDGE_CURVE('',#4401,#4401,#29,.T.);
#5649=EDGE_CURVE('',#4402,#4402,#30,.T.);
#5650=EDGE_CURVE('',#4402,#4403,#2361,.T.);
#5651=EDGE_CURVE('',#4403,#4403,#31,.T.);
#5652=EDGE_CURVE('',#4404,#4404,#32,.T.);
#5653=EDGE_CURVE('',#4404,#4405,#2362,.T.);
#5654=EDGE_CURVE('',#4405,#4405,#33,.T.);
#5655=EDGE_CURVE('',#4406,#4406,#34,.T.);
#5656=EDGE_CURVE('',#4406,#4407,#2363,.T.);
#5657=EDGE_CURVE('',#4407,#4407,#35,.T.);
#5658=EDGE_CURVE('',#4408,#4408,#36,.T.);
#5659=EDGE_CURVE('',#4408,#4409,#2364,.T.);
#5660=EDGE_CURVE('',#4409,#4409,#37,.T.);
#5661=EDGE_CURVE('',#4410,#4410,#38,.T.);
#5662=EDGE_CURVE('',#4410,#4411,#2365,.T.);
#5663=EDGE_CURVE('',#4411,#4411,#39,.T.);
#5664=EDGE_CURVE('',#4412,#4412,#40,.T.);
#5665=EDGE_CURVE('',#4412,#4413,#2366,.T.);
#5666=EDGE_CURVE('',#4413,#4413,#41,.T.);
#5667=EDGE_CURVE('',#4414,#4414,#42,.T.);
#5668=EDGE_CURVE('',#4414,#4415,#2367,.T.);
#5669=EDGE_CURVE('',#4415,#4415,#43,.T.);
#5670=EDGE_CURVE('',#4416,#4416,#44,.T.);
#5671=EDGE_CURVE('',#4416,#4417,#2368,.T.);
#5672=EDGE_CURVE('',#4417,#4417,#45,.T.);
#5673=EDGE_CURVE('',#4418,#4418,#46,.T.);
#5674=EDGE_CURVE('',#4418,#4419,#2369,.T.);
#5675=EDGE_CURVE('',#4419,#4419,#47,.T.);
#5676=EDGE_CURVE('',#4420,#4420,#48,.T.);
#5677=EDGE_CURVE('',#4420,#4421,#2370,.T.);
#5678=EDGE_CURVE('',#4421,#4421,#49,.T.);
#5679=EDGE_CURVE('',#4422,#4422,#50,.T.);
#5680=EDGE_CURVE('',#4422,#4423,#2371,.T.);
#5681=EDGE_CURVE('',#4423,#4423,#51,.T.);
#5682=EDGE_CURVE('',#4424,#4424,#52,.T.);
#5683=EDGE_CURVE('',#4424,#4425,#2372,.T.);
#5684=EDGE_CURVE('',#4425,#4425,#53,.T.);
#5685=EDGE_CURVE('',#4426,#4426,#54,.T.);
#5686=EDGE_CURVE('',#4426,#4427,#2373,.T.);
#5687=EDGE_CURVE('',#4427,#4427,#55,.T.);
#5688=EDGE_CURVE('',#4428,#4428,#56,.T.);
#5689=EDGE_CURVE('',#4428,#4429,#2374,.T.);
#5690=EDGE_CURVE('',#4429,#4429,#57,.T.);
#5691=EDGE_CURVE('',#4430,#4430,#58,.T.);
#5692=EDGE_CURVE('',#4430,#4431,#2375,.T.);
#5693=EDGE_CURVE('',#4431,#4431,#59,.T.);
#5694=EDGE_CURVE('',#4432,#4432,#60,.T.);
#5695=EDGE_CURVE('',#4432,#4433,#2376,.T.);
#5696=EDGE_CURVE('',#4433,#4433,#61,.T.);
#5697=EDGE_CURVE('',#4434,#4434,#62,.T.);
#5698=EDGE_CURVE('',#4434,#4435,#2377,.T.);
#5699=EDGE_CURVE('',#4435,#4435,#63,.T.);
#5700=EDGE_CURVE('',#4436,#4436,#64,.T.);
#5701=EDGE_CURVE('',#4436,#4437,#2378,.T.);
#5702=EDGE_CURVE('',#4437,#4437,#65,.T.);
#5703=EDGE_CURVE('',#4438,#4438,#66,.T.);
#5704=EDGE_CURVE('',#4438,#4439,#2379,.T.);
#5705=EDGE_CURVE('',#4439,#4439,#67,.T.);
#5706=EDGE_CURVE('',#4440,#4440,#68,.T.);
#5707=EDGE_CURVE('',#4440,#4441,#2380,.T.);
#5708=EDGE_CURVE('',#4441,#4441,#69,.T.);
#5709=EDGE_CURVE('',#4442,#4442,#70,.T.);
#5710=EDGE_CURVE('',#4442,#4443,#2381,.T.);
#5711=EDGE_CURVE('',#4443,#4443,#71,.T.);
#5712=EDGE_CURVE('',#4444,#4444,#72,.T.);
#5713=EDGE_CURVE('',#4444,#4445,#2382,.T.);
#5714=EDGE_CURVE('',#4445,#4445,#73,.T.);
#5715=EDGE_CURVE('',#4446,#4446,#74,.T.);
#5716=EDGE_CURVE('',#4446,#4447,#2383,.T.);
#5717=EDGE_CURVE('',#4447,#4447,#75,.T.);
#5718=EDGE_CURVE('',#4448,#4448,#76,.T.);
#5719=EDGE_CURVE('',#4448,#4449,#2384,.T.);
#5720=EDGE_CURVE('',#4449,#4449,#77,.T.);
#5721=EDGE_CURVE('',#4450,#4450,#78,.T.);
#5722=EDGE_CURVE('',#4450,#4451,#2385,.T.);
#5723=EDGE_CURVE('',#4451,#4451,#79,.T.);
#5724=EDGE_CURVE('',#4452,#4452,#80,.T.);
#5725=EDGE_CURVE('',#4452,#4453,#2386,.T.);
#5726=EDGE_CURVE('',#4453,#4453,#81,.T.);
#5727=EDGE_CURVE('',#4454,#4454,#82,.T.);
#5728=EDGE_CURVE('',#4454,#4455,#2387,.T.);
#5729=EDGE_CURVE('',#4455,#4455,#83,.T.);
#5730=EDGE_CURVE('',#4456,#4456,#84,.T.);
#5731=EDGE_CURVE('',#4456,#4457,#2388,.T.);
#5732=EDGE_CURVE('',#4457,#4457,#85,.T.);
#5733=EDGE_CURVE('',#4458,#4458,#86,.T.);
#5734=EDGE_CURVE('',#4458,#4459,#2389,.T.);
#5735=EDGE_CURVE('',#4459,#4459,#87,.T.);
#5736=EDGE_CURVE('',#4460,#4460,#88,.T.);
#5737=EDGE_CURVE('',#4460,#4461,#2390,.T.);
#5738=EDGE_CURVE('',#4461,#4461,#89,.T.);
#5739=EDGE_CURVE('',#4462,#4462,#90,.T.);
#5740=EDGE_CURVE('',#4462,#4463,#2391,.T.);
#5741=EDGE_CURVE('',#4463,#4463,#91,.T.);
#5742=EDGE_CURVE('',#4464,#4464,#92,.T.);
#5743=EDGE_CURVE('',#4464,#4465,#2392,.T.);
#5744=EDGE_CURVE('',#4465,#4465,#93,.T.);
#5745=EDGE_CURVE('',#4466,#4466,#94,.T.);
#5746=EDGE_CURVE('',#4466,#4467,#2393,.T.);
#5747=EDGE_CURVE('',#4467,#4467,#95,.T.);
#5748=EDGE_CURVE('',#4468,#4468,#96,.T.);
#5749=EDGE_CURVE('',#4468,#4469,#2394,.T.);
#5750=EDGE_CURVE('',#4469,#4469,#97,.T.);
#5751=EDGE_CURVE('',#4470,#4470,#98,.T.);
#5752=EDGE_CURVE('',#4470,#4471,#2395,.T.);
#5753=EDGE_CURVE('',#4471,#4471,#99,.T.);
#5754=EDGE_CURVE('',#4472,#4472,#100,.T.);
#5755=EDGE_CURVE('',#4472,#4473,#2396,.T.);
#5756=EDGE_CURVE('',#4473,#4473,#101,.T.);
#5757=EDGE_CURVE('',#4474,#4474,#102,.T.);
#5758=EDGE_CURVE('',#4474,#4475,#2397,.T.);
#5759=EDGE_CURVE('',#4475,#4475,#103,.T.);
#5760=EDGE_CURVE('',#4476,#4476,#104,.T.);
#5761=EDGE_CURVE('',#4476,#4477,#2398,.T.);
#5762=EDGE_CURVE('',#4477,#4477,#105,.T.);
#5763=EDGE_CURVE('',#4478,#4478,#106,.T.);
#5764=EDGE_CURVE('',#4478,#4479,#2399,.T.);
#5765=EDGE_CURVE('',#4479,#4479,#107,.T.);
#5766=EDGE_CURVE('',#4480,#4480,#108,.T.);
#5767=EDGE_CURVE('',#4480,#4481,#2400,.T.);
#5768=EDGE_CURVE('',#4481,#4481,#109,.T.);
#5769=EDGE_CURVE('',#4482,#4482,#110,.T.);
#5770=EDGE_CURVE('',#4482,#4483,#2401,.T.);
#5771=EDGE_CURVE('',#4483,#4483,#111,.T.);
#5772=EDGE_CURVE('',#4484,#4484,#112,.T.);
#5773=EDGE_CURVE('',#4484,#4485,#2402,.T.);
#5774=EDGE_CURVE('',#4485,#4485,#113,.T.);
#5775=EDGE_CURVE('',#4486,#4486,#114,.T.);
#5776=EDGE_CURVE('',#4486,#4487,#2403,.T.);
#5777=EDGE_CURVE('',#4487,#4487,#115,.T.);
#5778=EDGE_CURVE('',#4488,#4488,#116,.T.);
#5779=EDGE_CURVE('',#4488,#4489,#2404,.T.);
#5780=EDGE_CURVE('',#4489,#4489,#117,.T.);
#5781=EDGE_CURVE('',#4490,#4490,#118,.T.);
#5782=EDGE_CURVE('',#4490,#4491,#2405,.T.);
#5783=EDGE_CURVE('',#4491,#4491,#119,.T.);
#5784=EDGE_CURVE('',#4492,#4492,#120,.T.);
#5785=EDGE_CURVE('',#4492,#4493,#2406,.T.);
#5786=EDGE_CURVE('',#4493,#4493,#121,.T.);
#5787=EDGE_CURVE('',#4494,#4494,#122,.T.);
#5788=EDGE_CURVE('',#4494,#4495,#2407,.T.);
#5789=EDGE_CURVE('',#4495,#4495,#123,.T.);
#5790=EDGE_CURVE('',#4496,#4496,#124,.T.);
#5791=EDGE_CURVE('',#4496,#4497,#2408,.T.);
#5792=EDGE_CURVE('',#4497,#4497,#125,.T.);
#5793=EDGE_CURVE('',#4498,#4368,#2409,.T.);
#5794=EDGE_CURVE('',#4499,#4498,#2410,.T.);
#5795=EDGE_CURVE('',#4499,#4369,#2411,.T.);
#5796=EDGE_CURVE('',#4500,#4357,#2412,.T.);
#5797=EDGE_CURVE('',#4376,#4500,#2413,.T.);
#5798=EDGE_CURVE('',#4501,#4362,#2414,.T.);
#5799=EDGE_CURVE('',#4502,#4501,#2415,.T.);
#5800=EDGE_CURVE('',#4363,#4502,#2416,.T.);
#5801=EDGE_CURVE('',#4375,#4503,#2417,.T.);
#5802=EDGE_CURVE('',#4383,#4503,#2418,.T.);
#5803=EDGE_CURVE('',#4503,#4502,#2419,.T.);
#5804=EDGE_CURVE('',#4504,#4501,#2420,.T.);
#5805=EDGE_CURVE('',#4505,#4504,#2421,.T.);
#5806=EDGE_CURVE('',#4505,#4506,#2422,.T.);
#5807=EDGE_CURVE('',#4384,#4506,#2423,.T.);
#5808=EDGE_CURVE('',#4504,#4380,#2424,.T.);
#5809=EDGE_CURVE('',#4500,#4499,#2425,.T.);
#5810=EDGE_CURVE('',#4498,#4507,#2426,.T.);
#5811=EDGE_CURVE('',#4508,#4507,#2427,.T.);
#5812=EDGE_CURVE('',#4509,#4508,#2428,.T.);
#5813=EDGE_CURVE('',#4377,#4509,#2429,.T.);
#5814=EDGE_CURVE('',#4510,#4378,#2430,.T.);
#5815=EDGE_CURVE('',#4510,#4354,#2431,.T.);
#5816=EDGE_CURVE('',#4507,#4382,#2432,.T.);
#5817=EDGE_CURVE('',#4509,#4505,#2433,.T.);
#5818=EDGE_CURVE('',#4506,#4508,#2434,.T.);
#5819=EDGE_CURVE('',#4511,#4385,#2435,.T.);
#5820=EDGE_CURVE('',#4372,#4511,#2436,.T.);
#5821=EDGE_CURVE('',#4381,#4511,#2437,.T.);
#5822=EDGE_CURVE('',#4379,#4510,#2438,.T.);
#5823=ORIENTED_EDGE('',*,*,#4512,.F.);
#5824=ORIENTED_EDGE('',*,*,#4513,.T.);
#5825=ORIENTED_EDGE('',*,*,#4514,.T.);
#5826=ORIENTED_EDGE('',*,*,#4515,.F.);
#5827=ORIENTED_EDGE('',*,*,#4516,.F.);
#5828=ORIENTED_EDGE('',*,*,#4517,.T.);
#5829=ORIENTED_EDGE('',*,*,#4518,.T.);
#5830=ORIENTED_EDGE('',*,*,#4513,.F.);
#5831=ORIENTED_EDGE('',*,*,#4519,.F.);
#5832=ORIENTED_EDGE('',*,*,#4520,.T.);
#5833=ORIENTED_EDGE('',*,*,#4521,.T.);
#5834=ORIENTED_EDGE('',*,*,#4517,.F.);
#5835=ORIENTED_EDGE('',*,*,#4522,.F.);
#5836=ORIENTED_EDGE('',*,*,#4523,.T.);
#5837=ORIENTED_EDGE('',*,*,#4524,.T.);
#5838=ORIENTED_EDGE('',*,*,#4520,.F.);
#5839=ORIENTED_EDGE('',*,*,#4525,.F.);
#5840=ORIENTED_EDGE('',*,*,#4526,.T.);
#5841=ORIENTED_EDGE('',*,*,#4527,.T.);
#5842=ORIENTED_EDGE('',*,*,#4523,.F.);
#5843=ORIENTED_EDGE('',*,*,#4528,.F.);
#5844=ORIENTED_EDGE('',*,*,#4529,.T.);
#5845=ORIENTED_EDGE('',*,*,#4530,.T.);
#5846=ORIENTED_EDGE('',*,*,#4526,.F.);
#5847=ORIENTED_EDGE('',*,*,#4531,.F.);
#5848=ORIENTED_EDGE('',*,*,#4532,.T.);
#5849=ORIENTED_EDGE('',*,*,#4533,.T.);
#5850=ORIENTED_EDGE('',*,*,#4529,.F.);
#5851=ORIENTED_EDGE('',*,*,#4534,.F.);
#5852=ORIENTED_EDGE('',*,*,#4535,.T.);
#5853=ORIENTED_EDGE('',*,*,#4536,.T.);
#5854=ORIENTED_EDGE('',*,*,#4532,.F.);
#5855=ORIENTED_EDGE('',*,*,#4537,.F.);
#5856=ORIENTED_EDGE('',*,*,#4515,.T.);
#5857=ORIENTED_EDGE('',*,*,#4538,.T.);
#5858=ORIENTED_EDGE('',*,*,#4535,.F.);
#5859=ORIENTED_EDGE('',*,*,#4539,.F.);
#5860=ORIENTED_EDGE('',*,*,#4540,.T.);
#5861=ORIENTED_EDGE('',*,*,#4541,.T.);
#5862=ORIENTED_EDGE('',*,*,#4542,.F.);
#5863=ORIENTED_EDGE('',*,*,#4543,.F.);
#5864=ORIENTED_EDGE('',*,*,#4544,.T.);
#5865=ORIENTED_EDGE('',*,*,#4545,.T.);
#5866=ORIENTED_EDGE('',*,*,#4540,.F.);
#5867=ORIENTED_EDGE('',*,*,#4546,.F.);
#5868=ORIENTED_EDGE('',*,*,#4547,.T.);
#5869=ORIENTED_EDGE('',*,*,#4548,.T.);
#5870=ORIENTED_EDGE('',*,*,#4544,.F.);
#5871=ORIENTED_EDGE('',*,*,#4549,.F.);
#5872=ORIENTED_EDGE('',*,*,#4550,.T.);
#5873=ORIENTED_EDGE('',*,*,#4551,.T.);
#5874=ORIENTED_EDGE('',*,*,#4547,.F.);
#5875=ORIENTED_EDGE('',*,*,#4552,.F.);
#5876=ORIENTED_EDGE('',*,*,#4553,.T.);
#5877=ORIENTED_EDGE('',*,*,#4554,.T.);
#5878=ORIENTED_EDGE('',*,*,#4550,.F.);
#5879=ORIENTED_EDGE('',*,*,#4555,.F.);
#5880=ORIENTED_EDGE('',*,*,#4556,.T.);
#5881=ORIENTED_EDGE('',*,*,#4557,.T.);
#5882=ORIENTED_EDGE('',*,*,#4553,.F.);
#5883=ORIENTED_EDGE('',*,*,#4558,.F.);
#5884=ORIENTED_EDGE('',*,*,#4559,.T.);
#5885=ORIENTED_EDGE('',*,*,#4560,.T.);
#5886=ORIENTED_EDGE('',*,*,#4556,.F.);
#5887=ORIENTED_EDGE('',*,*,#4561,.F.);
#5888=ORIENTED_EDGE('',*,*,#4562,.T.);
#5889=ORIENTED_EDGE('',*,*,#4563,.T.);
#5890=ORIENTED_EDGE('',*,*,#4559,.F.);
#5891=ORIENTED_EDGE('',*,*,#4564,.F.);
#5892=ORIENTED_EDGE('',*,*,#4565,.T.);
#5893=ORIENTED_EDGE('',*,*,#4566,.T.);
#5894=ORIENTED_EDGE('',*,*,#4562,.F.);
#5895=ORIENTED_EDGE('',*,*,#4567,.F.);
#5896=ORIENTED_EDGE('',*,*,#4568,.T.);
#5897=ORIENTED_EDGE('',*,*,#4569,.T.);
#5898=ORIENTED_EDGE('',*,*,#4565,.F.);
#5899=ORIENTED_EDGE('',*,*,#4570,.F.);
#5900=ORIENTED_EDGE('',*,*,#4542,.T.);
#5901=ORIENTED_EDGE('',*,*,#4571,.T.);
#5902=ORIENTED_EDGE('',*,*,#4568,.F.);
#5903=ORIENTED_EDGE('',*,*,#4571,.F.);
#5904=ORIENTED_EDGE('',*,*,#4541,.F.);
#5905=ORIENTED_EDGE('',*,*,#4545,.F.);
#5906=ORIENTED_EDGE('',*,*,#4548,.F.);
#5907=ORIENTED_EDGE('',*,*,#4551,.F.);
#5908=ORIENTED_EDGE('',*,*,#4554,.F.);
#5909=ORIENTED_EDGE('',*,*,#4557,.F.);
#5910=ORIENTED_EDGE('',*,*,#4560,.F.);
#5911=ORIENTED_EDGE('',*,*,#4563,.F.);
#5912=ORIENTED_EDGE('',*,*,#4566,.F.);
#5913=ORIENTED_EDGE('',*,*,#4569,.F.);
#5914=ORIENTED_EDGE('',*,*,#4538,.F.);
#5915=ORIENTED_EDGE('',*,*,#4514,.F.);
#5916=ORIENTED_EDGE('',*,*,#4518,.F.);
#5917=ORIENTED_EDGE('',*,*,#4521,.F.);
#5918=ORIENTED_EDGE('',*,*,#4524,.F.);
#5919=ORIENTED_EDGE('',*,*,#4527,.F.);
#5920=ORIENTED_EDGE('',*,*,#4530,.F.);
#5921=ORIENTED_EDGE('',*,*,#4533,.F.);
#5922=ORIENTED_EDGE('',*,*,#4536,.F.);
#5923=ORIENTED_EDGE('',*,*,#4572,.F.);
#5924=ORIENTED_EDGE('',*,*,#4573,.T.);
#5925=ORIENTED_EDGE('',*,*,#4574,.T.);
#5926=ORIENTED_EDGE('',*,*,#4575,.F.);
#5927=ORIENTED_EDGE('',*,*,#4576,.F.);
#5928=ORIENTED_EDGE('',*,*,#4577,.T.);
#5929=ORIENTED_EDGE('',*,*,#4578,.T.);
#5930=ORIENTED_EDGE('',*,*,#4573,.F.);
#5931=ORIENTED_EDGE('',*,*,#4579,.F.);
#5932=ORIENTED_EDGE('',*,*,#4580,.T.);
#5933=ORIENTED_EDGE('',*,*,#4581,.T.);
#5934=ORIENTED_EDGE('',*,*,#4577,.F.);
#5935=ORIENTED_EDGE('',*,*,#4582,.F.);
#5936=ORIENTED_EDGE('',*,*,#4583,.T.);
#5937=ORIENTED_EDGE('',*,*,#4584,.T.);
#5938=ORIENTED_EDGE('',*,*,#4580,.F.);
#5939=ORIENTED_EDGE('',*,*,#4585,.F.);
#5940=ORIENTED_EDGE('',*,*,#4586,.T.);
#5941=ORIENTED_EDGE('',*,*,#4587,.T.);
#5942=ORIENTED_EDGE('',*,*,#4583,.F.);
#5943=ORIENTED_EDGE('',*,*,#4588,.F.);
#5944=ORIENTED_EDGE('',*,*,#4589,.T.);
#5945=ORIENTED_EDGE('',*,*,#4590,.T.);
#5946=ORIENTED_EDGE('',*,*,#4586,.F.);
#5947=ORIENTED_EDGE('',*,*,#4591,.F.);
#5948=ORIENTED_EDGE('',*,*,#4592,.T.);
#5949=ORIENTED_EDGE('',*,*,#4593,.T.);
#5950=ORIENTED_EDGE('',*,*,#4589,.F.);
#5951=ORIENTED_EDGE('',*,*,#4594,.F.);
#5952=ORIENTED_EDGE('',*,*,#4595,.T.);
#5953=ORIENTED_EDGE('',*,*,#4596,.T.);
#5954=ORIENTED_EDGE('',*,*,#4592,.F.);
#5955=ORIENTED_EDGE('',*,*,#4597,.F.);
#5956=ORIENTED_EDGE('',*,*,#4598,.T.);
#5957=ORIENTED_EDGE('',*,*,#4599,.T.);
#5958=ORIENTED_EDGE('',*,*,#4595,.F.);
#5959=ORIENTED_EDGE('',*,*,#4600,.F.);
#5960=ORIENTED_EDGE('',*,*,#4601,.T.);
#5961=ORIENTED_EDGE('',*,*,#4602,.T.);
#5962=ORIENTED_EDGE('',*,*,#4598,.F.);
#5963=ORIENTED_EDGE('',*,*,#4603,.F.);
#5964=ORIENTED_EDGE('',*,*,#4604,.T.);
#5965=ORIENTED_EDGE('',*,*,#4605,.T.);
#5966=ORIENTED_EDGE('',*,*,#4601,.F.);
#5967=ORIENTED_EDGE('',*,*,#4606,.F.);
#5968=ORIENTED_EDGE('',*,*,#4575,.T.);
#5969=ORIENTED_EDGE('',*,*,#4607,.T.);
#5970=ORIENTED_EDGE('',*,*,#4604,.F.);
#5971=ORIENTED_EDGE('',*,*,#4607,.F.);
#5972=ORIENTED_EDGE('',*,*,#4574,.F.);
#5973=ORIENTED_EDGE('',*,*,#4578,.F.);
#5974=ORIENTED_EDGE('',*,*,#4581,.F.);
#5975=ORIENTED_EDGE('',*,*,#4584,.F.);
#5976=ORIENTED_EDGE('',*,*,#4587,.F.);
#5977=ORIENTED_EDGE('',*,*,#4590,.F.);
#5978=ORIENTED_EDGE('',*,*,#4593,.F.);
#5979=ORIENTED_EDGE('',*,*,#4596,.F.);
#5980=ORIENTED_EDGE('',*,*,#4599,.F.);
#5981=ORIENTED_EDGE('',*,*,#4602,.F.);
#5982=ORIENTED_EDGE('',*,*,#4605,.F.);
#5983=ORIENTED_EDGE('',*,*,#4608,.F.);
#5984=ORIENTED_EDGE('',*,*,#4609,.T.);
#5985=ORIENTED_EDGE('',*,*,#4610,.T.);
#5986=ORIENTED_EDGE('',*,*,#4611,.F.);
#5987=ORIENTED_EDGE('',*,*,#4612,.F.);
#5988=ORIENTED_EDGE('',*,*,#4613,.T.);
#5989=ORIENTED_EDGE('',*,*,#4614,.T.);
#5990=ORIENTED_EDGE('',*,*,#4609,.F.);
#5991=ORIENTED_EDGE('',*,*,#4615,.F.);
#5992=ORIENTED_EDGE('',*,*,#4616,.T.);
#5993=ORIENTED_EDGE('',*,*,#4617,.T.);
#5994=ORIENTED_EDGE('',*,*,#4613,.F.);
#5995=ORIENTED_EDGE('',*,*,#4618,.F.);
#5996=ORIENTED_EDGE('',*,*,#4619,.T.);
#5997=ORIENTED_EDGE('',*,*,#4620,.T.);
#5998=ORIENTED_EDGE('',*,*,#4616,.F.);
#5999=ORIENTED_EDGE('',*,*,#4621,.F.);
#6000=ORIENTED_EDGE('',*,*,#4622,.T.);
#6001=ORIENTED_EDGE('',*,*,#4623,.T.);
#6002=ORIENTED_EDGE('',*,*,#4619,.F.);
#6003=ORIENTED_EDGE('',*,*,#4624,.F.);
#6004=ORIENTED_EDGE('',*,*,#4625,.T.);
#6005=ORIENTED_EDGE('',*,*,#4626,.T.);
#6006=ORIENTED_EDGE('',*,*,#4622,.F.);
#6007=ORIENTED_EDGE('',*,*,#4627,.F.);
#6008=ORIENTED_EDGE('',*,*,#4628,.T.);
#6009=ORIENTED_EDGE('',*,*,#4629,.T.);
#6010=ORIENTED_EDGE('',*,*,#4625,.F.);
#6011=ORIENTED_EDGE('',*,*,#4630,.F.);
#6012=ORIENTED_EDGE('',*,*,#4631,.T.);
#6013=ORIENTED_EDGE('',*,*,#4632,.T.);
#6014=ORIENTED_EDGE('',*,*,#4628,.F.);
#6015=ORIENTED_EDGE('',*,*,#4633,.F.);
#6016=ORIENTED_EDGE('',*,*,#4634,.T.);
#6017=ORIENTED_EDGE('',*,*,#4635,.T.);
#6018=ORIENTED_EDGE('',*,*,#4631,.F.);
#6019=ORIENTED_EDGE('',*,*,#4636,.F.);
#6020=ORIENTED_EDGE('',*,*,#4637,.T.);
#6021=ORIENTED_EDGE('',*,*,#4638,.T.);
#6022=ORIENTED_EDGE('',*,*,#4634,.F.);
#6023=ORIENTED_EDGE('',*,*,#4639,.F.);
#6024=ORIENTED_EDGE('',*,*,#4640,.T.);
#6025=ORIENTED_EDGE('',*,*,#4641,.T.);
#6026=ORIENTED_EDGE('',*,*,#4637,.F.);
#6027=ORIENTED_EDGE('',*,*,#4642,.F.);
#6028=ORIENTED_EDGE('',*,*,#4643,.T.);
#6029=ORIENTED_EDGE('',*,*,#4644,.T.);
#6030=ORIENTED_EDGE('',*,*,#4640,.F.);
#6031=ORIENTED_EDGE('',*,*,#4645,.F.);
#6032=ORIENTED_EDGE('',*,*,#4646,.T.);
#6033=ORIENTED_EDGE('',*,*,#4647,.T.);
#6034=ORIENTED_EDGE('',*,*,#4643,.F.);
#6035=ORIENTED_EDGE('',*,*,#4648,.F.);
#6036=ORIENTED_EDGE('',*,*,#4649,.T.);
#6037=ORIENTED_EDGE('',*,*,#4650,.T.);
#6038=ORIENTED_EDGE('',*,*,#4646,.F.);
#6039=ORIENTED_EDGE('',*,*,#4651,.F.);
#6040=ORIENTED_EDGE('',*,*,#4611,.T.);
#6041=ORIENTED_EDGE('',*,*,#4652,.T.);
#6042=ORIENTED_EDGE('',*,*,#4649,.F.);
#6043=ORIENTED_EDGE('',*,*,#4652,.F.);
#6044=ORIENTED_EDGE('',*,*,#4610,.F.);
#6045=ORIENTED_EDGE('',*,*,#4614,.F.);
#6046=ORIENTED_EDGE('',*,*,#4617,.F.);
#6047=ORIENTED_EDGE('',*,*,#4620,.F.);
#6048=ORIENTED_EDGE('',*,*,#4623,.F.);
#6049=ORIENTED_EDGE('',*,*,#4626,.F.);
#6050=ORIENTED_EDGE('',*,*,#4629,.F.);
#6051=ORIENTED_EDGE('',*,*,#4632,.F.);
#6052=ORIENTED_EDGE('',*,*,#4635,.F.);
#6053=ORIENTED_EDGE('',*,*,#4638,.F.);
#6054=ORIENTED_EDGE('',*,*,#4641,.F.);
#6055=ORIENTED_EDGE('',*,*,#4644,.F.);
#6056=ORIENTED_EDGE('',*,*,#4647,.F.);
#6057=ORIENTED_EDGE('',*,*,#4650,.F.);
#6058=ORIENTED_EDGE('',*,*,#4653,.F.);
#6059=ORIENTED_EDGE('',*,*,#4654,.T.);
#6060=ORIENTED_EDGE('',*,*,#4655,.T.);
#6061=ORIENTED_EDGE('',*,*,#4656,.F.);
#6062=ORIENTED_EDGE('',*,*,#4657,.F.);
#6063=ORIENTED_EDGE('',*,*,#4658,.T.);
#6064=ORIENTED_EDGE('',*,*,#4659,.T.);
#6065=ORIENTED_EDGE('',*,*,#4654,.F.);
#6066=ORIENTED_EDGE('',*,*,#4660,.F.);
#6067=ORIENTED_EDGE('',*,*,#4656,.T.);
#6068=ORIENTED_EDGE('',*,*,#4661,.T.);
#6069=ORIENTED_EDGE('',*,*,#4658,.F.);
#6070=ORIENTED_EDGE('',*,*,#4662,.F.);
#6071=ORIENTED_EDGE('',*,*,#4663,.T.);
#6072=ORIENTED_EDGE('',*,*,#4664,.T.);
#6073=ORIENTED_EDGE('',*,*,#4665,.F.);
#6074=ORIENTED_EDGE('',*,*,#4666,.F.);
#6075=ORIENTED_EDGE('',*,*,#4667,.T.);
#6076=ORIENTED_EDGE('',*,*,#4668,.T.);
#6077=ORIENTED_EDGE('',*,*,#4663,.F.);
#6078=ORIENTED_EDGE('',*,*,#4669,.F.);
#6079=ORIENTED_EDGE('',*,*,#4670,.T.);
#6080=ORIENTED_EDGE('',*,*,#4671,.T.);
#6081=ORIENTED_EDGE('',*,*,#4667,.F.);
#6082=ORIENTED_EDGE('',*,*,#4672,.F.);
#6083=ORIENTED_EDGE('',*,*,#4673,.T.);
#6084=ORIENTED_EDGE('',*,*,#4674,.T.);
#6085=ORIENTED_EDGE('',*,*,#4670,.F.);
#6086=ORIENTED_EDGE('',*,*,#4675,.F.);
#6087=ORIENTED_EDGE('',*,*,#4676,.T.);
#6088=ORIENTED_EDGE('',*,*,#4677,.T.);
#6089=ORIENTED_EDGE('',*,*,#4673,.F.);
#6090=ORIENTED_EDGE('',*,*,#4678,.F.);
#6091=ORIENTED_EDGE('',*,*,#4679,.T.);
#6092=ORIENTED_EDGE('',*,*,#4680,.T.);
#6093=ORIENTED_EDGE('',*,*,#4676,.F.);
#6094=ORIENTED_EDGE('',*,*,#4681,.F.);
#6095=ORIENTED_EDGE('',*,*,#4682,.T.);
#6096=ORIENTED_EDGE('',*,*,#4683,.T.);
#6097=ORIENTED_EDGE('',*,*,#4679,.F.);
#6098=ORIENTED_EDGE('',*,*,#4684,.F.);
#6099=ORIENTED_EDGE('',*,*,#4685,.T.);
#6100=ORIENTED_EDGE('',*,*,#4686,.T.);
#6101=ORIENTED_EDGE('',*,*,#4682,.F.);
#6102=ORIENTED_EDGE('',*,*,#4687,.F.);
#6103=ORIENTED_EDGE('',*,*,#4688,.T.);
#6104=ORIENTED_EDGE('',*,*,#4689,.T.);
#6105=ORIENTED_EDGE('',*,*,#4685,.F.);
#6106=ORIENTED_EDGE('',*,*,#4690,.F.);
#6107=ORIENTED_EDGE('',*,*,#4691,.T.);
#6108=ORIENTED_EDGE('',*,*,#4692,.T.);
#6109=ORIENTED_EDGE('',*,*,#4688,.F.);
#6110=ORIENTED_EDGE('',*,*,#4693,.F.);
#6111=ORIENTED_EDGE('',*,*,#4665,.T.);
#6112=ORIENTED_EDGE('',*,*,#4694,.T.);
#6113=ORIENTED_EDGE('',*,*,#4691,.F.);
#6114=ORIENTED_EDGE('',*,*,#4694,.F.);
#6115=ORIENTED_EDGE('',*,*,#4664,.F.);
#6116=ORIENTED_EDGE('',*,*,#4668,.F.);
#6117=ORIENTED_EDGE('',*,*,#4671,.F.);
#6118=ORIENTED_EDGE('',*,*,#4674,.F.);
#6119=ORIENTED_EDGE('',*,*,#4677,.F.);
#6120=ORIENTED_EDGE('',*,*,#4680,.F.);
#6121=ORIENTED_EDGE('',*,*,#4683,.F.);
#6122=ORIENTED_EDGE('',*,*,#4686,.F.);
#6123=ORIENTED_EDGE('',*,*,#4689,.F.);
#6124=ORIENTED_EDGE('',*,*,#4692,.F.);
#6125=ORIENTED_EDGE('',*,*,#4661,.F.);
#6126=ORIENTED_EDGE('',*,*,#4655,.F.);
#6127=ORIENTED_EDGE('',*,*,#4659,.F.);
#6128=ORIENTED_EDGE('',*,*,#4695,.F.);
#6129=ORIENTED_EDGE('',*,*,#4696,.T.);
#6130=ORIENTED_EDGE('',*,*,#4697,.T.);
#6131=ORIENTED_EDGE('',*,*,#4698,.F.);
#6132=ORIENTED_EDGE('',*,*,#4699,.F.);
#6133=ORIENTED_EDGE('',*,*,#4700,.T.);
#6134=ORIENTED_EDGE('',*,*,#4701,.T.);
#6135=ORIENTED_EDGE('',*,*,#4696,.F.);
#6136=ORIENTED_EDGE('',*,*,#4702,.F.);
#6137=ORIENTED_EDGE('',*,*,#4703,.T.);
#6138=ORIENTED_EDGE('',*,*,#4704,.T.);
#6139=ORIENTED_EDGE('',*,*,#4700,.F.);
#6140=ORIENTED_EDGE('',*,*,#4705,.F.);
#6141=ORIENTED_EDGE('',*,*,#4706,.T.);
#6142=ORIENTED_EDGE('',*,*,#4707,.T.);
#6143=ORIENTED_EDGE('',*,*,#4703,.F.);
#6144=ORIENTED_EDGE('',*,*,#4708,.F.);
#6145=ORIENTED_EDGE('',*,*,#4709,.T.);
#6146=ORIENTED_EDGE('',*,*,#4710,.T.);
#6147=ORIENTED_EDGE('',*,*,#4706,.F.);
#6148=ORIENTED_EDGE('',*,*,#4711,.F.);
#6149=ORIENTED_EDGE('',*,*,#4712,.T.);
#6150=ORIENTED_EDGE('',*,*,#4713,.T.);
#6151=ORIENTED_EDGE('',*,*,#4709,.F.);
#6152=ORIENTED_EDGE('',*,*,#4714,.F.);
#6153=ORIENTED_EDGE('',*,*,#4715,.T.);
#6154=ORIENTED_EDGE('',*,*,#4716,.T.);
#6155=ORIENTED_EDGE('',*,*,#4712,.F.);
#6156=ORIENTED_EDGE('',*,*,#4717,.F.);
#6157=ORIENTED_EDGE('',*,*,#4718,.T.);
#6158=ORIENTED_EDGE('',*,*,#4719,.T.);
#6159=ORIENTED_EDGE('',*,*,#4715,.F.);
#6160=ORIENTED_EDGE('',*,*,#4720,.F.);
#6161=ORIENTED_EDGE('',*,*,#4698,.T.);
#6162=ORIENTED_EDGE('',*,*,#4721,.T.);
#6163=ORIENTED_EDGE('',*,*,#4718,.F.);
#6164=ORIENTED_EDGE('',*,*,#4721,.F.);
#6165=ORIENTED_EDGE('',*,*,#4697,.F.);
#6166=ORIENTED_EDGE('',*,*,#4701,.F.);
#6167=ORIENTED_EDGE('',*,*,#4704,.F.);
#6168=ORIENTED_EDGE('',*,*,#4707,.F.);
#6169=ORIENTED_EDGE('',*,*,#4710,.F.);
#6170=ORIENTED_EDGE('',*,*,#4713,.F.);
#6171=ORIENTED_EDGE('',*,*,#4716,.F.);
#6172=ORIENTED_EDGE('',*,*,#4719,.F.);
#6173=ORIENTED_EDGE('',*,*,#4722,.F.);
#6174=ORIENTED_EDGE('',*,*,#4723,.T.);
#6175=ORIENTED_EDGE('',*,*,#4724,.T.);
#6176=ORIENTED_EDGE('',*,*,#4725,.F.);
#6177=ORIENTED_EDGE('',*,*,#4726,.F.);
#6178=ORIENTED_EDGE('',*,*,#4727,.T.);
#6179=ORIENTED_EDGE('',*,*,#4728,.T.);
#6180=ORIENTED_EDGE('',*,*,#4723,.F.);
#6181=ORIENTED_EDGE('',*,*,#4729,.F.);
#6182=ORIENTED_EDGE('',*,*,#4730,.T.);
#6183=ORIENTED_EDGE('',*,*,#4731,.T.);
#6184=ORIENTED_EDGE('',*,*,#4727,.F.);
#6185=ORIENTED_EDGE('',*,*,#4732,.F.);
#6186=ORIENTED_EDGE('',*,*,#4733,.T.);
#6187=ORIENTED_EDGE('',*,*,#4734,.T.);
#6188=ORIENTED_EDGE('',*,*,#4730,.F.);
#6189=ORIENTED_EDGE('',*,*,#4735,.F.);
#6190=ORIENTED_EDGE('',*,*,#4736,.T.);
#6191=ORIENTED_EDGE('',*,*,#4737,.T.);
#6192=ORIENTED_EDGE('',*,*,#4733,.F.);
#6193=ORIENTED_EDGE('',*,*,#4738,.F.);
#6194=ORIENTED_EDGE('',*,*,#4739,.T.);
#6195=ORIENTED_EDGE('',*,*,#4740,.T.);
#6196=ORIENTED_EDGE('',*,*,#4736,.F.);
#6197=ORIENTED_EDGE('',*,*,#4741,.F.);
#6198=ORIENTED_EDGE('',*,*,#4742,.T.);
#6199=ORIENTED_EDGE('',*,*,#4743,.T.);
#6200=ORIENTED_EDGE('',*,*,#4739,.F.);
#6201=ORIENTED_EDGE('',*,*,#4744,.F.);
#6202=ORIENTED_EDGE('',*,*,#4725,.T.);
#6203=ORIENTED_EDGE('',*,*,#4745,.T.);
#6204=ORIENTED_EDGE('',*,*,#4742,.F.);
#6205=ORIENTED_EDGE('',*,*,#4746,.F.);
#6206=ORIENTED_EDGE('',*,*,#4747,.T.);
#6207=ORIENTED_EDGE('',*,*,#4748,.T.);
#6208=ORIENTED_EDGE('',*,*,#4749,.F.);
#6209=ORIENTED_EDGE('',*,*,#4750,.F.);
#6210=ORIENTED_EDGE('',*,*,#4751,.T.);
#6211=ORIENTED_EDGE('',*,*,#4752,.T.);
#6212=ORIENTED_EDGE('',*,*,#4747,.F.);
#6213=ORIENTED_EDGE('',*,*,#4753,.F.);
#6214=ORIENTED_EDGE('',*,*,#4754,.T.);
#6215=ORIENTED_EDGE('',*,*,#4755,.T.);
#6216=ORIENTED_EDGE('',*,*,#4751,.F.);
#6217=ORIENTED_EDGE('',*,*,#4756,.F.);
#6218=ORIENTED_EDGE('',*,*,#4757,.T.);
#6219=ORIENTED_EDGE('',*,*,#4758,.T.);
#6220=ORIENTED_EDGE('',*,*,#4754,.F.);
#6221=ORIENTED_EDGE('',*,*,#4759,.F.);
#6222=ORIENTED_EDGE('',*,*,#4760,.T.);
#6223=ORIENTED_EDGE('',*,*,#4761,.T.);
#6224=ORIENTED_EDGE('',*,*,#4757,.F.);
#6225=ORIENTED_EDGE('',*,*,#4762,.F.);
#6226=ORIENTED_EDGE('',*,*,#4763,.T.);
#6227=ORIENTED_EDGE('',*,*,#4764,.T.);
#6228=ORIENTED_EDGE('',*,*,#4760,.F.);
#6229=ORIENTED_EDGE('',*,*,#4765,.F.);
#6230=ORIENTED_EDGE('',*,*,#4766,.T.);
#6231=ORIENTED_EDGE('',*,*,#4767,.T.);
#6232=ORIENTED_EDGE('',*,*,#4763,.F.);
#6233=ORIENTED_EDGE('',*,*,#4768,.F.);
#6234=ORIENTED_EDGE('',*,*,#4769,.T.);
#6235=ORIENTED_EDGE('',*,*,#4770,.T.);
#6236=ORIENTED_EDGE('',*,*,#4766,.F.);
#6237=ORIENTED_EDGE('',*,*,#4771,.F.);
#6238=ORIENTED_EDGE('',*,*,#4772,.T.);
#6239=ORIENTED_EDGE('',*,*,#4773,.T.);
#6240=ORIENTED_EDGE('',*,*,#4769,.F.);
#6241=ORIENTED_EDGE('',*,*,#4774,.F.);
#6242=ORIENTED_EDGE('',*,*,#4775,.T.);
#6243=ORIENTED_EDGE('',*,*,#4776,.T.);
#6244=ORIENTED_EDGE('',*,*,#4772,.F.);
#6245=ORIENTED_EDGE('',*,*,#4777,.F.);
#6246=ORIENTED_EDGE('',*,*,#4778,.T.);
#6247=ORIENTED_EDGE('',*,*,#4779,.T.);
#6248=ORIENTED_EDGE('',*,*,#4775,.F.);
#6249=ORIENTED_EDGE('',*,*,#4780,.F.);
#6250=ORIENTED_EDGE('',*,*,#4749,.T.);
#6251=ORIENTED_EDGE('',*,*,#4781,.T.);
#6252=ORIENTED_EDGE('',*,*,#4778,.F.);
#6253=ORIENTED_EDGE('',*,*,#4781,.F.);
#6254=ORIENTED_EDGE('',*,*,#4748,.F.);
#6255=ORIENTED_EDGE('',*,*,#4752,.F.);
#6256=ORIENTED_EDGE('',*,*,#4755,.F.);
#6257=ORIENTED_EDGE('',*,*,#4758,.F.);
#6258=ORIENTED_EDGE('',*,*,#4761,.F.);
#6259=ORIENTED_EDGE('',*,*,#4764,.F.);
#6260=ORIENTED_EDGE('',*,*,#4767,.F.);
#6261=ORIENTED_EDGE('',*,*,#4770,.F.);
#6262=ORIENTED_EDGE('',*,*,#4773,.F.);
#6263=ORIENTED_EDGE('',*,*,#4776,.F.);
#6264=ORIENTED_EDGE('',*,*,#4779,.F.);
#6265=ORIENTED_EDGE('',*,*,#4745,.F.);
#6266=ORIENTED_EDGE('',*,*,#4724,.F.);
#6267=ORIENTED_EDGE('',*,*,#4728,.F.);
#6268=ORIENTED_EDGE('',*,*,#4731,.F.);
#6269=ORIENTED_EDGE('',*,*,#4734,.F.);
#6270=ORIENTED_EDGE('',*,*,#4737,.F.);
#6271=ORIENTED_EDGE('',*,*,#4740,.F.);
#6272=ORIENTED_EDGE('',*,*,#4743,.F.);
#6273=ORIENTED_EDGE('',*,*,#4782,.F.);
#6274=ORIENTED_EDGE('',*,*,#4783,.T.);
#6275=ORIENTED_EDGE('',*,*,#4784,.T.);
#6276=ORIENTED_EDGE('',*,*,#4785,.F.);
#6277=ORIENTED_EDGE('',*,*,#4786,.F.);
#6278=ORIENTED_EDGE('',*,*,#4787,.T.);
#6279=ORIENTED_EDGE('',*,*,#4788,.T.);
#6280=ORIENTED_EDGE('',*,*,#4783,.F.);
#6281=ORIENTED_EDGE('',*,*,#4789,.F.);
#6282=ORIENTED_EDGE('',*,*,#4790,.T.);
#6283=ORIENTED_EDGE('',*,*,#4791,.T.);
#6284=ORIENTED_EDGE('',*,*,#4787,.F.);
#6285=ORIENTED_EDGE('',*,*,#4792,.F.);
#6286=ORIENTED_EDGE('',*,*,#4793,.T.);
#6287=ORIENTED_EDGE('',*,*,#4794,.T.);
#6288=ORIENTED_EDGE('',*,*,#4790,.F.);
#6289=ORIENTED_EDGE('',*,*,#4795,.F.);
#6290=ORIENTED_EDGE('',*,*,#4785,.T.);
#6291=ORIENTED_EDGE('',*,*,#4796,.T.);
#6292=ORIENTED_EDGE('',*,*,#4793,.F.);
#6293=ORIENTED_EDGE('',*,*,#4797,.F.);
#6294=ORIENTED_EDGE('',*,*,#4798,.T.);
#6295=ORIENTED_EDGE('',*,*,#4799,.T.);
#6296=ORIENTED_EDGE('',*,*,#4800,.F.);
#6297=ORIENTED_EDGE('',*,*,#4801,.F.);
#6298=ORIENTED_EDGE('',*,*,#4802,.T.);
#6299=ORIENTED_EDGE('',*,*,#4803,.T.);
#6300=ORIENTED_EDGE('',*,*,#4798,.F.);
#6301=ORIENTED_EDGE('',*,*,#4804,.F.);
#6302=ORIENTED_EDGE('',*,*,#4805,.T.);
#6303=ORIENTED_EDGE('',*,*,#4806,.T.);
#6304=ORIENTED_EDGE('',*,*,#4802,.F.);
#6305=ORIENTED_EDGE('',*,*,#4807,.F.);
#6306=ORIENTED_EDGE('',*,*,#4808,.T.);
#6307=ORIENTED_EDGE('',*,*,#4809,.T.);
#6308=ORIENTED_EDGE('',*,*,#4805,.F.);
#6309=ORIENTED_EDGE('',*,*,#4810,.F.);
#6310=ORIENTED_EDGE('',*,*,#4811,.T.);
#6311=ORIENTED_EDGE('',*,*,#4812,.T.);
#6312=ORIENTED_EDGE('',*,*,#4808,.F.);
#6313=ORIENTED_EDGE('',*,*,#4813,.F.);
#6314=ORIENTED_EDGE('',*,*,#4814,.T.);
#6315=ORIENTED_EDGE('',*,*,#4815,.T.);
#6316=ORIENTED_EDGE('',*,*,#4811,.F.);
#6317=ORIENTED_EDGE('',*,*,#4816,.F.);
#6318=ORIENTED_EDGE('',*,*,#4817,.T.);
#6319=ORIENTED_EDGE('',*,*,#4818,.T.);
#6320=ORIENTED_EDGE('',*,*,#4814,.F.);
#6321=ORIENTED_EDGE('',*,*,#4819,.F.);
#6322=ORIENTED_EDGE('',*,*,#4800,.T.);
#6323=ORIENTED_EDGE('',*,*,#4820,.T.);
#6324=ORIENTED_EDGE('',*,*,#4817,.F.);
#6325=ORIENTED_EDGE('',*,*,#4820,.F.);
#6326=ORIENTED_EDGE('',*,*,#4799,.F.);
#6327=ORIENTED_EDGE('',*,*,#4803,.F.);
#6328=ORIENTED_EDGE('',*,*,#4806,.F.);
#6329=ORIENTED_EDGE('',*,*,#4809,.F.);
#6330=ORIENTED_EDGE('',*,*,#4812,.F.);
#6331=ORIENTED_EDGE('',*,*,#4815,.F.);
#6332=ORIENTED_EDGE('',*,*,#4818,.F.);
#6333=ORIENTED_EDGE('',*,*,#4796,.F.);
#6334=ORIENTED_EDGE('',*,*,#4784,.F.);
#6335=ORIENTED_EDGE('',*,*,#4788,.F.);
#6336=ORIENTED_EDGE('',*,*,#4791,.F.);
#6337=ORIENTED_EDGE('',*,*,#4794,.F.);
#6338=ORIENTED_EDGE('',*,*,#4821,.F.);
#6339=ORIENTED_EDGE('',*,*,#4822,.T.);
#6340=ORIENTED_EDGE('',*,*,#4823,.T.);
#6341=ORIENTED_EDGE('',*,*,#4824,.F.);
#6342=ORIENTED_EDGE('',*,*,#4825,.F.);
#6343=ORIENTED_EDGE('',*,*,#4826,.T.);
#6344=ORIENTED_EDGE('',*,*,#4827,.T.);
#6345=ORIENTED_EDGE('',*,*,#4822,.F.);
#6346=ORIENTED_EDGE('',*,*,#4828,.F.);
#6347=ORIENTED_EDGE('',*,*,#4829,.T.);
#6348=ORIENTED_EDGE('',*,*,#4830,.T.);
#6349=ORIENTED_EDGE('',*,*,#4826,.F.);
#6350=ORIENTED_EDGE('',*,*,#4831,.F.);
#6351=ORIENTED_EDGE('',*,*,#4832,.T.);
#6352=ORIENTED_EDGE('',*,*,#4833,.T.);
#6353=ORIENTED_EDGE('',*,*,#4829,.F.);
#6354=ORIENTED_EDGE('',*,*,#4834,.F.);
#6355=ORIENTED_EDGE('',*,*,#4835,.T.);
#6356=ORIENTED_EDGE('',*,*,#4836,.T.);
#6357=ORIENTED_EDGE('',*,*,#4832,.F.);
#6358=ORIENTED_EDGE('',*,*,#4837,.F.);
#6359=ORIENTED_EDGE('',*,*,#4838,.T.);
#6360=ORIENTED_EDGE('',*,*,#4839,.T.);
#6361=ORIENTED_EDGE('',*,*,#4835,.F.);
#6362=ORIENTED_EDGE('',*,*,#4840,.F.);
#6363=ORIENTED_EDGE('',*,*,#4841,.T.);
#6364=ORIENTED_EDGE('',*,*,#4842,.T.);
#6365=ORIENTED_EDGE('',*,*,#4838,.F.);
#6366=ORIENTED_EDGE('',*,*,#4843,.F.);
#6367=ORIENTED_EDGE('',*,*,#4844,.T.);
#6368=ORIENTED_EDGE('',*,*,#4845,.T.);
#6369=ORIENTED_EDGE('',*,*,#4841,.F.);
#6370=ORIENTED_EDGE('',*,*,#4846,.F.);
#6371=ORIENTED_EDGE('',*,*,#4824,.T.);
#6372=ORIENTED_EDGE('',*,*,#4847,.T.);
#6373=ORIENTED_EDGE('',*,*,#4844,.F.);
#6374=ORIENTED_EDGE('',*,*,#4848,.F.);
#6375=ORIENTED_EDGE('',*,*,#4849,.T.);
#6376=ORIENTED_EDGE('',*,*,#4850,.T.);
#6377=ORIENTED_EDGE('',*,*,#4851,.F.);
#6378=ORIENTED_EDGE('',*,*,#4852,.F.);
#6379=ORIENTED_EDGE('',*,*,#4853,.T.);
#6380=ORIENTED_EDGE('',*,*,#4854,.T.);
#6381=ORIENTED_EDGE('',*,*,#4849,.F.);
#6382=ORIENTED_EDGE('',*,*,#4855,.F.);
#6383=ORIENTED_EDGE('',*,*,#4856,.T.);
#6384=ORIENTED_EDGE('',*,*,#4857,.T.);
#6385=ORIENTED_EDGE('',*,*,#4853,.F.);
#6386=ORIENTED_EDGE('',*,*,#4858,.F.);
#6387=ORIENTED_EDGE('',*,*,#4859,.T.);
#6388=ORIENTED_EDGE('',*,*,#4860,.T.);
#6389=ORIENTED_EDGE('',*,*,#4856,.F.);
#6390=ORIENTED_EDGE('',*,*,#4861,.F.);
#6391=ORIENTED_EDGE('',*,*,#4862,.T.);
#6392=ORIENTED_EDGE('',*,*,#4863,.T.);
#6393=ORIENTED_EDGE('',*,*,#4859,.F.);
#6394=ORIENTED_EDGE('',*,*,#4864,.F.);
#6395=ORIENTED_EDGE('',*,*,#4865,.T.);
#6396=ORIENTED_EDGE('',*,*,#4866,.T.);
#6397=ORIENTED_EDGE('',*,*,#4862,.F.);
#6398=ORIENTED_EDGE('',*,*,#4867,.F.);
#6399=ORIENTED_EDGE('',*,*,#4868,.T.);
#6400=ORIENTED_EDGE('',*,*,#4869,.T.);
#6401=ORIENTED_EDGE('',*,*,#4865,.F.);
#6402=ORIENTED_EDGE('',*,*,#4870,.F.);
#6403=ORIENTED_EDGE('',*,*,#4871,.T.);
#6404=ORIENTED_EDGE('',*,*,#4872,.T.);
#6405=ORIENTED_EDGE('',*,*,#4868,.F.);
#6406=ORIENTED_EDGE('',*,*,#4873,.F.);
#6407=ORIENTED_EDGE('',*,*,#4874,.T.);
#6408=ORIENTED_EDGE('',*,*,#4875,.T.);
#6409=ORIENTED_EDGE('',*,*,#4871,.F.);
#6410=ORIENTED_EDGE('',*,*,#4876,.F.);
#6411=ORIENTED_EDGE('',*,*,#4877,.T.);
#6412=ORIENTED_EDGE('',*,*,#4878,.T.);
#6413=ORIENTED_EDGE('',*,*,#4874,.F.);
#6414=ORIENTED_EDGE('',*,*,#4879,.F.);
#6415=ORIENTED_EDGE('',*,*,#4880,.T.);
#6416=ORIENTED_EDGE('',*,*,#4881,.T.);
#6417=ORIENTED_EDGE('',*,*,#4877,.F.);
#6418=ORIENTED_EDGE('',*,*,#4882,.F.);
#6419=ORIENTED_EDGE('',*,*,#4883,.T.);
#6420=ORIENTED_EDGE('',*,*,#4884,.T.);
#6421=ORIENTED_EDGE('',*,*,#4880,.F.);
#6422=ORIENTED_EDGE('',*,*,#4885,.F.);
#6423=ORIENTED_EDGE('',*,*,#4886,.T.);
#6424=ORIENTED_EDGE('',*,*,#4887,.T.);
#6425=ORIENTED_EDGE('',*,*,#4883,.F.);
#6426=ORIENTED_EDGE('',*,*,#4888,.F.);
#6427=ORIENTED_EDGE('',*,*,#4889,.T.);
#6428=ORIENTED_EDGE('',*,*,#4890,.T.);
#6429=ORIENTED_EDGE('',*,*,#4886,.F.);
#6430=ORIENTED_EDGE('',*,*,#4891,.F.);
#6431=ORIENTED_EDGE('',*,*,#4892,.T.);
#6432=ORIENTED_EDGE('',*,*,#4893,.T.);
#6433=ORIENTED_EDGE('',*,*,#4889,.F.);
#6434=ORIENTED_EDGE('',*,*,#4894,.F.);
#6435=ORIENTED_EDGE('',*,*,#4895,.T.);
#6436=ORIENTED_EDGE('',*,*,#4896,.T.);
#6437=ORIENTED_EDGE('',*,*,#4892,.F.);
#6438=ORIENTED_EDGE('',*,*,#4897,.F.);
#6439=ORIENTED_EDGE('',*,*,#4898,.T.);
#6440=ORIENTED_EDGE('',*,*,#4899,.T.);
#6441=ORIENTED_EDGE('',*,*,#4895,.F.);
#6442=ORIENTED_EDGE('',*,*,#4900,.F.);
#6443=ORIENTED_EDGE('',*,*,#4901,.T.);
#6444=ORIENTED_EDGE('',*,*,#4902,.T.);
#6445=ORIENTED_EDGE('',*,*,#4898,.F.);
#6446=ORIENTED_EDGE('',*,*,#4903,.F.);
#6447=ORIENTED_EDGE('',*,*,#4851,.T.);
#6448=ORIENTED_EDGE('',*,*,#4904,.T.);
#6449=ORIENTED_EDGE('',*,*,#4901,.F.);
#6450=ORIENTED_EDGE('',*,*,#4904,.F.);
#6451=ORIENTED_EDGE('',*,*,#4850,.F.);
#6452=ORIENTED_EDGE('',*,*,#4854,.F.);
#6453=ORIENTED_EDGE('',*,*,#4857,.F.);
#6454=ORIENTED_EDGE('',*,*,#4860,.F.);
#6455=ORIENTED_EDGE('',*,*,#4863,.F.);
#6456=ORIENTED_EDGE('',*,*,#4866,.F.);
#6457=ORIENTED_EDGE('',*,*,#4869,.F.);
#6458=ORIENTED_EDGE('',*,*,#4872,.F.);
#6459=ORIENTED_EDGE('',*,*,#4875,.F.);
#6460=ORIENTED_EDGE('',*,*,#4878,.F.);
#6461=ORIENTED_EDGE('',*,*,#4881,.F.);
#6462=ORIENTED_EDGE('',*,*,#4884,.F.);
#6463=ORIENTED_EDGE('',*,*,#4887,.F.);
#6464=ORIENTED_EDGE('',*,*,#4890,.F.);
#6465=ORIENTED_EDGE('',*,*,#4893,.F.);
#6466=ORIENTED_EDGE('',*,*,#4896,.F.);
#6467=ORIENTED_EDGE('',*,*,#4899,.F.);
#6468=ORIENTED_EDGE('',*,*,#4902,.F.);
#6469=ORIENTED_EDGE('',*,*,#4847,.F.);
#6470=ORIENTED_EDGE('',*,*,#4823,.F.);
#6471=ORIENTED_EDGE('',*,*,#4827,.F.);
#6472=ORIENTED_EDGE('',*,*,#4830,.F.);
#6473=ORIENTED_EDGE('',*,*,#4833,.F.);
#6474=ORIENTED_EDGE('',*,*,#4836,.F.);
#6475=ORIENTED_EDGE('',*,*,#4839,.F.);
#6476=ORIENTED_EDGE('',*,*,#4842,.F.);
#6477=ORIENTED_EDGE('',*,*,#4845,.F.);
#6478=ORIENTED_EDGE('',*,*,#4905,.F.);
#6479=ORIENTED_EDGE('',*,*,#4906,.T.);
#6480=ORIENTED_EDGE('',*,*,#4907,.T.);
#6481=ORIENTED_EDGE('',*,*,#4908,.F.);
#6482=ORIENTED_EDGE('',*,*,#4909,.F.);
#6483=ORIENTED_EDGE('',*,*,#4910,.T.);
#6484=ORIENTED_EDGE('',*,*,#4911,.T.);
#6485=ORIENTED_EDGE('',*,*,#4906,.F.);
#6486=ORIENTED_EDGE('',*,*,#4912,.F.);
#6487=ORIENTED_EDGE('',*,*,#4913,.T.);
#6488=ORIENTED_EDGE('',*,*,#4914,.T.);
#6489=ORIENTED_EDGE('',*,*,#4910,.F.);
#6490=ORIENTED_EDGE('',*,*,#4915,.F.);
#6491=ORIENTED_EDGE('',*,*,#4916,.T.);
#6492=ORIENTED_EDGE('',*,*,#4917,.T.);
#6493=ORIENTED_EDGE('',*,*,#4913,.F.);
#6494=ORIENTED_EDGE('',*,*,#4918,.F.);
#6495=ORIENTED_EDGE('',*,*,#4919,.T.);
#6496=ORIENTED_EDGE('',*,*,#4920,.T.);
#6497=ORIENTED_EDGE('',*,*,#4916,.F.);
#6498=ORIENTED_EDGE('',*,*,#4921,.F.);
#6499=ORIENTED_EDGE('',*,*,#4922,.T.);
#6500=ORIENTED_EDGE('',*,*,#4923,.T.);
#6501=ORIENTED_EDGE('',*,*,#4919,.F.);
#6502=ORIENTED_EDGE('',*,*,#4924,.F.);
#6503=ORIENTED_EDGE('',*,*,#4925,.T.);
#6504=ORIENTED_EDGE('',*,*,#4926,.T.);
#6505=ORIENTED_EDGE('',*,*,#4922,.F.);
#6506=ORIENTED_EDGE('',*,*,#4927,.F.);
#6507=ORIENTED_EDGE('',*,*,#4908,.T.);
#6508=ORIENTED_EDGE('',*,*,#4928,.T.);
#6509=ORIENTED_EDGE('',*,*,#4925,.F.);
#6510=ORIENTED_EDGE('',*,*,#4929,.F.);
#6511=ORIENTED_EDGE('',*,*,#4930,.T.);
#6512=ORIENTED_EDGE('',*,*,#4931,.T.);
#6513=ORIENTED_EDGE('',*,*,#4932,.F.);
#6514=ORIENTED_EDGE('',*,*,#4933,.F.);
#6515=ORIENTED_EDGE('',*,*,#4934,.T.);
#6516=ORIENTED_EDGE('',*,*,#4935,.T.);
#6517=ORIENTED_EDGE('',*,*,#4930,.F.);
#6518=ORIENTED_EDGE('',*,*,#4936,.F.);
#6519=ORIENTED_EDGE('',*,*,#4937,.T.);
#6520=ORIENTED_EDGE('',*,*,#4938,.T.);
#6521=ORIENTED_EDGE('',*,*,#4934,.F.);
#6522=ORIENTED_EDGE('',*,*,#4939,.F.);
#6523=ORIENTED_EDGE('',*,*,#4940,.T.);
#6524=ORIENTED_EDGE('',*,*,#4941,.T.);
#6525=ORIENTED_EDGE('',*,*,#4937,.F.);
#6526=ORIENTED_EDGE('',*,*,#4942,.F.);
#6527=ORIENTED_EDGE('',*,*,#4943,.T.);
#6528=ORIENTED_EDGE('',*,*,#4944,.T.);
#6529=ORIENTED_EDGE('',*,*,#4940,.F.);
#6530=ORIENTED_EDGE('',*,*,#4945,.F.);
#6531=ORIENTED_EDGE('',*,*,#4946,.T.);
#6532=ORIENTED_EDGE('',*,*,#4947,.T.);
#6533=ORIENTED_EDGE('',*,*,#4943,.F.);
#6534=ORIENTED_EDGE('',*,*,#4948,.F.);
#6535=ORIENTED_EDGE('',*,*,#4949,.T.);
#6536=ORIENTED_EDGE('',*,*,#4950,.T.);
#6537=ORIENTED_EDGE('',*,*,#4946,.F.);
#6538=ORIENTED_EDGE('',*,*,#4951,.F.);
#6539=ORIENTED_EDGE('',*,*,#4952,.T.);
#6540=ORIENTED_EDGE('',*,*,#4953,.T.);
#6541=ORIENTED_EDGE('',*,*,#4949,.F.);
#6542=ORIENTED_EDGE('',*,*,#4954,.F.);
#6543=ORIENTED_EDGE('',*,*,#4955,.T.);
#6544=ORIENTED_EDGE('',*,*,#4956,.T.);
#6545=ORIENTED_EDGE('',*,*,#4952,.F.);
#6546=ORIENTED_EDGE('',*,*,#4957,.F.);
#6547=ORIENTED_EDGE('',*,*,#4958,.T.);
#6548=ORIENTED_EDGE('',*,*,#4959,.T.);
#6549=ORIENTED_EDGE('',*,*,#4955,.F.);
#6550=ORIENTED_EDGE('',*,*,#4960,.F.);
#6551=ORIENTED_EDGE('',*,*,#4961,.T.);
#6552=ORIENTED_EDGE('',*,*,#4962,.T.);
#6553=ORIENTED_EDGE('',*,*,#4958,.F.);
#6554=ORIENTED_EDGE('',*,*,#4963,.F.);
#6555=ORIENTED_EDGE('',*,*,#4932,.T.);
#6556=ORIENTED_EDGE('',*,*,#4964,.T.);
#6557=ORIENTED_EDGE('',*,*,#4961,.F.);
#6558=ORIENTED_EDGE('',*,*,#4964,.F.);
#6559=ORIENTED_EDGE('',*,*,#4931,.F.);
#6560=ORIENTED_EDGE('',*,*,#4935,.F.);
#6561=ORIENTED_EDGE('',*,*,#4938,.F.);
#6562=ORIENTED_EDGE('',*,*,#4941,.F.);
#6563=ORIENTED_EDGE('',*,*,#4944,.F.);
#6564=ORIENTED_EDGE('',*,*,#4947,.F.);
#6565=ORIENTED_EDGE('',*,*,#4950,.F.);
#6566=ORIENTED_EDGE('',*,*,#4953,.F.);
#6567=ORIENTED_EDGE('',*,*,#4956,.F.);
#6568=ORIENTED_EDGE('',*,*,#4959,.F.);
#6569=ORIENTED_EDGE('',*,*,#4962,.F.);
#6570=ORIENTED_EDGE('',*,*,#4928,.F.);
#6571=ORIENTED_EDGE('',*,*,#4907,.F.);
#6572=ORIENTED_EDGE('',*,*,#4911,.F.);
#6573=ORIENTED_EDGE('',*,*,#4914,.F.);
#6574=ORIENTED_EDGE('',*,*,#4917,.F.);
#6575=ORIENTED_EDGE('',*,*,#4920,.F.);
#6576=ORIENTED_EDGE('',*,*,#4923,.F.);
#6577=ORIENTED_EDGE('',*,*,#4926,.F.);
#6578=ORIENTED_EDGE('',*,*,#4965,.F.);
#6579=ORIENTED_EDGE('',*,*,#4966,.T.);
#6580=ORIENTED_EDGE('',*,*,#4967,.T.);
#6581=ORIENTED_EDGE('',*,*,#4968,.F.);
#6582=ORIENTED_EDGE('',*,*,#4969,.F.);
#6583=ORIENTED_EDGE('',*,*,#4970,.T.);
#6584=ORIENTED_EDGE('',*,*,#4971,.T.);
#6585=ORIENTED_EDGE('',*,*,#4966,.F.);
#6586=ORIENTED_EDGE('',*,*,#4972,.F.);
#6587=ORIENTED_EDGE('',*,*,#4973,.T.);
#6588=ORIENTED_EDGE('',*,*,#4974,.T.);
#6589=ORIENTED_EDGE('',*,*,#4970,.F.);
#6590=ORIENTED_EDGE('',*,*,#4975,.F.);
#6591=ORIENTED_EDGE('',*,*,#4976,.T.);
#6592=ORIENTED_EDGE('',*,*,#4977,.T.);
#6593=ORIENTED_EDGE('',*,*,#4973,.F.);
#6594=ORIENTED_EDGE('',*,*,#4978,.F.);
#6595=ORIENTED_EDGE('',*,*,#4979,.T.);
#6596=ORIENTED_EDGE('',*,*,#4980,.T.);
#6597=ORIENTED_EDGE('',*,*,#4976,.F.);
#6598=ORIENTED_EDGE('',*,*,#4981,.F.);
#6599=ORIENTED_EDGE('',*,*,#4982,.T.);
#6600=ORIENTED_EDGE('',*,*,#4983,.T.);
#6601=ORIENTED_EDGE('',*,*,#4979,.F.);
#6602=ORIENTED_EDGE('',*,*,#4984,.F.);
#6603=ORIENTED_EDGE('',*,*,#4985,.T.);
#6604=ORIENTED_EDGE('',*,*,#4986,.T.);
#6605=ORIENTED_EDGE('',*,*,#4982,.F.);
#6606=ORIENTED_EDGE('',*,*,#4987,.F.);
#6607=ORIENTED_EDGE('',*,*,#4988,.T.);
#6608=ORIENTED_EDGE('',*,*,#4989,.T.);
#6609=ORIENTED_EDGE('',*,*,#4985,.F.);
#6610=ORIENTED_EDGE('',*,*,#4990,.F.);
#6611=ORIENTED_EDGE('',*,*,#4968,.T.);
#6612=ORIENTED_EDGE('',*,*,#4991,.T.);
#6613=ORIENTED_EDGE('',*,*,#4988,.F.);
#6614=ORIENTED_EDGE('',*,*,#4991,.F.);
#6615=ORIENTED_EDGE('',*,*,#4967,.F.);
#6616=ORIENTED_EDGE('',*,*,#4971,.F.);
#6617=ORIENTED_EDGE('',*,*,#4974,.F.);
#6618=ORIENTED_EDGE('',*,*,#4977,.F.);
#6619=ORIENTED_EDGE('',*,*,#4980,.F.);
#6620=ORIENTED_EDGE('',*,*,#4983,.F.);
#6621=ORIENTED_EDGE('',*,*,#4986,.F.);
#6622=ORIENTED_EDGE('',*,*,#4989,.F.);
#6623=ORIENTED_EDGE('',*,*,#4992,.F.);
#6624=ORIENTED_EDGE('',*,*,#4993,.T.);
#6625=ORIENTED_EDGE('',*,*,#4994,.T.);
#6626=ORIENTED_EDGE('',*,*,#4995,.F.);
#6627=ORIENTED_EDGE('',*,*,#4996,.F.);
#6628=ORIENTED_EDGE('',*,*,#4997,.T.);
#6629=ORIENTED_EDGE('',*,*,#4998,.T.);
#6630=ORIENTED_EDGE('',*,*,#4993,.F.);
#6631=ORIENTED_EDGE('',*,*,#4999,.F.);
#6632=ORIENTED_EDGE('',*,*,#5000,.T.);
#6633=ORIENTED_EDGE('',*,*,#5001,.T.);
#6634=ORIENTED_EDGE('',*,*,#4997,.F.);
#6635=ORIENTED_EDGE('',*,*,#5002,.F.);
#6636=ORIENTED_EDGE('',*,*,#5003,.T.);
#6637=ORIENTED_EDGE('',*,*,#5004,.T.);
#6638=ORIENTED_EDGE('',*,*,#5000,.F.);
#6639=ORIENTED_EDGE('',*,*,#5005,.F.);
#6640=ORIENTED_EDGE('',*,*,#5006,.T.);
#6641=ORIENTED_EDGE('',*,*,#5007,.T.);
#6642=ORIENTED_EDGE('',*,*,#5003,.F.);
#6643=ORIENTED_EDGE('',*,*,#5008,.F.);
#6644=ORIENTED_EDGE('',*,*,#5009,.T.);
#6645=ORIENTED_EDGE('',*,*,#5010,.T.);
#6646=ORIENTED_EDGE('',*,*,#5006,.F.);
#6647=ORIENTED_EDGE('',*,*,#5011,.F.);
#6648=ORIENTED_EDGE('',*,*,#5012,.T.);
#6649=ORIENTED_EDGE('',*,*,#5013,.T.);
#6650=ORIENTED_EDGE('',*,*,#5009,.F.);
#6651=ORIENTED_EDGE('',*,*,#5014,.F.);
#6652=ORIENTED_EDGE('',*,*,#5015,.T.);
#6653=ORIENTED_EDGE('',*,*,#5016,.T.);
#6654=ORIENTED_EDGE('',*,*,#5012,.F.);
#6655=ORIENTED_EDGE('',*,*,#5017,.F.);
#6656=ORIENTED_EDGE('',*,*,#5018,.T.);
#6657=ORIENTED_EDGE('',*,*,#5019,.T.);
#6658=ORIENTED_EDGE('',*,*,#5015,.F.);
#6659=ORIENTED_EDGE('',*,*,#5020,.F.);
#6660=ORIENTED_EDGE('',*,*,#5021,.T.);
#6661=ORIENTED_EDGE('',*,*,#5022,.T.);
#6662=ORIENTED_EDGE('',*,*,#5018,.F.);
#6663=ORIENTED_EDGE('',*,*,#5023,.F.);
#6664=ORIENTED_EDGE('',*,*,#5024,.T.);
#6665=ORIENTED_EDGE('',*,*,#5025,.T.);
#6666=ORIENTED_EDGE('',*,*,#5021,.F.);
#6667=ORIENTED_EDGE('',*,*,#5026,.F.);
#6668=ORIENTED_EDGE('',*,*,#5027,.T.);
#6669=ORIENTED_EDGE('',*,*,#5028,.T.);
#6670=ORIENTED_EDGE('',*,*,#5024,.F.);
#6671=ORIENTED_EDGE('',*,*,#5029,.F.);
#6672=ORIENTED_EDGE('',*,*,#5030,.T.);
#6673=ORIENTED_EDGE('',*,*,#5031,.T.);
#6674=ORIENTED_EDGE('',*,*,#5027,.F.);
#6675=ORIENTED_EDGE('',*,*,#5032,.F.);
#6676=ORIENTED_EDGE('',*,*,#5033,.T.);
#6677=ORIENTED_EDGE('',*,*,#5034,.T.);
#6678=ORIENTED_EDGE('',*,*,#5030,.F.);
#6679=ORIENTED_EDGE('',*,*,#5035,.F.);
#6680=ORIENTED_EDGE('',*,*,#5036,.T.);
#6681=ORIENTED_EDGE('',*,*,#5037,.T.);
#6682=ORIENTED_EDGE('',*,*,#5033,.F.);
#6683=ORIENTED_EDGE('',*,*,#5038,.F.);
#6684=ORIENTED_EDGE('',*,*,#5039,.T.);
#6685=ORIENTED_EDGE('',*,*,#5040,.T.);
#6686=ORIENTED_EDGE('',*,*,#5036,.F.);
#6687=ORIENTED_EDGE('',*,*,#5041,.F.);
#6688=ORIENTED_EDGE('',*,*,#5042,.T.);
#6689=ORIENTED_EDGE('',*,*,#5043,.T.);
#6690=ORIENTED_EDGE('',*,*,#5039,.F.);
#6691=ORIENTED_EDGE('',*,*,#5044,.F.);
#6692=ORIENTED_EDGE('',*,*,#5045,.T.);
#6693=ORIENTED_EDGE('',*,*,#5046,.T.);
#6694=ORIENTED_EDGE('',*,*,#5042,.F.);
#6695=ORIENTED_EDGE('',*,*,#5047,.F.);
#6696=ORIENTED_EDGE('',*,*,#5048,.T.);
#6697=ORIENTED_EDGE('',*,*,#5049,.T.);
#6698=ORIENTED_EDGE('',*,*,#5045,.F.);
#6699=ORIENTED_EDGE('',*,*,#5050,.F.);
#6700=ORIENTED_EDGE('',*,*,#5051,.T.);
#6701=ORIENTED_EDGE('',*,*,#5052,.T.);
#6702=ORIENTED_EDGE('',*,*,#5048,.F.);
#6703=ORIENTED_EDGE('',*,*,#5053,.F.);
#6704=ORIENTED_EDGE('',*,*,#5054,.T.);
#6705=ORIENTED_EDGE('',*,*,#5055,.T.);
#6706=ORIENTED_EDGE('',*,*,#5051,.F.);
#6707=ORIENTED_EDGE('',*,*,#5056,.F.);
#6708=ORIENTED_EDGE('',*,*,#4995,.T.);
#6709=ORIENTED_EDGE('',*,*,#5057,.T.);
#6710=ORIENTED_EDGE('',*,*,#5054,.F.);
#6711=ORIENTED_EDGE('',*,*,#5057,.F.);
#6712=ORIENTED_EDGE('',*,*,#4994,.F.);
#6713=ORIENTED_EDGE('',*,*,#4998,.F.);
#6714=ORIENTED_EDGE('',*,*,#5001,.F.);
#6715=ORIENTED_EDGE('',*,*,#5004,.F.);
#6716=ORIENTED_EDGE('',*,*,#5007,.F.);
#6717=ORIENTED_EDGE('',*,*,#5010,.F.);
#6718=ORIENTED_EDGE('',*,*,#5013,.F.);
#6719=ORIENTED_EDGE('',*,*,#5016,.F.);
#6720=ORIENTED_EDGE('',*,*,#5019,.F.);
#6721=ORIENTED_EDGE('',*,*,#5022,.F.);
#6722=ORIENTED_EDGE('',*,*,#5025,.F.);
#6723=ORIENTED_EDGE('',*,*,#5028,.F.);
#6724=ORIENTED_EDGE('',*,*,#5031,.F.);
#6725=ORIENTED_EDGE('',*,*,#5034,.F.);
#6726=ORIENTED_EDGE('',*,*,#5037,.F.);
#6727=ORIENTED_EDGE('',*,*,#5040,.F.);
#6728=ORIENTED_EDGE('',*,*,#5043,.F.);
#6729=ORIENTED_EDGE('',*,*,#5046,.F.);
#6730=ORIENTED_EDGE('',*,*,#5049,.F.);
#6731=ORIENTED_EDGE('',*,*,#5052,.F.);
#6732=ORIENTED_EDGE('',*,*,#5055,.F.);
#6733=ORIENTED_EDGE('',*,*,#5058,.F.);
#6734=ORIENTED_EDGE('',*,*,#5059,.T.);
#6735=ORIENTED_EDGE('',*,*,#5060,.T.);
#6736=ORIENTED_EDGE('',*,*,#5061,.F.);
#6737=ORIENTED_EDGE('',*,*,#5062,.F.);
#6738=ORIENTED_EDGE('',*,*,#5063,.T.);
#6739=ORIENTED_EDGE('',*,*,#5064,.T.);
#6740=ORIENTED_EDGE('',*,*,#5059,.F.);
#6741=ORIENTED_EDGE('',*,*,#5065,.F.);
#6742=ORIENTED_EDGE('',*,*,#5066,.T.);
#6743=ORIENTED_EDGE('',*,*,#5067,.T.);
#6744=ORIENTED_EDGE('',*,*,#5063,.F.);
#6745=ORIENTED_EDGE('',*,*,#5068,.F.);
#6746=ORIENTED_EDGE('',*,*,#5069,.T.);
#6747=ORIENTED_EDGE('',*,*,#5070,.T.);
#6748=ORIENTED_EDGE('',*,*,#5066,.F.);
#6749=ORIENTED_EDGE('',*,*,#5071,.F.);
#6750=ORIENTED_EDGE('',*,*,#5072,.T.);
#6751=ORIENTED_EDGE('',*,*,#5073,.T.);
#6752=ORIENTED_EDGE('',*,*,#5069,.F.);
#6753=ORIENTED_EDGE('',*,*,#5074,.F.);
#6754=ORIENTED_EDGE('',*,*,#5075,.T.);
#6755=ORIENTED_EDGE('',*,*,#5076,.T.);
#6756=ORIENTED_EDGE('',*,*,#5072,.F.);
#6757=ORIENTED_EDGE('',*,*,#5077,.F.);
#6758=ORIENTED_EDGE('',*,*,#5078,.T.);
#6759=ORIENTED_EDGE('',*,*,#5079,.T.);
#6760=ORIENTED_EDGE('',*,*,#5075,.F.);
#6761=ORIENTED_EDGE('',*,*,#5080,.F.);
#6762=ORIENTED_EDGE('',*,*,#5081,.T.);
#6763=ORIENTED_EDGE('',*,*,#5082,.T.);
#6764=ORIENTED_EDGE('',*,*,#5078,.F.);
#6765=ORIENTED_EDGE('',*,*,#5083,.F.);
#6766=ORIENTED_EDGE('',*,*,#5084,.T.);
#6767=ORIENTED_EDGE('',*,*,#5085,.T.);
#6768=ORIENTED_EDGE('',*,*,#5081,.F.);
#6769=ORIENTED_EDGE('',*,*,#5086,.F.);
#6770=ORIENTED_EDGE('',*,*,#5087,.T.);
#6771=ORIENTED_EDGE('',*,*,#5088,.T.);
#6772=ORIENTED_EDGE('',*,*,#5084,.F.);
#6773=ORIENTED_EDGE('',*,*,#5089,.F.);
#6774=ORIENTED_EDGE('',*,*,#5090,.T.);
#6775=ORIENTED_EDGE('',*,*,#5091,.T.);
#6776=ORIENTED_EDGE('',*,*,#5087,.F.);
#6777=ORIENTED_EDGE('',*,*,#5092,.F.);
#6778=ORIENTED_EDGE('',*,*,#5093,.T.);
#6779=ORIENTED_EDGE('',*,*,#5094,.T.);
#6780=ORIENTED_EDGE('',*,*,#5090,.F.);
#6781=ORIENTED_EDGE('',*,*,#5095,.F.);
#6782=ORIENTED_EDGE('',*,*,#5096,.T.);
#6783=ORIENTED_EDGE('',*,*,#5097,.T.);
#6784=ORIENTED_EDGE('',*,*,#5093,.F.);
#6785=ORIENTED_EDGE('',*,*,#5098,.F.);
#6786=ORIENTED_EDGE('',*,*,#5099,.T.);
#6787=ORIENTED_EDGE('',*,*,#5100,.T.);
#6788=ORIENTED_EDGE('',*,*,#5096,.F.);
#6789=ORIENTED_EDGE('',*,*,#5101,.F.);
#6790=ORIENTED_EDGE('',*,*,#5102,.T.);
#6791=ORIENTED_EDGE('',*,*,#5103,.T.);
#6792=ORIENTED_EDGE('',*,*,#5099,.F.);
#6793=ORIENTED_EDGE('',*,*,#5104,.F.);
#6794=ORIENTED_EDGE('',*,*,#5105,.T.);
#6795=ORIENTED_EDGE('',*,*,#5106,.T.);
#6796=ORIENTED_EDGE('',*,*,#5102,.F.);
#6797=ORIENTED_EDGE('',*,*,#5107,.F.);
#6798=ORIENTED_EDGE('',*,*,#5108,.T.);
#6799=ORIENTED_EDGE('',*,*,#5109,.T.);
#6800=ORIENTED_EDGE('',*,*,#5105,.F.);
#6801=ORIENTED_EDGE('',*,*,#5110,.F.);
#6802=ORIENTED_EDGE('',*,*,#5111,.T.);
#6803=ORIENTED_EDGE('',*,*,#5112,.T.);
#6804=ORIENTED_EDGE('',*,*,#5108,.F.);
#6805=ORIENTED_EDGE('',*,*,#5113,.F.);
#6806=ORIENTED_EDGE('',*,*,#5114,.T.);
#6807=ORIENTED_EDGE('',*,*,#5115,.T.);
#6808=ORIENTED_EDGE('',*,*,#5111,.F.);
#6809=ORIENTED_EDGE('',*,*,#5116,.F.);
#6810=ORIENTED_EDGE('',*,*,#5117,.T.);
#6811=ORIENTED_EDGE('',*,*,#5118,.T.);
#6812=ORIENTED_EDGE('',*,*,#5114,.F.);
#6813=ORIENTED_EDGE('',*,*,#5119,.F.);
#6814=ORIENTED_EDGE('',*,*,#5120,.T.);
#6815=ORIENTED_EDGE('',*,*,#5121,.T.);
#6816=ORIENTED_EDGE('',*,*,#5117,.F.);
#6817=ORIENTED_EDGE('',*,*,#5122,.F.);
#6818=ORIENTED_EDGE('',*,*,#5061,.T.);
#6819=ORIENTED_EDGE('',*,*,#5123,.T.);
#6820=ORIENTED_EDGE('',*,*,#5120,.F.);
#6821=ORIENTED_EDGE('',*,*,#5123,.F.);
#6822=ORIENTED_EDGE('',*,*,#5060,.F.);
#6823=ORIENTED_EDGE('',*,*,#5064,.F.);
#6824=ORIENTED_EDGE('',*,*,#5067,.F.);
#6825=ORIENTED_EDGE('',*,*,#5070,.F.);
#6826=ORIENTED_EDGE('',*,*,#5073,.F.);
#6827=ORIENTED_EDGE('',*,*,#5076,.F.);
#6828=ORIENTED_EDGE('',*,*,#5079,.F.);
#6829=ORIENTED_EDGE('',*,*,#5082,.F.);
#6830=ORIENTED_EDGE('',*,*,#5085,.F.);
#6831=ORIENTED_EDGE('',*,*,#5088,.F.);
#6832=ORIENTED_EDGE('',*,*,#5091,.F.);
#6833=ORIENTED_EDGE('',*,*,#5094,.F.);
#6834=ORIENTED_EDGE('',*,*,#5097,.F.);
#6835=ORIENTED_EDGE('',*,*,#5100,.F.);
#6836=ORIENTED_EDGE('',*,*,#5103,.F.);
#6837=ORIENTED_EDGE('',*,*,#5106,.F.);
#6838=ORIENTED_EDGE('',*,*,#5109,.F.);
#6839=ORIENTED_EDGE('',*,*,#5112,.F.);
#6840=ORIENTED_EDGE('',*,*,#5115,.F.);
#6841=ORIENTED_EDGE('',*,*,#5118,.F.);
#6842=ORIENTED_EDGE('',*,*,#5121,.F.);
#6843=ORIENTED_EDGE('',*,*,#5124,.F.);
#6844=ORIENTED_EDGE('',*,*,#5125,.T.);
#6845=ORIENTED_EDGE('',*,*,#5126,.T.);
#6846=ORIENTED_EDGE('',*,*,#5127,.F.);
#6847=ORIENTED_EDGE('',*,*,#5128,.F.);
#6848=ORIENTED_EDGE('',*,*,#5129,.T.);
#6849=ORIENTED_EDGE('',*,*,#5130,.T.);
#6850=ORIENTED_EDGE('',*,*,#5125,.F.);
#6851=ORIENTED_EDGE('',*,*,#5131,.F.);
#6852=ORIENTED_EDGE('',*,*,#5132,.T.);
#6853=ORIENTED_EDGE('',*,*,#5133,.T.);
#6854=ORIENTED_EDGE('',*,*,#5129,.F.);
#6855=ORIENTED_EDGE('',*,*,#5134,.F.);
#6856=ORIENTED_EDGE('',*,*,#5135,.T.);
#6857=ORIENTED_EDGE('',*,*,#5136,.T.);
#6858=ORIENTED_EDGE('',*,*,#5132,.F.);
#6859=ORIENTED_EDGE('',*,*,#5137,.F.);
#6860=ORIENTED_EDGE('',*,*,#5138,.T.);
#6861=ORIENTED_EDGE('',*,*,#5139,.T.);
#6862=ORIENTED_EDGE('',*,*,#5135,.F.);
#6863=ORIENTED_EDGE('',*,*,#5140,.F.);
#6864=ORIENTED_EDGE('',*,*,#5141,.T.);
#6865=ORIENTED_EDGE('',*,*,#5142,.T.);
#6866=ORIENTED_EDGE('',*,*,#5138,.F.);
#6867=ORIENTED_EDGE('',*,*,#5143,.F.);
#6868=ORIENTED_EDGE('',*,*,#5144,.T.);
#6869=ORIENTED_EDGE('',*,*,#5145,.T.);
#6870=ORIENTED_EDGE('',*,*,#5141,.F.);
#6871=ORIENTED_EDGE('',*,*,#5146,.F.);
#6872=ORIENTED_EDGE('',*,*,#5147,.T.);
#6873=ORIENTED_EDGE('',*,*,#5148,.T.);
#6874=ORIENTED_EDGE('',*,*,#5144,.F.);
#6875=ORIENTED_EDGE('',*,*,#5149,.F.);
#6876=ORIENTED_EDGE('',*,*,#5150,.T.);
#6877=ORIENTED_EDGE('',*,*,#5151,.T.);
#6878=ORIENTED_EDGE('',*,*,#5147,.F.);
#6879=ORIENTED_EDGE('',*,*,#5152,.F.);
#6880=ORIENTED_EDGE('',*,*,#5153,.T.);
#6881=ORIENTED_EDGE('',*,*,#5154,.T.);
#6882=ORIENTED_EDGE('',*,*,#5150,.F.);
#6883=ORIENTED_EDGE('',*,*,#5155,.F.);
#6884=ORIENTED_EDGE('',*,*,#5156,.T.);
#6885=ORIENTED_EDGE('',*,*,#5157,.T.);
#6886=ORIENTED_EDGE('',*,*,#5153,.F.);
#6887=ORIENTED_EDGE('',*,*,#5158,.F.);
#6888=ORIENTED_EDGE('',*,*,#5159,.T.);
#6889=ORIENTED_EDGE('',*,*,#5160,.T.);
#6890=ORIENTED_EDGE('',*,*,#5156,.F.);
#6891=ORIENTED_EDGE('',*,*,#5161,.F.);
#6892=ORIENTED_EDGE('',*,*,#5162,.T.);
#6893=ORIENTED_EDGE('',*,*,#5163,.T.);
#6894=ORIENTED_EDGE('',*,*,#5159,.F.);
#6895=ORIENTED_EDGE('',*,*,#5164,.F.);
#6896=ORIENTED_EDGE('',*,*,#5165,.T.);
#6897=ORIENTED_EDGE('',*,*,#5166,.T.);
#6898=ORIENTED_EDGE('',*,*,#5162,.F.);
#6899=ORIENTED_EDGE('',*,*,#5167,.F.);
#6900=ORIENTED_EDGE('',*,*,#5168,.T.);
#6901=ORIENTED_EDGE('',*,*,#5169,.T.);
#6902=ORIENTED_EDGE('',*,*,#5165,.F.);
#6903=ORIENTED_EDGE('',*,*,#5170,.F.);
#6904=ORIENTED_EDGE('',*,*,#5171,.T.);
#6905=ORIENTED_EDGE('',*,*,#5172,.T.);
#6906=ORIENTED_EDGE('',*,*,#5168,.F.);
#6907=ORIENTED_EDGE('',*,*,#5173,.F.);
#6908=ORIENTED_EDGE('',*,*,#5174,.T.);
#6909=ORIENTED_EDGE('',*,*,#5175,.T.);
#6910=ORIENTED_EDGE('',*,*,#5171,.F.);
#6911=ORIENTED_EDGE('',*,*,#5176,.F.);
#6912=ORIENTED_EDGE('',*,*,#5177,.T.);
#6913=ORIENTED_EDGE('',*,*,#5178,.T.);
#6914=ORIENTED_EDGE('',*,*,#5174,.F.);
#6915=ORIENTED_EDGE('',*,*,#5179,.F.);
#6916=ORIENTED_EDGE('',*,*,#5180,.T.);
#6917=ORIENTED_EDGE('',*,*,#5181,.T.);
#6918=ORIENTED_EDGE('',*,*,#5177,.F.);
#6919=ORIENTED_EDGE('',*,*,#5182,.F.);
#6920=ORIENTED_EDGE('',*,*,#5183,.T.);
#6921=ORIENTED_EDGE('',*,*,#5184,.T.);
#6922=ORIENTED_EDGE('',*,*,#5180,.F.);
#6923=ORIENTED_EDGE('',*,*,#5185,.F.);
#6924=ORIENTED_EDGE('',*,*,#5186,.T.);
#6925=ORIENTED_EDGE('',*,*,#5187,.T.);
#6926=ORIENTED_EDGE('',*,*,#5183,.F.);
#6927=ORIENTED_EDGE('',*,*,#5188,.F.);
#6928=ORIENTED_EDGE('',*,*,#5127,.T.);
#6929=ORIENTED_EDGE('',*,*,#5189,.T.);
#6930=ORIENTED_EDGE('',*,*,#5186,.F.);
#6931=ORIENTED_EDGE('',*,*,#5189,.F.);
#6932=ORIENTED_EDGE('',*,*,#5126,.F.);
#6933=ORIENTED_EDGE('',*,*,#5130,.F.);
#6934=ORIENTED_EDGE('',*,*,#5133,.F.);
#6935=ORIENTED_EDGE('',*,*,#5136,.F.);
#6936=ORIENTED_EDGE('',*,*,#5139,.F.);
#6937=ORIENTED_EDGE('',*,*,#5142,.F.);
#6938=ORIENTED_EDGE('',*,*,#5145,.F.);
#6939=ORIENTED_EDGE('',*,*,#5148,.F.);
#6940=ORIENTED_EDGE('',*,*,#5151,.F.);
#6941=ORIENTED_EDGE('',*,*,#5154,.F.);
#6942=ORIENTED_EDGE('',*,*,#5157,.F.);
#6943=ORIENTED_EDGE('',*,*,#5160,.F.);
#6944=ORIENTED_EDGE('',*,*,#5163,.F.);
#6945=ORIENTED_EDGE('',*,*,#5166,.F.);
#6946=ORIENTED_EDGE('',*,*,#5169,.F.);
#6947=ORIENTED_EDGE('',*,*,#5172,.F.);
#6948=ORIENTED_EDGE('',*,*,#5175,.F.);
#6949=ORIENTED_EDGE('',*,*,#5178,.F.);
#6950=ORIENTED_EDGE('',*,*,#5181,.F.);
#6951=ORIENTED_EDGE('',*,*,#5184,.F.);
#6952=ORIENTED_EDGE('',*,*,#5187,.F.);
#6953=ORIENTED_EDGE('',*,*,#5190,.F.);
#6954=ORIENTED_EDGE('',*,*,#5191,.T.);
#6955=ORIENTED_EDGE('',*,*,#5192,.T.);
#6956=ORIENTED_EDGE('',*,*,#5193,.F.);
#6957=ORIENTED_EDGE('',*,*,#5194,.F.);
#6958=ORIENTED_EDGE('',*,*,#5195,.T.);
#6959=ORIENTED_EDGE('',*,*,#5196,.T.);
#6960=ORIENTED_EDGE('',*,*,#5191,.F.);
#6961=ORIENTED_EDGE('',*,*,#5197,.F.);
#6962=ORIENTED_EDGE('',*,*,#5198,.T.);
#6963=ORIENTED_EDGE('',*,*,#5199,.T.);
#6964=ORIENTED_EDGE('',*,*,#5195,.F.);
#6965=ORIENTED_EDGE('',*,*,#5200,.F.);
#6966=ORIENTED_EDGE('',*,*,#5201,.T.);
#6967=ORIENTED_EDGE('',*,*,#5202,.T.);
#6968=ORIENTED_EDGE('',*,*,#5198,.F.);
#6969=ORIENTED_EDGE('',*,*,#5203,.F.);
#6970=ORIENTED_EDGE('',*,*,#5204,.T.);
#6971=ORIENTED_EDGE('',*,*,#5205,.T.);
#6972=ORIENTED_EDGE('',*,*,#5201,.F.);
#6973=ORIENTED_EDGE('',*,*,#5206,.F.);
#6974=ORIENTED_EDGE('',*,*,#5207,.T.);
#6975=ORIENTED_EDGE('',*,*,#5208,.T.);
#6976=ORIENTED_EDGE('',*,*,#5204,.F.);
#6977=ORIENTED_EDGE('',*,*,#5209,.F.);
#6978=ORIENTED_EDGE('',*,*,#5210,.T.);
#6979=ORIENTED_EDGE('',*,*,#5211,.T.);
#6980=ORIENTED_EDGE('',*,*,#5207,.F.);
#6981=ORIENTED_EDGE('',*,*,#5212,.F.);
#6982=ORIENTED_EDGE('',*,*,#5213,.T.);
#6983=ORIENTED_EDGE('',*,*,#5214,.T.);
#6984=ORIENTED_EDGE('',*,*,#5210,.F.);
#6985=ORIENTED_EDGE('',*,*,#5215,.F.);
#6986=ORIENTED_EDGE('',*,*,#5216,.T.);
#6987=ORIENTED_EDGE('',*,*,#5217,.T.);
#6988=ORIENTED_EDGE('',*,*,#5213,.F.);
#6989=ORIENTED_EDGE('',*,*,#5218,.F.);
#6990=ORIENTED_EDGE('',*,*,#5219,.T.);
#6991=ORIENTED_EDGE('',*,*,#5220,.T.);
#6992=ORIENTED_EDGE('',*,*,#5216,.F.);
#6993=ORIENTED_EDGE('',*,*,#5221,.F.);
#6994=ORIENTED_EDGE('',*,*,#5222,.T.);
#6995=ORIENTED_EDGE('',*,*,#5223,.T.);
#6996=ORIENTED_EDGE('',*,*,#5219,.F.);
#6997=ORIENTED_EDGE('',*,*,#5224,.F.);
#6998=ORIENTED_EDGE('',*,*,#5225,.T.);
#6999=ORIENTED_EDGE('',*,*,#5226,.T.);
#7000=ORIENTED_EDGE('',*,*,#5222,.F.);
#7001=ORIENTED_EDGE('',*,*,#5227,.F.);
#7002=ORIENTED_EDGE('',*,*,#5228,.T.);
#7003=ORIENTED_EDGE('',*,*,#5229,.T.);
#7004=ORIENTED_EDGE('',*,*,#5225,.F.);
#7005=ORIENTED_EDGE('',*,*,#5230,.F.);
#7006=ORIENTED_EDGE('',*,*,#5231,.T.);
#7007=ORIENTED_EDGE('',*,*,#5232,.T.);
#7008=ORIENTED_EDGE('',*,*,#5228,.F.);
#7009=ORIENTED_EDGE('',*,*,#5233,.F.);
#7010=ORIENTED_EDGE('',*,*,#5234,.T.);
#7011=ORIENTED_EDGE('',*,*,#5235,.T.);
#7012=ORIENTED_EDGE('',*,*,#5231,.F.);
#7013=ORIENTED_EDGE('',*,*,#5236,.F.);
#7014=ORIENTED_EDGE('',*,*,#5237,.T.);
#7015=ORIENTED_EDGE('',*,*,#5238,.T.);
#7016=ORIENTED_EDGE('',*,*,#5234,.F.);
#7017=ORIENTED_EDGE('',*,*,#5239,.F.);
#7018=ORIENTED_EDGE('',*,*,#5240,.T.);
#7019=ORIENTED_EDGE('',*,*,#5241,.T.);
#7020=ORIENTED_EDGE('',*,*,#5237,.F.);
#7021=ORIENTED_EDGE('',*,*,#5242,.F.);
#7022=ORIENTED_EDGE('',*,*,#5243,.T.);
#7023=ORIENTED_EDGE('',*,*,#5244,.T.);
#7024=ORIENTED_EDGE('',*,*,#5240,.F.);
#7025=ORIENTED_EDGE('',*,*,#5245,.F.);
#7026=ORIENTED_EDGE('',*,*,#5246,.T.);
#7027=ORIENTED_EDGE('',*,*,#5247,.T.);
#7028=ORIENTED_EDGE('',*,*,#5243,.F.);
#7029=ORIENTED_EDGE('',*,*,#5248,.F.);
#7030=ORIENTED_EDGE('',*,*,#5249,.T.);
#7031=ORIENTED_EDGE('',*,*,#5250,.T.);
#7032=ORIENTED_EDGE('',*,*,#5246,.F.);
#7033=ORIENTED_EDGE('',*,*,#5251,.F.);
#7034=ORIENTED_EDGE('',*,*,#5252,.T.);
#7035=ORIENTED_EDGE('',*,*,#5253,.T.);
#7036=ORIENTED_EDGE('',*,*,#5249,.F.);
#7037=ORIENTED_EDGE('',*,*,#5254,.F.);
#7038=ORIENTED_EDGE('',*,*,#5193,.T.);
#7039=ORIENTED_EDGE('',*,*,#5255,.T.);
#7040=ORIENTED_EDGE('',*,*,#5252,.F.);
#7041=ORIENTED_EDGE('',*,*,#5255,.F.);
#7042=ORIENTED_EDGE('',*,*,#5192,.F.);
#7043=ORIENTED_EDGE('',*,*,#5196,.F.);
#7044=ORIENTED_EDGE('',*,*,#5199,.F.);
#7045=ORIENTED_EDGE('',*,*,#5202,.F.);
#7046=ORIENTED_EDGE('',*,*,#5205,.F.);
#7047=ORIENTED_EDGE('',*,*,#5208,.F.);
#7048=ORIENTED_EDGE('',*,*,#5211,.F.);
#7049=ORIENTED_EDGE('',*,*,#5214,.F.);
#7050=ORIENTED_EDGE('',*,*,#5217,.F.);
#7051=ORIENTED_EDGE('',*,*,#5220,.F.);
#7052=ORIENTED_EDGE('',*,*,#5223,.F.);
#7053=ORIENTED_EDGE('',*,*,#5226,.F.);
#7054=ORIENTED_EDGE('',*,*,#5229,.F.);
#7055=ORIENTED_EDGE('',*,*,#5232,.F.);
#7056=ORIENTED_EDGE('',*,*,#5235,.F.);
#7057=ORIENTED_EDGE('',*,*,#5238,.F.);
#7058=ORIENTED_EDGE('',*,*,#5241,.F.);
#7059=ORIENTED_EDGE('',*,*,#5244,.F.);
#7060=ORIENTED_EDGE('',*,*,#5247,.F.);
#7061=ORIENTED_EDGE('',*,*,#5250,.F.);
#7062=ORIENTED_EDGE('',*,*,#5253,.F.);
#7063=ORIENTED_EDGE('',*,*,#5256,.F.);
#7064=ORIENTED_EDGE('',*,*,#5257,.T.);
#7065=ORIENTED_EDGE('',*,*,#5258,.T.);
#7066=ORIENTED_EDGE('',*,*,#5259,.F.);
#7067=ORIENTED_EDGE('',*,*,#5260,.F.);
#7068=ORIENTED_EDGE('',*,*,#5261,.T.);
#7069=ORIENTED_EDGE('',*,*,#5262,.T.);
#7070=ORIENTED_EDGE('',*,*,#5257,.F.);
#7071=ORIENTED_EDGE('',*,*,#5263,.F.);
#7072=ORIENTED_EDGE('',*,*,#5264,.T.);
#7073=ORIENTED_EDGE('',*,*,#5265,.T.);
#7074=ORIENTED_EDGE('',*,*,#5261,.F.);
#7075=ORIENTED_EDGE('',*,*,#5266,.F.);
#7076=ORIENTED_EDGE('',*,*,#5267,.T.);
#7077=ORIENTED_EDGE('',*,*,#5268,.T.);
#7078=ORIENTED_EDGE('',*,*,#5264,.F.);
#7079=ORIENTED_EDGE('',*,*,#5269,.F.);
#7080=ORIENTED_EDGE('',*,*,#5270,.T.);
#7081=ORIENTED_EDGE('',*,*,#5271,.T.);
#7082=ORIENTED_EDGE('',*,*,#5267,.F.);
#7083=ORIENTED_EDGE('',*,*,#5272,.F.);
#7084=ORIENTED_EDGE('',*,*,#5273,.T.);
#7085=ORIENTED_EDGE('',*,*,#5274,.T.);
#7086=ORIENTED_EDGE('',*,*,#5270,.F.);
#7087=ORIENTED_EDGE('',*,*,#5275,.F.);
#7088=ORIENTED_EDGE('',*,*,#5276,.T.);
#7089=ORIENTED_EDGE('',*,*,#5277,.T.);
#7090=ORIENTED_EDGE('',*,*,#5273,.F.);
#7091=ORIENTED_EDGE('',*,*,#5278,.F.);
#7092=ORIENTED_EDGE('',*,*,#5259,.T.);
#7093=ORIENTED_EDGE('',*,*,#5279,.T.);
#7094=ORIENTED_EDGE('',*,*,#5276,.F.);
#7095=ORIENTED_EDGE('',*,*,#5280,.F.);
#7096=ORIENTED_EDGE('',*,*,#5281,.T.);
#7097=ORIENTED_EDGE('',*,*,#5282,.T.);
#7098=ORIENTED_EDGE('',*,*,#5283,.F.);
#7099=ORIENTED_EDGE('',*,*,#5284,.F.);
#7100=ORIENTED_EDGE('',*,*,#5285,.T.);
#7101=ORIENTED_EDGE('',*,*,#5286,.T.);
#7102=ORIENTED_EDGE('',*,*,#5281,.F.);
#7103=ORIENTED_EDGE('',*,*,#5287,.F.);
#7104=ORIENTED_EDGE('',*,*,#5288,.T.);
#7105=ORIENTED_EDGE('',*,*,#5289,.T.);
#7106=ORIENTED_EDGE('',*,*,#5285,.F.);
#7107=ORIENTED_EDGE('',*,*,#5290,.F.);
#7108=ORIENTED_EDGE('',*,*,#5291,.T.);
#7109=ORIENTED_EDGE('',*,*,#5292,.T.);
#7110=ORIENTED_EDGE('',*,*,#5288,.F.);
#7111=ORIENTED_EDGE('',*,*,#5293,.F.);
#7112=ORIENTED_EDGE('',*,*,#5294,.T.);
#7113=ORIENTED_EDGE('',*,*,#5295,.T.);
#7114=ORIENTED_EDGE('',*,*,#5291,.F.);
#7115=ORIENTED_EDGE('',*,*,#5296,.F.);
#7116=ORIENTED_EDGE('',*,*,#5297,.T.);
#7117=ORIENTED_EDGE('',*,*,#5298,.T.);
#7118=ORIENTED_EDGE('',*,*,#5294,.F.);
#7119=ORIENTED_EDGE('',*,*,#5299,.F.);
#7120=ORIENTED_EDGE('',*,*,#5300,.T.);
#7121=ORIENTED_EDGE('',*,*,#5301,.T.);
#7122=ORIENTED_EDGE('',*,*,#5297,.F.);
#7123=ORIENTED_EDGE('',*,*,#5302,.F.);
#7124=ORIENTED_EDGE('',*,*,#5303,.T.);
#7125=ORIENTED_EDGE('',*,*,#5304,.T.);
#7126=ORIENTED_EDGE('',*,*,#5300,.F.);
#7127=ORIENTED_EDGE('',*,*,#5305,.F.);
#7128=ORIENTED_EDGE('',*,*,#5306,.T.);
#7129=ORIENTED_EDGE('',*,*,#5307,.T.);
#7130=ORIENTED_EDGE('',*,*,#5303,.F.);
#7131=ORIENTED_EDGE('',*,*,#5308,.F.);
#7132=ORIENTED_EDGE('',*,*,#5309,.T.);
#7133=ORIENTED_EDGE('',*,*,#5310,.T.);
#7134=ORIENTED_EDGE('',*,*,#5306,.F.);
#7135=ORIENTED_EDGE('',*,*,#5311,.F.);
#7136=ORIENTED_EDGE('',*,*,#5312,.T.);
#7137=ORIENTED_EDGE('',*,*,#5313,.T.);
#7138=ORIENTED_EDGE('',*,*,#5309,.F.);
#7139=ORIENTED_EDGE('',*,*,#5314,.F.);
#7140=ORIENTED_EDGE('',*,*,#5283,.T.);
#7141=ORIENTED_EDGE('',*,*,#5315,.T.);
#7142=ORIENTED_EDGE('',*,*,#5312,.F.);
#7143=ORIENTED_EDGE('',*,*,#5315,.F.);
#7144=ORIENTED_EDGE('',*,*,#5282,.F.);
#7145=ORIENTED_EDGE('',*,*,#5286,.F.);
#7146=ORIENTED_EDGE('',*,*,#5289,.F.);
#7147=ORIENTED_EDGE('',*,*,#5292,.F.);
#7148=ORIENTED_EDGE('',*,*,#5295,.F.);
#7149=ORIENTED_EDGE('',*,*,#5298,.F.);
#7150=ORIENTED_EDGE('',*,*,#5301,.F.);
#7151=ORIENTED_EDGE('',*,*,#5304,.F.);
#7152=ORIENTED_EDGE('',*,*,#5307,.F.);
#7153=ORIENTED_EDGE('',*,*,#5310,.F.);
#7154=ORIENTED_EDGE('',*,*,#5313,.F.);
#7155=ORIENTED_EDGE('',*,*,#5279,.F.);
#7156=ORIENTED_EDGE('',*,*,#5258,.F.);
#7157=ORIENTED_EDGE('',*,*,#5262,.F.);
#7158=ORIENTED_EDGE('',*,*,#5265,.F.);
#7159=ORIENTED_EDGE('',*,*,#5268,.F.);
#7160=ORIENTED_EDGE('',*,*,#5271,.F.);
#7161=ORIENTED_EDGE('',*,*,#5274,.F.);
#7162=ORIENTED_EDGE('',*,*,#5277,.F.);
#7163=ORIENTED_EDGE('',*,*,#5316,.F.);
#7164=ORIENTED_EDGE('',*,*,#5317,.T.);
#7165=ORIENTED_EDGE('',*,*,#5318,.T.);
#7166=ORIENTED_EDGE('',*,*,#5319,.F.);
#7167=ORIENTED_EDGE('',*,*,#5320,.F.);
#7168=ORIENTED_EDGE('',*,*,#5321,.T.);
#7169=ORIENTED_EDGE('',*,*,#5322,.T.);
#7170=ORIENTED_EDGE('',*,*,#5317,.F.);
#7171=ORIENTED_EDGE('',*,*,#5323,.F.);
#7172=ORIENTED_EDGE('',*,*,#5324,.T.);
#7173=ORIENTED_EDGE('',*,*,#5325,.T.);
#7174=ORIENTED_EDGE('',*,*,#5321,.F.);
#7175=ORIENTED_EDGE('',*,*,#5326,.F.);
#7176=ORIENTED_EDGE('',*,*,#5319,.T.);
#7177=ORIENTED_EDGE('',*,*,#5327,.T.);
#7178=ORIENTED_EDGE('',*,*,#5324,.F.);
#7179=ORIENTED_EDGE('',*,*,#5327,.F.);
#7180=ORIENTED_EDGE('',*,*,#5318,.F.);
#7181=ORIENTED_EDGE('',*,*,#5322,.F.);
#7182=ORIENTED_EDGE('',*,*,#5325,.F.);
#7183=ORIENTED_EDGE('',*,*,#5328,.F.);
#7184=ORIENTED_EDGE('',*,*,#5329,.T.);
#7185=ORIENTED_EDGE('',*,*,#5330,.T.);
#7186=ORIENTED_EDGE('',*,*,#5331,.F.);
#7187=ORIENTED_EDGE('',*,*,#5332,.F.);
#7188=ORIENTED_EDGE('',*,*,#5333,.T.);
#7189=ORIENTED_EDGE('',*,*,#5334,.T.);
#7190=ORIENTED_EDGE('',*,*,#5329,.F.);
#7191=ORIENTED_EDGE('',*,*,#5335,.F.);
#7192=ORIENTED_EDGE('',*,*,#5336,.T.);
#7193=ORIENTED_EDGE('',*,*,#5337,.T.);
#7194=ORIENTED_EDGE('',*,*,#5333,.F.);
#7195=ORIENTED_EDGE('',*,*,#5338,.F.);
#7196=ORIENTED_EDGE('',*,*,#5339,.T.);
#7197=ORIENTED_EDGE('',*,*,#5340,.T.);
#7198=ORIENTED_EDGE('',*,*,#5336,.F.);
#7199=ORIENTED_EDGE('',*,*,#5341,.F.);
#7200=ORIENTED_EDGE('',*,*,#5342,.T.);
#7201=ORIENTED_EDGE('',*,*,#5343,.T.);
#7202=ORIENTED_EDGE('',*,*,#5339,.F.);
#7203=ORIENTED_EDGE('',*,*,#5344,.F.);
#7204=ORIENTED_EDGE('',*,*,#5345,.T.);
#7205=ORIENTED_EDGE('',*,*,#5346,.T.);
#7206=ORIENTED_EDGE('',*,*,#5342,.F.);
#7207=ORIENTED_EDGE('',*,*,#5347,.F.);
#7208=ORIENTED_EDGE('',*,*,#5348,.T.);
#7209=ORIENTED_EDGE('',*,*,#5349,.T.);
#7210=ORIENTED_EDGE('',*,*,#5345,.F.);
#7211=ORIENTED_EDGE('',*,*,#5350,.F.);
#7212=ORIENTED_EDGE('',*,*,#5331,.T.);
#7213=ORIENTED_EDGE('',*,*,#5351,.T.);
#7214=ORIENTED_EDGE('',*,*,#5348,.F.);
#7215=ORIENTED_EDGE('',*,*,#5352,.F.);
#7216=ORIENTED_EDGE('',*,*,#5353,.T.);
#7217=ORIENTED_EDGE('',*,*,#5354,.T.);
#7218=ORIENTED_EDGE('',*,*,#5355,.F.);
#7219=ORIENTED_EDGE('',*,*,#5356,.F.);
#7220=ORIENTED_EDGE('',*,*,#5357,.T.);
#7221=ORIENTED_EDGE('',*,*,#5358,.T.);
#7222=ORIENTED_EDGE('',*,*,#5353,.F.);
#7223=ORIENTED_EDGE('',*,*,#5359,.F.);
#7224=ORIENTED_EDGE('',*,*,#5360,.T.);
#7225=ORIENTED_EDGE('',*,*,#5361,.T.);
#7226=ORIENTED_EDGE('',*,*,#5357,.F.);
#7227=ORIENTED_EDGE('',*,*,#5362,.F.);
#7228=ORIENTED_EDGE('',*,*,#5363,.T.);
#7229=ORIENTED_EDGE('',*,*,#5364,.T.);
#7230=ORIENTED_EDGE('',*,*,#5360,.F.);
#7231=ORIENTED_EDGE('',*,*,#5365,.F.);
#7232=ORIENTED_EDGE('',*,*,#5366,.T.);
#7233=ORIENTED_EDGE('',*,*,#5367,.T.);
#7234=ORIENTED_EDGE('',*,*,#5363,.F.);
#7235=ORIENTED_EDGE('',*,*,#5368,.F.);
#7236=ORIENTED_EDGE('',*,*,#5369,.T.);
#7237=ORIENTED_EDGE('',*,*,#5370,.T.);
#7238=ORIENTED_EDGE('',*,*,#5366,.F.);
#7239=ORIENTED_EDGE('',*,*,#5371,.F.);
#7240=ORIENTED_EDGE('',*,*,#5372,.T.);
#7241=ORIENTED_EDGE('',*,*,#5373,.T.);
#7242=ORIENTED_EDGE('',*,*,#5369,.F.);
#7243=ORIENTED_EDGE('',*,*,#5374,.F.);
#7244=ORIENTED_EDGE('',*,*,#5375,.T.);
#7245=ORIENTED_EDGE('',*,*,#5376,.T.);
#7246=ORIENTED_EDGE('',*,*,#5372,.F.);
#7247=ORIENTED_EDGE('',*,*,#5377,.F.);
#7248=ORIENTED_EDGE('',*,*,#5378,.T.);
#7249=ORIENTED_EDGE('',*,*,#5379,.T.);
#7250=ORIENTED_EDGE('',*,*,#5375,.F.);
#7251=ORIENTED_EDGE('',*,*,#5380,.F.);
#7252=ORIENTED_EDGE('',*,*,#5381,.T.);
#7253=ORIENTED_EDGE('',*,*,#5382,.T.);
#7254=ORIENTED_EDGE('',*,*,#5378,.F.);
#7255=ORIENTED_EDGE('',*,*,#5383,.F.);
#7256=ORIENTED_EDGE('',*,*,#5384,.T.);
#7257=ORIENTED_EDGE('',*,*,#5385,.T.);
#7258=ORIENTED_EDGE('',*,*,#5381,.F.);
#7259=ORIENTED_EDGE('',*,*,#5386,.F.);
#7260=ORIENTED_EDGE('',*,*,#5355,.T.);
#7261=ORIENTED_EDGE('',*,*,#5387,.T.);
#7262=ORIENTED_EDGE('',*,*,#5384,.F.);
#7263=ORIENTED_EDGE('',*,*,#5387,.F.);
#7264=ORIENTED_EDGE('',*,*,#5354,.F.);
#7265=ORIENTED_EDGE('',*,*,#5358,.F.);
#7266=ORIENTED_EDGE('',*,*,#5361,.F.);
#7267=ORIENTED_EDGE('',*,*,#5364,.F.);
#7268=ORIENTED_EDGE('',*,*,#5367,.F.);
#7269=ORIENTED_EDGE('',*,*,#5370,.F.);
#7270=ORIENTED_EDGE('',*,*,#5373,.F.);
#7271=ORIENTED_EDGE('',*,*,#5376,.F.);
#7272=ORIENTED_EDGE('',*,*,#5379,.F.);
#7273=ORIENTED_EDGE('',*,*,#5382,.F.);
#7274=ORIENTED_EDGE('',*,*,#5385,.F.);
#7275=ORIENTED_EDGE('',*,*,#5351,.F.);
#7276=ORIENTED_EDGE('',*,*,#5330,.F.);
#7277=ORIENTED_EDGE('',*,*,#5334,.F.);
#7278=ORIENTED_EDGE('',*,*,#5337,.F.);
#7279=ORIENTED_EDGE('',*,*,#5340,.F.);
#7280=ORIENTED_EDGE('',*,*,#5343,.F.);
#7281=ORIENTED_EDGE('',*,*,#5346,.F.);
#7282=ORIENTED_EDGE('',*,*,#5349,.F.);
#7283=ORIENTED_EDGE('',*,*,#5388,.F.);
#7284=ORIENTED_EDGE('',*,*,#5389,.T.);
#7285=ORIENTED_EDGE('',*,*,#5390,.T.);
#7286=ORIENTED_EDGE('',*,*,#5391,.F.);
#7287=ORIENTED_EDGE('',*,*,#5392,.F.);
#7288=ORIENTED_EDGE('',*,*,#5393,.T.);
#7289=ORIENTED_EDGE('',*,*,#5394,.T.);
#7290=ORIENTED_EDGE('',*,*,#5389,.F.);
#7291=ORIENTED_EDGE('',*,*,#5395,.F.);
#7292=ORIENTED_EDGE('',*,*,#5396,.T.);
#7293=ORIENTED_EDGE('',*,*,#5397,.T.);
#7294=ORIENTED_EDGE('',*,*,#5393,.F.);
#7295=ORIENTED_EDGE('',*,*,#5398,.F.);
#7296=ORIENTED_EDGE('',*,*,#5399,.T.);
#7297=ORIENTED_EDGE('',*,*,#5400,.T.);
#7298=ORIENTED_EDGE('',*,*,#5396,.F.);
#7299=ORIENTED_EDGE('',*,*,#5401,.F.);
#7300=ORIENTED_EDGE('',*,*,#5402,.T.);
#7301=ORIENTED_EDGE('',*,*,#5403,.T.);
#7302=ORIENTED_EDGE('',*,*,#5399,.F.);
#7303=ORIENTED_EDGE('',*,*,#5404,.F.);
#7304=ORIENTED_EDGE('',*,*,#5405,.T.);
#7305=ORIENTED_EDGE('',*,*,#5406,.T.);
#7306=ORIENTED_EDGE('',*,*,#5402,.F.);
#7307=ORIENTED_EDGE('',*,*,#5407,.F.);
#7308=ORIENTED_EDGE('',*,*,#5408,.T.);
#7309=ORIENTED_EDGE('',*,*,#5409,.T.);
#7310=ORIENTED_EDGE('',*,*,#5405,.F.);
#7311=ORIENTED_EDGE('',*,*,#5410,.F.);
#7312=ORIENTED_EDGE('',*,*,#5391,.T.);
#7313=ORIENTED_EDGE('',*,*,#5411,.T.);
#7314=ORIENTED_EDGE('',*,*,#5408,.F.);
#7315=ORIENTED_EDGE('',*,*,#5412,.F.);
#7316=ORIENTED_EDGE('',*,*,#5413,.T.);
#7317=ORIENTED_EDGE('',*,*,#5414,.T.);
#7318=ORIENTED_EDGE('',*,*,#5415,.F.);
#7319=ORIENTED_EDGE('',*,*,#5416,.F.);
#7320=ORIENTED_EDGE('',*,*,#5417,.T.);
#7321=ORIENTED_EDGE('',*,*,#5418,.T.);
#7322=ORIENTED_EDGE('',*,*,#5413,.F.);
#7323=ORIENTED_EDGE('',*,*,#5419,.F.);
#7324=ORIENTED_EDGE('',*,*,#5420,.T.);
#7325=ORIENTED_EDGE('',*,*,#5421,.T.);
#7326=ORIENTED_EDGE('',*,*,#5417,.F.);
#7327=ORIENTED_EDGE('',*,*,#5422,.F.);
#7328=ORIENTED_EDGE('',*,*,#5423,.T.);
#7329=ORIENTED_EDGE('',*,*,#5424,.T.);
#7330=ORIENTED_EDGE('',*,*,#5420,.F.);
#7331=ORIENTED_EDGE('',*,*,#5425,.F.);
#7332=ORIENTED_EDGE('',*,*,#5426,.T.);
#7333=ORIENTED_EDGE('',*,*,#5427,.T.);
#7334=ORIENTED_EDGE('',*,*,#5423,.F.);
#7335=ORIENTED_EDGE('',*,*,#5428,.F.);
#7336=ORIENTED_EDGE('',*,*,#5429,.T.);
#7337=ORIENTED_EDGE('',*,*,#5430,.T.);
#7338=ORIENTED_EDGE('',*,*,#5426,.F.);
#7339=ORIENTED_EDGE('',*,*,#5431,.F.);
#7340=ORIENTED_EDGE('',*,*,#5432,.T.);
#7341=ORIENTED_EDGE('',*,*,#5433,.T.);
#7342=ORIENTED_EDGE('',*,*,#5429,.F.);
#7343=ORIENTED_EDGE('',*,*,#5434,.F.);
#7344=ORIENTED_EDGE('',*,*,#5435,.T.);
#7345=ORIENTED_EDGE('',*,*,#5436,.T.);
#7346=ORIENTED_EDGE('',*,*,#5432,.F.);
#7347=ORIENTED_EDGE('',*,*,#5437,.F.);
#7348=ORIENTED_EDGE('',*,*,#5438,.T.);
#7349=ORIENTED_EDGE('',*,*,#5439,.T.);
#7350=ORIENTED_EDGE('',*,*,#5435,.F.);
#7351=ORIENTED_EDGE('',*,*,#5440,.F.);
#7352=ORIENTED_EDGE('',*,*,#5441,.T.);
#7353=ORIENTED_EDGE('',*,*,#5442,.T.);
#7354=ORIENTED_EDGE('',*,*,#5438,.F.);
#7355=ORIENTED_EDGE('',*,*,#5443,.F.);
#7356=ORIENTED_EDGE('',*,*,#5444,.T.);
#7357=ORIENTED_EDGE('',*,*,#5445,.T.);
#7358=ORIENTED_EDGE('',*,*,#5441,.F.);
#7359=ORIENTED_EDGE('',*,*,#5446,.F.);
#7360=ORIENTED_EDGE('',*,*,#5415,.T.);
#7361=ORIENTED_EDGE('',*,*,#5447,.T.);
#7362=ORIENTED_EDGE('',*,*,#5444,.F.);
#7363=ORIENTED_EDGE('',*,*,#5447,.F.);
#7364=ORIENTED_EDGE('',*,*,#5414,.F.);
#7365=ORIENTED_EDGE('',*,*,#5418,.F.);
#7366=ORIENTED_EDGE('',*,*,#5421,.F.);
#7367=ORIENTED_EDGE('',*,*,#5424,.F.);
#7368=ORIENTED_EDGE('',*,*,#5427,.F.);
#7369=ORIENTED_EDGE('',*,*,#5430,.F.);
#7370=ORIENTED_EDGE('',*,*,#5433,.F.);
#7371=ORIENTED_EDGE('',*,*,#5436,.F.);
#7372=ORIENTED_EDGE('',*,*,#5439,.F.);
#7373=ORIENTED_EDGE('',*,*,#5442,.F.);
#7374=ORIENTED_EDGE('',*,*,#5445,.F.);
#7375=ORIENTED_EDGE('',*,*,#5411,.F.);
#7376=ORIENTED_EDGE('',*,*,#5390,.F.);
#7377=ORIENTED_EDGE('',*,*,#5394,.F.);
#7378=ORIENTED_EDGE('',*,*,#5397,.F.);
#7379=ORIENTED_EDGE('',*,*,#5400,.F.);
#7380=ORIENTED_EDGE('',*,*,#5403,.F.);
#7381=ORIENTED_EDGE('',*,*,#5406,.F.);
#7382=ORIENTED_EDGE('',*,*,#5409,.F.);
#7383=ORIENTED_EDGE('',*,*,#5448,.F.);
#7384=ORIENTED_EDGE('',*,*,#5449,.T.);
#7385=ORIENTED_EDGE('',*,*,#5450,.T.);
#7386=ORIENTED_EDGE('',*,*,#5451,.F.);
#7387=ORIENTED_EDGE('',*,*,#5452,.F.);
#7388=ORIENTED_EDGE('',*,*,#5453,.T.);
#7389=ORIENTED_EDGE('',*,*,#5454,.T.);
#7390=ORIENTED_EDGE('',*,*,#5449,.F.);
#7391=ORIENTED_EDGE('',*,*,#5455,.F.);
#7392=ORIENTED_EDGE('',*,*,#5456,.T.);
#7393=ORIENTED_EDGE('',*,*,#5457,.T.);
#7394=ORIENTED_EDGE('',*,*,#5453,.F.);
#7395=ORIENTED_EDGE('',*,*,#5458,.F.);
#7396=ORIENTED_EDGE('',*,*,#5451,.T.);
#7397=ORIENTED_EDGE('',*,*,#5459,.T.);
#7398=ORIENTED_EDGE('',*,*,#5456,.F.);
#7399=ORIENTED_EDGE('',*,*,#5459,.F.);
#7400=ORIENTED_EDGE('',*,*,#5450,.F.);
#7401=ORIENTED_EDGE('',*,*,#5454,.F.);
#7402=ORIENTED_EDGE('',*,*,#5457,.F.);
#7403=ORIENTED_EDGE('',*,*,#5460,.F.);
#7404=ORIENTED_EDGE('',*,*,#5461,.T.);
#7405=ORIENTED_EDGE('',*,*,#5462,.T.);
#7406=ORIENTED_EDGE('',*,*,#5463,.F.);
#7407=ORIENTED_EDGE('',*,*,#5464,.F.);
#7408=ORIENTED_EDGE('',*,*,#5465,.T.);
#7409=ORIENTED_EDGE('',*,*,#5466,.T.);
#7410=ORIENTED_EDGE('',*,*,#5461,.F.);
#7411=ORIENTED_EDGE('',*,*,#5467,.F.);
#7412=ORIENTED_EDGE('',*,*,#5468,.T.);
#7413=ORIENTED_EDGE('',*,*,#5469,.T.);
#7414=ORIENTED_EDGE('',*,*,#5465,.F.);
#7415=ORIENTED_EDGE('',*,*,#5470,.F.);
#7416=ORIENTED_EDGE('',*,*,#5471,.T.);
#7417=ORIENTED_EDGE('',*,*,#5472,.T.);
#7418=ORIENTED_EDGE('',*,*,#5468,.F.);
#7419=ORIENTED_EDGE('',*,*,#5473,.F.);
#7420=ORIENTED_EDGE('',*,*,#5474,.T.);
#7421=ORIENTED_EDGE('',*,*,#5475,.T.);
#7422=ORIENTED_EDGE('',*,*,#5471,.F.);
#7423=ORIENTED_EDGE('',*,*,#5476,.F.);
#7424=ORIENTED_EDGE('',*,*,#5477,.T.);
#7425=ORIENTED_EDGE('',*,*,#5478,.T.);
#7426=ORIENTED_EDGE('',*,*,#5474,.F.);
#7427=ORIENTED_EDGE('',*,*,#5479,.F.);
#7428=ORIENTED_EDGE('',*,*,#5480,.T.);
#7429=ORIENTED_EDGE('',*,*,#5481,.T.);
#7430=ORIENTED_EDGE('',*,*,#5477,.F.);
#7431=ORIENTED_EDGE('',*,*,#5482,.F.);
#7432=ORIENTED_EDGE('',*,*,#5483,.T.);
#7433=ORIENTED_EDGE('',*,*,#5484,.T.);
#7434=ORIENTED_EDGE('',*,*,#5480,.F.);
#7435=ORIENTED_EDGE('',*,*,#5485,.F.);
#7436=ORIENTED_EDGE('',*,*,#5486,.T.);
#7437=ORIENTED_EDGE('',*,*,#5487,.T.);
#7438=ORIENTED_EDGE('',*,*,#5483,.F.);
#7439=ORIENTED_EDGE('',*,*,#5488,.F.);
#7440=ORIENTED_EDGE('',*,*,#5489,.T.);
#7441=ORIENTED_EDGE('',*,*,#5490,.T.);
#7442=ORIENTED_EDGE('',*,*,#5486,.F.);
#7443=ORIENTED_EDGE('',*,*,#5491,.F.);
#7444=ORIENTED_EDGE('',*,*,#5492,.T.);
#7445=ORIENTED_EDGE('',*,*,#5493,.T.);
#7446=ORIENTED_EDGE('',*,*,#5489,.F.);
#7447=ORIENTED_EDGE('',*,*,#5494,.F.);
#7448=ORIENTED_EDGE('',*,*,#5463,.T.);
#7449=ORIENTED_EDGE('',*,*,#5495,.T.);
#7450=ORIENTED_EDGE('',*,*,#5492,.F.);
#7451=ORIENTED_EDGE('',*,*,#5495,.F.);
#7452=ORIENTED_EDGE('',*,*,#5462,.F.);
#7453=ORIENTED_EDGE('',*,*,#5466,.F.);
#7454=ORIENTED_EDGE('',*,*,#5469,.F.);
#7455=ORIENTED_EDGE('',*,*,#5472,.F.);
#7456=ORIENTED_EDGE('',*,*,#5475,.F.);
#7457=ORIENTED_EDGE('',*,*,#5478,.F.);
#7458=ORIENTED_EDGE('',*,*,#5481,.F.);
#7459=ORIENTED_EDGE('',*,*,#5484,.F.);
#7460=ORIENTED_EDGE('',*,*,#5487,.F.);
#7461=ORIENTED_EDGE('',*,*,#5490,.F.);
#7462=ORIENTED_EDGE('',*,*,#5493,.F.);
#7463=ORIENTED_EDGE('',*,*,#5496,.F.);
#7464=ORIENTED_EDGE('',*,*,#5497,.T.);
#7465=ORIENTED_EDGE('',*,*,#5498,.T.);
#7466=ORIENTED_EDGE('',*,*,#5499,.F.);
#7467=ORIENTED_EDGE('',*,*,#5500,.F.);
#7468=ORIENTED_EDGE('',*,*,#5501,.T.);
#7469=ORIENTED_EDGE('',*,*,#5502,.T.);
#7470=ORIENTED_EDGE('',*,*,#5497,.F.);
#7471=ORIENTED_EDGE('',*,*,#5503,.F.);
#7472=ORIENTED_EDGE('',*,*,#5504,.T.);
#7473=ORIENTED_EDGE('',*,*,#5505,.T.);
#7474=ORIENTED_EDGE('',*,*,#5501,.F.);
#7475=ORIENTED_EDGE('',*,*,#5506,.F.);
#7476=ORIENTED_EDGE('',*,*,#5507,.T.);
#7477=ORIENTED_EDGE('',*,*,#5508,.T.);
#7478=ORIENTED_EDGE('',*,*,#5504,.F.);
#7479=ORIENTED_EDGE('',*,*,#5509,.F.);
#7480=ORIENTED_EDGE('',*,*,#5510,.T.);
#7481=ORIENTED_EDGE('',*,*,#5511,.T.);
#7482=ORIENTED_EDGE('',*,*,#5507,.F.);
#7483=ORIENTED_EDGE('',*,*,#5512,.F.);
#7484=ORIENTED_EDGE('',*,*,#5513,.T.);
#7485=ORIENTED_EDGE('',*,*,#5514,.T.);
#7486=ORIENTED_EDGE('',*,*,#5510,.F.);
#7487=ORIENTED_EDGE('',*,*,#5515,.F.);
#7488=ORIENTED_EDGE('',*,*,#5516,.T.);
#7489=ORIENTED_EDGE('',*,*,#5517,.T.);
#7490=ORIENTED_EDGE('',*,*,#5513,.F.);
#7491=ORIENTED_EDGE('',*,*,#5518,.F.);
#7492=ORIENTED_EDGE('',*,*,#5519,.T.);
#7493=ORIENTED_EDGE('',*,*,#5520,.T.);
#7494=ORIENTED_EDGE('',*,*,#5516,.F.);
#7495=ORIENTED_EDGE('',*,*,#5521,.F.);
#7496=ORIENTED_EDGE('',*,*,#5522,.T.);
#7497=ORIENTED_EDGE('',*,*,#5523,.T.);
#7498=ORIENTED_EDGE('',*,*,#5519,.F.);
#7499=ORIENTED_EDGE('',*,*,#5524,.F.);
#7500=ORIENTED_EDGE('',*,*,#5525,.T.);
#7501=ORIENTED_EDGE('',*,*,#5526,.T.);
#7502=ORIENTED_EDGE('',*,*,#5522,.F.);
#7503=ORIENTED_EDGE('',*,*,#5527,.F.);
#7504=ORIENTED_EDGE('',*,*,#5528,.T.);
#7505=ORIENTED_EDGE('',*,*,#5529,.T.);
#7506=ORIENTED_EDGE('',*,*,#5525,.F.);
#7507=ORIENTED_EDGE('',*,*,#5530,.F.);
#7508=ORIENTED_EDGE('',*,*,#5531,.T.);
#7509=ORIENTED_EDGE('',*,*,#5532,.T.);
#7510=ORIENTED_EDGE('',*,*,#5528,.F.);
#7511=ORIENTED_EDGE('',*,*,#5533,.F.);
#7512=ORIENTED_EDGE('',*,*,#5534,.T.);
#7513=ORIENTED_EDGE('',*,*,#5535,.T.);
#7514=ORIENTED_EDGE('',*,*,#5531,.F.);
#7515=ORIENTED_EDGE('',*,*,#5536,.F.);
#7516=ORIENTED_EDGE('',*,*,#5537,.T.);
#7517=ORIENTED_EDGE('',*,*,#5538,.T.);
#7518=ORIENTED_EDGE('',*,*,#5534,.F.);
#7519=ORIENTED_EDGE('',*,*,#5539,.F.);
#7520=ORIENTED_EDGE('',*,*,#5540,.T.);
#7521=ORIENTED_EDGE('',*,*,#5541,.T.);
#7522=ORIENTED_EDGE('',*,*,#5537,.F.);
#7523=ORIENTED_EDGE('',*,*,#5542,.F.);
#7524=ORIENTED_EDGE('',*,*,#5543,.T.);
#7525=ORIENTED_EDGE('',*,*,#5544,.T.);
#7526=ORIENTED_EDGE('',*,*,#5540,.F.);
#7527=ORIENTED_EDGE('',*,*,#5545,.F.);
#7528=ORIENTED_EDGE('',*,*,#5499,.T.);
#7529=ORIENTED_EDGE('',*,*,#5546,.T.);
#7530=ORIENTED_EDGE('',*,*,#5543,.F.);
#7531=ORIENTED_EDGE('',*,*,#5546,.F.);
#7532=ORIENTED_EDGE('',*,*,#5498,.F.);
#7533=ORIENTED_EDGE('',*,*,#5502,.F.);
#7534=ORIENTED_EDGE('',*,*,#5505,.F.);
#7535=ORIENTED_EDGE('',*,*,#5508,.F.);
#7536=ORIENTED_EDGE('',*,*,#5511,.F.);
#7537=ORIENTED_EDGE('',*,*,#5514,.F.);
#7538=ORIENTED_EDGE('',*,*,#5517,.F.);
#7539=ORIENTED_EDGE('',*,*,#5520,.F.);
#7540=ORIENTED_EDGE('',*,*,#5523,.F.);
#7541=ORIENTED_EDGE('',*,*,#5526,.F.);
#7542=ORIENTED_EDGE('',*,*,#5529,.F.);
#7543=ORIENTED_EDGE('',*,*,#5532,.F.);
#7544=ORIENTED_EDGE('',*,*,#5535,.F.);
#7545=ORIENTED_EDGE('',*,*,#5538,.F.);
#7546=ORIENTED_EDGE('',*,*,#5541,.F.);
#7547=ORIENTED_EDGE('',*,*,#5544,.F.);
#7548=ORIENTED_EDGE('',*,*,#5547,.F.);
#7549=ORIENTED_EDGE('',*,*,#5548,.T.);
#7550=ORIENTED_EDGE('',*,*,#5549,.T.);
#7551=ORIENTED_EDGE('',*,*,#5550,.F.);
#7552=ORIENTED_EDGE('',*,*,#5551,.F.);
#7553=ORIENTED_EDGE('',*,*,#5552,.T.);
#7554=ORIENTED_EDGE('',*,*,#5553,.T.);
#7555=ORIENTED_EDGE('',*,*,#5548,.F.);
#7556=ORIENTED_EDGE('',*,*,#5554,.F.);
#7557=ORIENTED_EDGE('',*,*,#5555,.T.);
#7558=ORIENTED_EDGE('',*,*,#5556,.T.);
#7559=ORIENTED_EDGE('',*,*,#5552,.F.);
#7560=ORIENTED_EDGE('',*,*,#5557,.F.);
#7561=ORIENTED_EDGE('',*,*,#5558,.T.);
#7562=ORIENTED_EDGE('',*,*,#5559,.T.);
#7563=ORIENTED_EDGE('',*,*,#5555,.F.);
#7564=ORIENTED_EDGE('',*,*,#5560,.F.);
#7565=ORIENTED_EDGE('',*,*,#5561,.T.);
#7566=ORIENTED_EDGE('',*,*,#5562,.T.);
#7567=ORIENTED_EDGE('',*,*,#5558,.F.);
#7568=ORIENTED_EDGE('',*,*,#5563,.F.);
#7569=ORIENTED_EDGE('',*,*,#5564,.T.);
#7570=ORIENTED_EDGE('',*,*,#5565,.T.);
#7571=ORIENTED_EDGE('',*,*,#5561,.F.);
#7572=ORIENTED_EDGE('',*,*,#5566,.F.);
#7573=ORIENTED_EDGE('',*,*,#5567,.T.);
#7574=ORIENTED_EDGE('',*,*,#5568,.T.);
#7575=ORIENTED_EDGE('',*,*,#5564,.F.);
#7576=ORIENTED_EDGE('',*,*,#5569,.F.);
#7577=ORIENTED_EDGE('',*,*,#5570,.T.);
#7578=ORIENTED_EDGE('',*,*,#5571,.T.);
#7579=ORIENTED_EDGE('',*,*,#5567,.F.);
#7580=ORIENTED_EDGE('',*,*,#5572,.F.);
#7581=ORIENTED_EDGE('',*,*,#5573,.T.);
#7582=ORIENTED_EDGE('',*,*,#5574,.T.);
#7583=ORIENTED_EDGE('',*,*,#5570,.F.);
#7584=ORIENTED_EDGE('',*,*,#5575,.F.);
#7585=ORIENTED_EDGE('',*,*,#5576,.T.);
#7586=ORIENTED_EDGE('',*,*,#5577,.T.);
#7587=ORIENTED_EDGE('',*,*,#5573,.F.);
#7588=ORIENTED_EDGE('',*,*,#5578,.F.);
#7589=ORIENTED_EDGE('',*,*,#5579,.T.);
#7590=ORIENTED_EDGE('',*,*,#5580,.T.);
#7591=ORIENTED_EDGE('',*,*,#5576,.F.);
#7592=ORIENTED_EDGE('',*,*,#5581,.F.);
#7593=ORIENTED_EDGE('',*,*,#5550,.T.);
#7594=ORIENTED_EDGE('',*,*,#5582,.T.);
#7595=ORIENTED_EDGE('',*,*,#5579,.F.);
#7596=ORIENTED_EDGE('',*,*,#5582,.F.);
#7597=ORIENTED_EDGE('',*,*,#5549,.F.);
#7598=ORIENTED_EDGE('',*,*,#5553,.F.);
#7599=ORIENTED_EDGE('',*,*,#5556,.F.);
#7600=ORIENTED_EDGE('',*,*,#5559,.F.);
#7601=ORIENTED_EDGE('',*,*,#5562,.F.);
#7602=ORIENTED_EDGE('',*,*,#5565,.F.);
#7603=ORIENTED_EDGE('',*,*,#5568,.F.);
#7604=ORIENTED_EDGE('',*,*,#5571,.F.);
#7605=ORIENTED_EDGE('',*,*,#5574,.F.);
#7606=ORIENTED_EDGE('',*,*,#5577,.F.);
#7607=ORIENTED_EDGE('',*,*,#5580,.F.);
#7608=ORIENTED_EDGE('',*,*,#5388,.T.);
#7609=ORIENTED_EDGE('',*,*,#5410,.T.);
#7610=ORIENTED_EDGE('',*,*,#5407,.T.);
#7611=ORIENTED_EDGE('',*,*,#5404,.T.);
#7612=ORIENTED_EDGE('',*,*,#5401,.T.);
#7613=ORIENTED_EDGE('',*,*,#5398,.T.);
#7614=ORIENTED_EDGE('',*,*,#5395,.T.);
#7615=ORIENTED_EDGE('',*,*,#5392,.T.);
#7616=ORIENTED_EDGE('',*,*,#5328,.T.);
#7617=ORIENTED_EDGE('',*,*,#5350,.T.);
#7618=ORIENTED_EDGE('',*,*,#5347,.T.);
#7619=ORIENTED_EDGE('',*,*,#5344,.T.);
#7620=ORIENTED_EDGE('',*,*,#5341,.T.);
#7621=ORIENTED_EDGE('',*,*,#5338,.T.);
#7622=ORIENTED_EDGE('',*,*,#5335,.T.);
#7623=ORIENTED_EDGE('',*,*,#5332,.T.);
#7624=ORIENTED_EDGE('',*,*,#5256,.T.);
#7625=ORIENTED_EDGE('',*,*,#5278,.T.);
#7626=ORIENTED_EDGE('',*,*,#5275,.T.);
#7627=ORIENTED_EDGE('',*,*,#5272,.T.);
#7628=ORIENTED_EDGE('',*,*,#5269,.T.);
#7629=ORIENTED_EDGE('',*,*,#5266,.T.);
#7630=ORIENTED_EDGE('',*,*,#5263,.T.);
#7631=ORIENTED_EDGE('',*,*,#5260,.T.);
#7632=ORIENTED_EDGE('',*,*,#4905,.T.);
#7633=ORIENTED_EDGE('',*,*,#4927,.T.);
#7634=ORIENTED_EDGE('',*,*,#4924,.T.);
#7635=ORIENTED_EDGE('',*,*,#4921,.T.);
#7636=ORIENTED_EDGE('',*,*,#4918,.T.);
#7637=ORIENTED_EDGE('',*,*,#4915,.T.);
#7638=ORIENTED_EDGE('',*,*,#4912,.T.);
#7639=ORIENTED_EDGE('',*,*,#4909,.T.);
#7640=ORIENTED_EDGE('',*,*,#4821,.T.);
#7641=ORIENTED_EDGE('',*,*,#4846,.T.);
#7642=ORIENTED_EDGE('',*,*,#4843,.T.);
#7643=ORIENTED_EDGE('',*,*,#4840,.T.);
#7644=ORIENTED_EDGE('',*,*,#4837,.T.);
#7645=ORIENTED_EDGE('',*,*,#4834,.T.);
#7646=ORIENTED_EDGE('',*,*,#4831,.T.);
#7647=ORIENTED_EDGE('',*,*,#4828,.T.);
#7648=ORIENTED_EDGE('',*,*,#4825,.T.);
#7649=ORIENTED_EDGE('',*,*,#4782,.T.);
#7650=ORIENTED_EDGE('',*,*,#4795,.T.);
#7651=ORIENTED_EDGE('',*,*,#4792,.T.);
#7652=ORIENTED_EDGE('',*,*,#4789,.T.);
#7653=ORIENTED_EDGE('',*,*,#4786,.T.);
#7654=ORIENTED_EDGE('',*,*,#4722,.T.);
#7655=ORIENTED_EDGE('',*,*,#4744,.T.);
#7656=ORIENTED_EDGE('',*,*,#4741,.T.);
#7657=ORIENTED_EDGE('',*,*,#4738,.T.);
#7658=ORIENTED_EDGE('',*,*,#4735,.T.);
#7659=ORIENTED_EDGE('',*,*,#4732,.T.);
#7660=ORIENTED_EDGE('',*,*,#4729,.T.);
#7661=ORIENTED_EDGE('',*,*,#4726,.T.);
#7662=ORIENTED_EDGE('',*,*,#4653,.T.);
#7663=ORIENTED_EDGE('',*,*,#4660,.T.);
#7664=ORIENTED_EDGE('',*,*,#4657,.T.);
#7665=ORIENTED_EDGE('',*,*,#4512,.T.);
#7666=ORIENTED_EDGE('',*,*,#4537,.T.);
#7667=ORIENTED_EDGE('',*,*,#4534,.T.);
#7668=ORIENTED_EDGE('',*,*,#4531,.T.);
#7669=ORIENTED_EDGE('',*,*,#4528,.T.);
#7670=ORIENTED_EDGE('',*,*,#4525,.T.);
#7671=ORIENTED_EDGE('',*,*,#4522,.T.);
#7672=ORIENTED_EDGE('',*,*,#4519,.T.);
#7673=ORIENTED_EDGE('',*,*,#4516,.T.);
#7674=ORIENTED_EDGE('',*,*,#5583,.F.);
#7675=ORIENTED_EDGE('',*,*,#5584,.F.);
#7676=ORIENTED_EDGE('',*,*,#5585,.T.);
#7677=ORIENTED_EDGE('',*,*,#5586,.F.);
#7678=ORIENTED_EDGE('',*,*,#5587,.F.);
#7679=ORIENTED_EDGE('',*,*,#5586,.T.);
#7680=ORIENTED_EDGE('',*,*,#5588,.T.);
#7681=ORIENTED_EDGE('',*,*,#5589,.F.);
#7682=ORIENTED_EDGE('',*,*,#5590,.F.);
#7683=ORIENTED_EDGE('',*,*,#5591,.T.);
#7684=ORIENTED_EDGE('',*,*,#5592,.T.);
#7685=ORIENTED_EDGE('',*,*,#5593,.F.);
#7686=ORIENTED_EDGE('',*,*,#5594,.F.);
#7687=ORIENTED_EDGE('',*,*,#5595,.F.);
#7688=ORIENTED_EDGE('',*,*,#5596,.T.);
#7689=ORIENTED_EDGE('',*,*,#5591,.F.);
#7690=ORIENTED_EDGE('',*,*,#5597,.F.);
#7691=ORIENTED_EDGE('',*,*,#5598,.T.);
#7692=ORIENTED_EDGE('',*,*,#5599,.T.);
#7693=ORIENTED_EDGE('',*,*,#5600,.F.);
#7694=ORIENTED_EDGE('',*,*,#5601,.F.);
#7695=ORIENTED_EDGE('',*,*,#5602,.F.);
#7696=ORIENTED_EDGE('',*,*,#5603,.T.);
#7697=ORIENTED_EDGE('',*,*,#5598,.F.);
#7698=ORIENTED_EDGE('',*,*,#5604,.F.);
#7699=ORIENTED_EDGE('',*,*,#5605,.F.);
#7700=ORIENTED_EDGE('',*,*,#5606,.T.);
#7701=ORIENTED_EDGE('',*,*,#5607,.F.);
#7702=ORIENTED_EDGE('',*,*,#5608,.F.);
#7703=ORIENTED_EDGE('',*,*,#5607,.T.);
#7704=ORIENTED_EDGE('',*,*,#5609,.T.);
#7705=ORIENTED_EDGE('',*,*,#5610,.F.);
#7706=ORIENTED_EDGE('',*,*,#5583,.T.);
#7707=ORIENTED_EDGE('',*,*,#5587,.T.);
#7708=ORIENTED_EDGE('',*,*,#5611,.T.);
#7709=ORIENTED_EDGE('',*,*,#5612,.F.);
#7710=ORIENTED_EDGE('',*,*,#5613,.F.);
#7711=ORIENTED_EDGE('',*,*,#5614,.T.);
#7712=ORIENTED_EDGE('',*,*,#5593,.T.);
#7713=ORIENTED_EDGE('',*,*,#5615,.F.);
#7714=ORIENTED_EDGE('',*,*,#5616,.F.);
#7715=ORIENTED_EDGE('',*,*,#5617,.T.);
#7716=ORIENTED_EDGE('',*,*,#5600,.T.);
#7717=ORIENTED_EDGE('',*,*,#5618,.T.);
#7718=ORIENTED_EDGE('',*,*,#5619,.F.);
#7719=ORIENTED_EDGE('',*,*,#5620,.F.);
#7720=ORIENTED_EDGE('',*,*,#5604,.T.);
#7721=ORIENTED_EDGE('',*,*,#5608,.T.);
#7722=ORIENTED_EDGE('',*,*,#5621,.T.);
#7723=ORIENTED_EDGE('',*,*,#5622,.T.);
#7724=ORIENTED_EDGE('',*,*,#5623,.F.);
#7725=ORIENTED_EDGE('',*,*,#5624,.F.);
#7726=ORIENTED_EDGE('',*,*,#5625,.F.);
#7727=ORIENTED_EDGE('',*,*,#5626,.T.);
#7728=ORIENTED_EDGE('',*,*,#5627,.T.);
#7729=ORIENTED_EDGE('',*,*,#5626,.F.);
#7730=ORIENTED_EDGE('',*,*,#5627,.F.);
#7731=ORIENTED_EDGE('',*,*,#5628,.F.);
#7732=ORIENTED_EDGE('',*,*,#5629,.T.);
#7733=ORIENTED_EDGE('',*,*,#5630,.T.);
#7734=ORIENTED_EDGE('',*,*,#5629,.F.);
#7735=ORIENTED_EDGE('',*,*,#5630,.F.);
#7736=ORIENTED_EDGE('',*,*,#5631,.F.);
#7737=ORIENTED_EDGE('',*,*,#5632,.T.);
#7738=ORIENTED_EDGE('',*,*,#5633,.T.);
#7739=ORIENTED_EDGE('',*,*,#5632,.F.);
#7740=ORIENTED_EDGE('',*,*,#5633,.F.);
#7741=ORIENTED_EDGE('',*,*,#5634,.F.);
#7742=ORIENTED_EDGE('',*,*,#5635,.T.);
#7743=ORIENTED_EDGE('',*,*,#5636,.T.);
#7744=ORIENTED_EDGE('',*,*,#5635,.F.);
#7745=ORIENTED_EDGE('',*,*,#5636,.F.);
#7746=ORIENTED_EDGE('',*,*,#5637,.F.);
#7747=ORIENTED_EDGE('',*,*,#5638,.T.);
#7748=ORIENTED_EDGE('',*,*,#5639,.T.);
#7749=ORIENTED_EDGE('',*,*,#5638,.F.);
#7750=ORIENTED_EDGE('',*,*,#5639,.F.);
#7751=ORIENTED_EDGE('',*,*,#5640,.F.);
#7752=ORIENTED_EDGE('',*,*,#5641,.T.);
#7753=ORIENTED_EDGE('',*,*,#5642,.T.);
#7754=ORIENTED_EDGE('',*,*,#5641,.F.);
#7755=ORIENTED_EDGE('',*,*,#5642,.F.);
#7756=ORIENTED_EDGE('',*,*,#5643,.F.);
#7757=ORIENTED_EDGE('',*,*,#5644,.T.);
#7758=ORIENTED_EDGE('',*,*,#5645,.T.);
#7759=ORIENTED_EDGE('',*,*,#5644,.F.);
#7760=ORIENTED_EDGE('',*,*,#5645,.F.);
#7761=ORIENTED_EDGE('',*,*,#5646,.F.);
#7762=ORIENTED_EDGE('',*,*,#5647,.T.);
#7763=ORIENTED_EDGE('',*,*,#5648,.T.);
#7764=ORIENTED_EDGE('',*,*,#5647,.F.);
#7765=ORIENTED_EDGE('',*,*,#5648,.F.);
#7766=ORIENTED_EDGE('',*,*,#5649,.F.);
#7767=ORIENTED_EDGE('',*,*,#5650,.T.);
#7768=ORIENTED_EDGE('',*,*,#5651,.T.);
#7769=ORIENTED_EDGE('',*,*,#5650,.F.);
#7770=ORIENTED_EDGE('',*,*,#5651,.F.);
#7771=ORIENTED_EDGE('',*,*,#5652,.F.);
#7772=ORIENTED_EDGE('',*,*,#5653,.T.);
#7773=ORIENTED_EDGE('',*,*,#5654,.T.);
#7774=ORIENTED_EDGE('',*,*,#5653,.F.);
#7775=ORIENTED_EDGE('',*,*,#5654,.F.);
#7776=ORIENTED_EDGE('',*,*,#5655,.F.);
#7777=ORIENTED_EDGE('',*,*,#5656,.T.);
#7778=ORIENTED_EDGE('',*,*,#5657,.T.);
#7779=ORIENTED_EDGE('',*,*,#5656,.F.);
#7780=ORIENTED_EDGE('',*,*,#5657,.F.);
#7781=ORIENTED_EDGE('',*,*,#5658,.F.);
#7782=ORIENTED_EDGE('',*,*,#5659,.T.);
#7783=ORIENTED_EDGE('',*,*,#5660,.T.);
#7784=ORIENTED_EDGE('',*,*,#5659,.F.);
#7785=ORIENTED_EDGE('',*,*,#5660,.F.);
#7786=ORIENTED_EDGE('',*,*,#5661,.F.);
#7787=ORIENTED_EDGE('',*,*,#5662,.T.);
#7788=ORIENTED_EDGE('',*,*,#5663,.T.);
#7789=ORIENTED_EDGE('',*,*,#5662,.F.);
#7790=ORIENTED_EDGE('',*,*,#5663,.F.);
#7791=ORIENTED_EDGE('',*,*,#5664,.F.);
#7792=ORIENTED_EDGE('',*,*,#5665,.T.);
#7793=ORIENTED_EDGE('',*,*,#5666,.T.);
#7794=ORIENTED_EDGE('',*,*,#5665,.F.);
#7795=ORIENTED_EDGE('',*,*,#5666,.F.);
#7796=ORIENTED_EDGE('',*,*,#5667,.F.);
#7797=ORIENTED_EDGE('',*,*,#5668,.T.);
#7798=ORIENTED_EDGE('',*,*,#5669,.T.);
#7799=ORIENTED_EDGE('',*,*,#5668,.F.);
#7800=ORIENTED_EDGE('',*,*,#5669,.F.);
#7801=ORIENTED_EDGE('',*,*,#5670,.F.);
#7802=ORIENTED_EDGE('',*,*,#5671,.T.);
#7803=ORIENTED_EDGE('',*,*,#5672,.T.);
#7804=ORIENTED_EDGE('',*,*,#5671,.F.);
#7805=ORIENTED_EDGE('',*,*,#5672,.F.);
#7806=ORIENTED_EDGE('',*,*,#5673,.F.);
#7807=ORIENTED_EDGE('',*,*,#5674,.T.);
#7808=ORIENTED_EDGE('',*,*,#5675,.T.);
#7809=ORIENTED_EDGE('',*,*,#5674,.F.);
#7810=ORIENTED_EDGE('',*,*,#5675,.F.);
#7811=ORIENTED_EDGE('',*,*,#5676,.F.);
#7812=ORIENTED_EDGE('',*,*,#5677,.T.);
#7813=ORIENTED_EDGE('',*,*,#5678,.T.);
#7814=ORIENTED_EDGE('',*,*,#5677,.F.);
#7815=ORIENTED_EDGE('',*,*,#5678,.F.);
#7816=ORIENTED_EDGE('',*,*,#5679,.F.);
#7817=ORIENTED_EDGE('',*,*,#5680,.T.);
#7818=ORIENTED_EDGE('',*,*,#5681,.T.);
#7819=ORIENTED_EDGE('',*,*,#5680,.F.);
#7820=ORIENTED_EDGE('',*,*,#5681,.F.);
#7821=ORIENTED_EDGE('',*,*,#5682,.F.);
#7822=ORIENTED_EDGE('',*,*,#5683,.T.);
#7823=ORIENTED_EDGE('',*,*,#5684,.T.);
#7824=ORIENTED_EDGE('',*,*,#5683,.F.);
#7825=ORIENTED_EDGE('',*,*,#5684,.F.);
#7826=ORIENTED_EDGE('',*,*,#5685,.F.);
#7827=ORIENTED_EDGE('',*,*,#5686,.T.);
#7828=ORIENTED_EDGE('',*,*,#5687,.T.);
#7829=ORIENTED_EDGE('',*,*,#5686,.F.);
#7830=ORIENTED_EDGE('',*,*,#5687,.F.);
#7831=ORIENTED_EDGE('',*,*,#5688,.F.);
#7832=ORIENTED_EDGE('',*,*,#5689,.T.);
#7833=ORIENTED_EDGE('',*,*,#5690,.T.);
#7834=ORIENTED_EDGE('',*,*,#5689,.F.);
#7835=ORIENTED_EDGE('',*,*,#5690,.F.);
#7836=ORIENTED_EDGE('',*,*,#5691,.F.);
#7837=ORIENTED_EDGE('',*,*,#5692,.T.);
#7838=ORIENTED_EDGE('',*,*,#5693,.T.);
#7839=ORIENTED_EDGE('',*,*,#5692,.F.);
#7840=ORIENTED_EDGE('',*,*,#5693,.F.);
#7841=ORIENTED_EDGE('',*,*,#5694,.F.);
#7842=ORIENTED_EDGE('',*,*,#5695,.T.);
#7843=ORIENTED_EDGE('',*,*,#5696,.T.);
#7844=ORIENTED_EDGE('',*,*,#5695,.F.);
#7845=ORIENTED_EDGE('',*,*,#5696,.F.);
#7846=ORIENTED_EDGE('',*,*,#5697,.F.);
#7847=ORIENTED_EDGE('',*,*,#5698,.T.);
#7848=ORIENTED_EDGE('',*,*,#5699,.T.);
#7849=ORIENTED_EDGE('',*,*,#5698,.F.);
#7850=ORIENTED_EDGE('',*,*,#5699,.F.);
#7851=ORIENTED_EDGE('',*,*,#5700,.F.);
#7852=ORIENTED_EDGE('',*,*,#5701,.T.);
#7853=ORIENTED_EDGE('',*,*,#5702,.T.);
#7854=ORIENTED_EDGE('',*,*,#5701,.F.);
#7855=ORIENTED_EDGE('',*,*,#5702,.F.);
#7856=ORIENTED_EDGE('',*,*,#5703,.F.);
#7857=ORIENTED_EDGE('',*,*,#5704,.T.);
#7858=ORIENTED_EDGE('',*,*,#5705,.T.);
#7859=ORIENTED_EDGE('',*,*,#5704,.F.);
#7860=ORIENTED_EDGE('',*,*,#5705,.F.);
#7861=ORIENTED_EDGE('',*,*,#5706,.F.);
#7862=ORIENTED_EDGE('',*,*,#5707,.T.);
#7863=ORIENTED_EDGE('',*,*,#5708,.T.);
#7864=ORIENTED_EDGE('',*,*,#5707,.F.);
#7865=ORIENTED_EDGE('',*,*,#5708,.F.);
#7866=ORIENTED_EDGE('',*,*,#5709,.F.);
#7867=ORIENTED_EDGE('',*,*,#5710,.T.);
#7868=ORIENTED_EDGE('',*,*,#5711,.T.);
#7869=ORIENTED_EDGE('',*,*,#5710,.F.);
#7870=ORIENTED_EDGE('',*,*,#5711,.F.);
#7871=ORIENTED_EDGE('',*,*,#5712,.F.);
#7872=ORIENTED_EDGE('',*,*,#5713,.T.);
#7873=ORIENTED_EDGE('',*,*,#5714,.T.);
#7874=ORIENTED_EDGE('',*,*,#5713,.F.);
#7875=ORIENTED_EDGE('',*,*,#5714,.F.);
#7876=ORIENTED_EDGE('',*,*,#5715,.F.);
#7877=ORIENTED_EDGE('',*,*,#5716,.T.);
#7878=ORIENTED_EDGE('',*,*,#5717,.T.);
#7879=ORIENTED_EDGE('',*,*,#5716,.F.);
#7880=ORIENTED_EDGE('',*,*,#5717,.F.);
#7881=ORIENTED_EDGE('',*,*,#5718,.F.);
#7882=ORIENTED_EDGE('',*,*,#5719,.T.);
#7883=ORIENTED_EDGE('',*,*,#5720,.T.);
#7884=ORIENTED_EDGE('',*,*,#5719,.F.);
#7885=ORIENTED_EDGE('',*,*,#5720,.F.);
#7886=ORIENTED_EDGE('',*,*,#5721,.F.);
#7887=ORIENTED_EDGE('',*,*,#5722,.T.);
#7888=ORIENTED_EDGE('',*,*,#5723,.T.);
#7889=ORIENTED_EDGE('',*,*,#5722,.F.);
#7890=ORIENTED_EDGE('',*,*,#5723,.F.);
#7891=ORIENTED_EDGE('',*,*,#5724,.F.);
#7892=ORIENTED_EDGE('',*,*,#5725,.T.);
#7893=ORIENTED_EDGE('',*,*,#5726,.T.);
#7894=ORIENTED_EDGE('',*,*,#5725,.F.);
#7895=ORIENTED_EDGE('',*,*,#5726,.F.);
#7896=ORIENTED_EDGE('',*,*,#5727,.F.);
#7897=ORIENTED_EDGE('',*,*,#5728,.T.);
#7898=ORIENTED_EDGE('',*,*,#5729,.T.);
#7899=ORIENTED_EDGE('',*,*,#5728,.F.);
#7900=ORIENTED_EDGE('',*,*,#5729,.F.);
#7901=ORIENTED_EDGE('',*,*,#5730,.F.);
#7902=ORIENTED_EDGE('',*,*,#5731,.T.);
#7903=ORIENTED_EDGE('',*,*,#5732,.T.);
#7904=ORIENTED_EDGE('',*,*,#5731,.F.);
#7905=ORIENTED_EDGE('',*,*,#5732,.F.);
#7906=ORIENTED_EDGE('',*,*,#5733,.F.);
#7907=ORIENTED_EDGE('',*,*,#5734,.T.);
#7908=ORIENTED_EDGE('',*,*,#5735,.T.);
#7909=ORIENTED_EDGE('',*,*,#5734,.F.);
#7910=ORIENTED_EDGE('',*,*,#5735,.F.);
#7911=ORIENTED_EDGE('',*,*,#5736,.F.);
#7912=ORIENTED_EDGE('',*,*,#5737,.T.);
#7913=ORIENTED_EDGE('',*,*,#5738,.T.);
#7914=ORIENTED_EDGE('',*,*,#5737,.F.);
#7915=ORIENTED_EDGE('',*,*,#5738,.F.);
#7916=ORIENTED_EDGE('',*,*,#5739,.F.);
#7917=ORIENTED_EDGE('',*,*,#5740,.T.);
#7918=ORIENTED_EDGE('',*,*,#5741,.T.);
#7919=ORIENTED_EDGE('',*,*,#5740,.F.);
#7920=ORIENTED_EDGE('',*,*,#5741,.F.);
#7921=ORIENTED_EDGE('',*,*,#5742,.F.);
#7922=ORIENTED_EDGE('',*,*,#5743,.T.);
#7923=ORIENTED_EDGE('',*,*,#5744,.T.);
#7924=ORIENTED_EDGE('',*,*,#5743,.F.);
#7925=ORIENTED_EDGE('',*,*,#5744,.F.);
#7926=ORIENTED_EDGE('',*,*,#5745,.F.);
#7927=ORIENTED_EDGE('',*,*,#5746,.T.);
#7928=ORIENTED_EDGE('',*,*,#5747,.T.);
#7929=ORIENTED_EDGE('',*,*,#5746,.F.);
#7930=ORIENTED_EDGE('',*,*,#5747,.F.);
#7931=ORIENTED_EDGE('',*,*,#5748,.F.);
#7932=ORIENTED_EDGE('',*,*,#5749,.T.);
#7933=ORIENTED_EDGE('',*,*,#5750,.T.);
#7934=ORIENTED_EDGE('',*,*,#5749,.F.);
#7935=ORIENTED_EDGE('',*,*,#5750,.F.);
#7936=ORIENTED_EDGE('',*,*,#5751,.F.);
#7937=ORIENTED_EDGE('',*,*,#5752,.T.);
#7938=ORIENTED_EDGE('',*,*,#5753,.T.);
#7939=ORIENTED_EDGE('',*,*,#5752,.F.);
#7940=ORIENTED_EDGE('',*,*,#5753,.F.);
#7941=ORIENTED_EDGE('',*,*,#5754,.F.);
#7942=ORIENTED_EDGE('',*,*,#5755,.T.);
#7943=ORIENTED_EDGE('',*,*,#5756,.T.);
#7944=ORIENTED_EDGE('',*,*,#5755,.F.);
#7945=ORIENTED_EDGE('',*,*,#5756,.F.);
#7946=ORIENTED_EDGE('',*,*,#5757,.F.);
#7947=ORIENTED_EDGE('',*,*,#5758,.T.);
#7948=ORIENTED_EDGE('',*,*,#5759,.T.);
#7949=ORIENTED_EDGE('',*,*,#5758,.F.);
#7950=ORIENTED_EDGE('',*,*,#5759,.F.);
#7951=ORIENTED_EDGE('',*,*,#5760,.F.);
#7952=ORIENTED_EDGE('',*,*,#5761,.T.);
#7953=ORIENTED_EDGE('',*,*,#5762,.T.);
#7954=ORIENTED_EDGE('',*,*,#5761,.F.);
#7955=ORIENTED_EDGE('',*,*,#5762,.F.);
#7956=ORIENTED_EDGE('',*,*,#5763,.F.);
#7957=ORIENTED_EDGE('',*,*,#5764,.T.);
#7958=ORIENTED_EDGE('',*,*,#5765,.T.);
#7959=ORIENTED_EDGE('',*,*,#5764,.F.);
#7960=ORIENTED_EDGE('',*,*,#5765,.F.);
#7961=ORIENTED_EDGE('',*,*,#5766,.F.);
#7962=ORIENTED_EDGE('',*,*,#5767,.T.);
#7963=ORIENTED_EDGE('',*,*,#5768,.T.);
#7964=ORIENTED_EDGE('',*,*,#5767,.F.);
#7965=ORIENTED_EDGE('',*,*,#5768,.F.);
#7966=ORIENTED_EDGE('',*,*,#5769,.F.);
#7967=ORIENTED_EDGE('',*,*,#5770,.T.);
#7968=ORIENTED_EDGE('',*,*,#5771,.F.);
#7969=ORIENTED_EDGE('',*,*,#5770,.F.);
#7970=ORIENTED_EDGE('',*,*,#5769,.T.);
#7971=ORIENTED_EDGE('',*,*,#5772,.F.);
#7972=ORIENTED_EDGE('',*,*,#5773,.T.);
#7973=ORIENTED_EDGE('',*,*,#5774,.F.);
#7974=ORIENTED_EDGE('',*,*,#5773,.F.);
#7975=ORIENTED_EDGE('',*,*,#5772,.T.);
#7976=ORIENTED_EDGE('',*,*,#5775,.F.);
#7977=ORIENTED_EDGE('',*,*,#5776,.T.);
#7978=ORIENTED_EDGE('',*,*,#5777,.F.);
#7979=ORIENTED_EDGE('',*,*,#5776,.F.);
#7980=ORIENTED_EDGE('',*,*,#5775,.T.);
#7981=ORIENTED_EDGE('',*,*,#5778,.F.);
#7982=ORIENTED_EDGE('',*,*,#5779,.T.);
#7983=ORIENTED_EDGE('',*,*,#5780,.F.);
#7984=ORIENTED_EDGE('',*,*,#5779,.F.);
#7985=ORIENTED_EDGE('',*,*,#5778,.T.);
#7986=ORIENTED_EDGE('',*,*,#5781,.F.);
#7987=ORIENTED_EDGE('',*,*,#5782,.T.);
#7988=ORIENTED_EDGE('',*,*,#5783,.F.);
#7989=ORIENTED_EDGE('',*,*,#5782,.F.);
#7990=ORIENTED_EDGE('',*,*,#5781,.T.);
#7991=ORIENTED_EDGE('',*,*,#5784,.F.);
#7992=ORIENTED_EDGE('',*,*,#5785,.T.);
#7993=ORIENTED_EDGE('',*,*,#5786,.F.);
#7994=ORIENTED_EDGE('',*,*,#5785,.F.);
#7995=ORIENTED_EDGE('',*,*,#5784,.T.);
#7996=ORIENTED_EDGE('',*,*,#5787,.F.);
#7997=ORIENTED_EDGE('',*,*,#5788,.T.);
#7998=ORIENTED_EDGE('',*,*,#5789,.F.);
#7999=ORIENTED_EDGE('',*,*,#5788,.F.);
#8000=ORIENTED_EDGE('',*,*,#5787,.T.);
#8001=ORIENTED_EDGE('',*,*,#5790,.F.);
#8002=ORIENTED_EDGE('',*,*,#5791,.T.);
#8003=ORIENTED_EDGE('',*,*,#5792,.F.);
#8004=ORIENTED_EDGE('',*,*,#5791,.F.);
#8005=ORIENTED_EDGE('',*,*,#5790,.T.);
#8006=ORIENTED_EDGE('',*,*,#5602,.T.);
#8007=ORIENTED_EDGE('',*,*,#5793,.F.);
#8008=ORIENTED_EDGE('',*,*,#5794,.F.);
#8009=ORIENTED_EDGE('',*,*,#5795,.T.);
#8010=ORIENTED_EDGE('',*,*,#5589,.T.);
#8011=ORIENTED_EDGE('',*,*,#5796,.F.);
#8012=ORIENTED_EDGE('',*,*,#5797,.F.);
#8013=ORIENTED_EDGE('',*,*,#5611,.F.);
#8014=ORIENTED_EDGE('',*,*,#5595,.T.);
#8015=ORIENTED_EDGE('',*,*,#5798,.F.);
#8016=ORIENTED_EDGE('',*,*,#5799,.F.);
#8017=ORIENTED_EDGE('',*,*,#5800,.F.);
#8018=ORIENTED_EDGE('',*,*,#5610,.T.);
#8019=ORIENTED_EDGE('',*,*,#5801,.T.);
#8020=ORIENTED_EDGE('',*,*,#5802,.F.);
#8021=ORIENTED_EDGE('',*,*,#5621,.F.);
#8022=ORIENTED_EDGE('',*,*,#5802,.T.);
#8023=ORIENTED_EDGE('',*,*,#5803,.T.);
#8024=ORIENTED_EDGE('',*,*,#5799,.T.);
#8025=ORIENTED_EDGE('',*,*,#5804,.F.);
#8026=ORIENTED_EDGE('',*,*,#5805,.F.);
#8027=ORIENTED_EDGE('',*,*,#5806,.T.);
#8028=ORIENTED_EDGE('',*,*,#5807,.F.);
#8029=ORIENTED_EDGE('',*,*,#5622,.F.);
#8030=ORIENTED_EDGE('',*,*,#5590,.T.);
#8031=ORIENTED_EDGE('',*,*,#5617,.F.);
#8032=ORIENTED_EDGE('',*,*,#5808,.F.);
#8033=ORIENTED_EDGE('',*,*,#5804,.T.);
#8034=ORIENTED_EDGE('',*,*,#5798,.T.);
#8035=ORIENTED_EDGE('',*,*,#5594,.T.);
#8036=ORIENTED_EDGE('',*,*,#5797,.T.);
#8037=ORIENTED_EDGE('',*,*,#5809,.T.);
#8038=ORIENTED_EDGE('',*,*,#5794,.T.);
#8039=ORIENTED_EDGE('',*,*,#5810,.T.);
#8040=ORIENTED_EDGE('',*,*,#5811,.F.);
#8041=ORIENTED_EDGE('',*,*,#5812,.F.);
#8042=ORIENTED_EDGE('',*,*,#5813,.F.);
#8043=ORIENTED_EDGE('',*,*,#5612,.T.);
#8044=ORIENTED_EDGE('',*,*,#5584,.T.);
#8045=ORIENTED_EDGE('',*,*,#5614,.F.);
#8046=ORIENTED_EDGE('',*,*,#5814,.F.);
#8047=ORIENTED_EDGE('',*,*,#5815,.T.);
#8048=ORIENTED_EDGE('',*,*,#5597,.T.);
#8049=ORIENTED_EDGE('',*,*,#5620,.T.);
#8050=ORIENTED_EDGE('',*,*,#5816,.F.);
#8051=ORIENTED_EDGE('',*,*,#5810,.F.);
#8052=ORIENTED_EDGE('',*,*,#5793,.T.);
#8053=ORIENTED_EDGE('',*,*,#5601,.T.);
#8054=ORIENTED_EDGE('',*,*,#5817,.F.);
#8055=ORIENTED_EDGE('',*,*,#5812,.T.);
#8056=ORIENTED_EDGE('',*,*,#5818,.F.);
#8057=ORIENTED_EDGE('',*,*,#5806,.F.);
#8058=ORIENTED_EDGE('',*,*,#5625,.T.);
#8059=ORIENTED_EDGE('',*,*,#5628,.T.);
#8060=ORIENTED_EDGE('',*,*,#5631,.T.);
#8061=ORIENTED_EDGE('',*,*,#5634,.T.);
#8062=ORIENTED_EDGE('',*,*,#5637,.T.);
#8063=ORIENTED_EDGE('',*,*,#5640,.T.);
#8064=ORIENTED_EDGE('',*,*,#5643,.T.);
#8065=ORIENTED_EDGE('',*,*,#5646,.T.);
#8066=ORIENTED_EDGE('',*,*,#5649,.T.);
#8067=ORIENTED_EDGE('',*,*,#5652,.T.);
#8068=ORIENTED_EDGE('',*,*,#5655,.T.);
#8069=ORIENTED_EDGE('',*,*,#5658,.T.);
#8070=ORIENTED_EDGE('',*,*,#5661,.T.);
#8071=ORIENTED_EDGE('',*,*,#5664,.T.);
#8072=ORIENTED_EDGE('',*,*,#5667,.T.);
#8073=ORIENTED_EDGE('',*,*,#5670,.T.);
#8074=ORIENTED_EDGE('',*,*,#5673,.T.);
#8075=ORIENTED_EDGE('',*,*,#5676,.T.);
#8076=ORIENTED_EDGE('',*,*,#5679,.T.);
#8077=ORIENTED_EDGE('',*,*,#5682,.T.);
#8078=ORIENTED_EDGE('',*,*,#5685,.T.);
#8079=ORIENTED_EDGE('',*,*,#5688,.T.);
#8080=ORIENTED_EDGE('',*,*,#5691,.T.);
#8081=ORIENTED_EDGE('',*,*,#5694,.T.);
#8082=ORIENTED_EDGE('',*,*,#5697,.T.);
#8083=ORIENTED_EDGE('',*,*,#5700,.T.);
#8084=ORIENTED_EDGE('',*,*,#5703,.T.);
#8085=ORIENTED_EDGE('',*,*,#5706,.T.);
#8086=ORIENTED_EDGE('',*,*,#5709,.T.);
#8087=ORIENTED_EDGE('',*,*,#5712,.T.);
#8088=ORIENTED_EDGE('',*,*,#5715,.T.);
#8089=ORIENTED_EDGE('',*,*,#5718,.T.);
#8090=ORIENTED_EDGE('',*,*,#5721,.T.);
#8091=ORIENTED_EDGE('',*,*,#5724,.T.);
#8092=ORIENTED_EDGE('',*,*,#5727,.T.);
#8093=ORIENTED_EDGE('',*,*,#5730,.T.);
#8094=ORIENTED_EDGE('',*,*,#5733,.T.);
#8095=ORIENTED_EDGE('',*,*,#5736,.T.);
#8096=ORIENTED_EDGE('',*,*,#5739,.T.);
#8097=ORIENTED_EDGE('',*,*,#5742,.T.);
#8098=ORIENTED_EDGE('',*,*,#5745,.T.);
#8099=ORIENTED_EDGE('',*,*,#5748,.T.);
#8100=ORIENTED_EDGE('',*,*,#5751,.T.);
#8101=ORIENTED_EDGE('',*,*,#5754,.T.);
#8102=ORIENTED_EDGE('',*,*,#5757,.T.);
#8103=ORIENTED_EDGE('',*,*,#5760,.T.);
#8104=ORIENTED_EDGE('',*,*,#5763,.T.);
#8105=ORIENTED_EDGE('',*,*,#5766,.T.);
#8106=ORIENTED_EDGE('',*,*,#5605,.T.);
#8107=ORIENTED_EDGE('',*,*,#5624,.T.);
#8108=ORIENTED_EDGE('',*,*,#5819,.F.);
#8109=ORIENTED_EDGE('',*,*,#5820,.F.);
#8110=ORIENTED_EDGE('',*,*,#5820,.T.);
#8111=ORIENTED_EDGE('',*,*,#5821,.F.);
#8112=ORIENTED_EDGE('',*,*,#5618,.F.);
#8113=ORIENTED_EDGE('',*,*,#5599,.F.);
#8114=ORIENTED_EDGE('',*,*,#5603,.F.);
#8115=ORIENTED_EDGE('',*,*,#5795,.F.);
#8116=ORIENTED_EDGE('',*,*,#5809,.F.);
#8117=ORIENTED_EDGE('',*,*,#5796,.T.);
#8118=ORIENTED_EDGE('',*,*,#5588,.F.);
#8119=ORIENTED_EDGE('',*,*,#5585,.F.);
#8120=ORIENTED_EDGE('',*,*,#5815,.F.);
#8121=ORIENTED_EDGE('',*,*,#5822,.F.);
#8122=ORIENTED_EDGE('',*,*,#5615,.T.);
#8123=ORIENTED_EDGE('',*,*,#5592,.F.);
#8124=ORIENTED_EDGE('',*,*,#5596,.F.);
#8125=ORIENTED_EDGE('',*,*,#5800,.T.);
#8126=ORIENTED_EDGE('',*,*,#5803,.F.);
#8127=ORIENTED_EDGE('',*,*,#5801,.F.);
#8128=ORIENTED_EDGE('',*,*,#5609,.F.);
#8129=ORIENTED_EDGE('',*,*,#5606,.F.);
#8130=ORIENTED_EDGE('',*,*,#5771,.T.);
#8131=ORIENTED_EDGE('',*,*,#5774,.T.);
#8132=ORIENTED_EDGE('',*,*,#5777,.T.);
#8133=ORIENTED_EDGE('',*,*,#5780,.T.);
#8134=ORIENTED_EDGE('',*,*,#5783,.T.);
#8135=ORIENTED_EDGE('',*,*,#5786,.T.);
#8136=ORIENTED_EDGE('',*,*,#5789,.T.);
#8137=ORIENTED_EDGE('',*,*,#5792,.T.);
#8138=ORIENTED_EDGE('',*,*,#5619,.T.);
#8139=ORIENTED_EDGE('',*,*,#5821,.T.);
#8140=ORIENTED_EDGE('',*,*,#5819,.T.);
#8141=ORIENTED_EDGE('',*,*,#5623,.T.);
#8142=ORIENTED_EDGE('',*,*,#5807,.T.);
#8143=ORIENTED_EDGE('',*,*,#5818,.T.);
#8144=ORIENTED_EDGE('',*,*,#5811,.T.);
#8145=ORIENTED_EDGE('',*,*,#5816,.T.);
#8146=ORIENTED_EDGE('',*,*,#5814,.T.);
#8147=ORIENTED_EDGE('',*,*,#5613,.T.);
#8148=ORIENTED_EDGE('',*,*,#5813,.T.);
#8149=ORIENTED_EDGE('',*,*,#5817,.T.);
#8150=ORIENTED_EDGE('',*,*,#5805,.T.);
#8151=ORIENTED_EDGE('',*,*,#5808,.T.);
#8152=ORIENTED_EDGE('',*,*,#5616,.T.);
#8153=ORIENTED_EDGE('',*,*,#5822,.T.);
#8154=ORIENTED_EDGE('',*,*,#5547,.T.);
#8155=ORIENTED_EDGE('',*,*,#5581,.T.);
#8156=ORIENTED_EDGE('',*,*,#5578,.T.);
#8157=ORIENTED_EDGE('',*,*,#5575,.T.);
#8158=ORIENTED_EDGE('',*,*,#5572,.T.);
#8159=ORIENTED_EDGE('',*,*,#5569,.T.);
#8160=ORIENTED_EDGE('',*,*,#5566,.T.);
#8161=ORIENTED_EDGE('',*,*,#5563,.T.);
#8162=ORIENTED_EDGE('',*,*,#5560,.T.);
#8163=ORIENTED_EDGE('',*,*,#5557,.T.);
#8164=ORIENTED_EDGE('',*,*,#5554,.T.);
#8165=ORIENTED_EDGE('',*,*,#5551,.T.);
#8166=ORIENTED_EDGE('',*,*,#5496,.T.);
#8167=ORIENTED_EDGE('',*,*,#5545,.T.);
#8168=ORIENTED_EDGE('',*,*,#5542,.T.);
#8169=ORIENTED_EDGE('',*,*,#5539,.T.);
#8170=ORIENTED_EDGE('',*,*,#5536,.T.);
#8171=ORIENTED_EDGE('',*,*,#5533,.T.);
#8172=ORIENTED_EDGE('',*,*,#5530,.T.);
#8173=ORIENTED_EDGE('',*,*,#5527,.T.);
#8174=ORIENTED_EDGE('',*,*,#5524,.T.);
#8175=ORIENTED_EDGE('',*,*,#5521,.T.);
#8176=ORIENTED_EDGE('',*,*,#5518,.T.);
#8177=ORIENTED_EDGE('',*,*,#5515,.T.);
#8178=ORIENTED_EDGE('',*,*,#5512,.T.);
#8179=ORIENTED_EDGE('',*,*,#5509,.T.);
#8180=ORIENTED_EDGE('',*,*,#5506,.T.);
#8181=ORIENTED_EDGE('',*,*,#5503,.T.);
#8182=ORIENTED_EDGE('',*,*,#5500,.T.);
#8183=ORIENTED_EDGE('',*,*,#5460,.T.);
#8184=ORIENTED_EDGE('',*,*,#5494,.T.);
#8185=ORIENTED_EDGE('',*,*,#5491,.T.);
#8186=ORIENTED_EDGE('',*,*,#5488,.T.);
#8187=ORIENTED_EDGE('',*,*,#5485,.T.);
#8188=ORIENTED_EDGE('',*,*,#5482,.T.);
#8189=ORIENTED_EDGE('',*,*,#5479,.T.);
#8190=ORIENTED_EDGE('',*,*,#5476,.T.);
#8191=ORIENTED_EDGE('',*,*,#5473,.T.);
#8192=ORIENTED_EDGE('',*,*,#5470,.T.);
#8193=ORIENTED_EDGE('',*,*,#5467,.T.);
#8194=ORIENTED_EDGE('',*,*,#5464,.T.);
#8195=ORIENTED_EDGE('',*,*,#5448,.T.);
#8196=ORIENTED_EDGE('',*,*,#5458,.T.);
#8197=ORIENTED_EDGE('',*,*,#5455,.T.);
#8198=ORIENTED_EDGE('',*,*,#5452,.T.);
#8199=ORIENTED_EDGE('',*,*,#5412,.T.);
#8200=ORIENTED_EDGE('',*,*,#5446,.T.);
#8201=ORIENTED_EDGE('',*,*,#5443,.T.);
#8202=ORIENTED_EDGE('',*,*,#5440,.T.);
#8203=ORIENTED_EDGE('',*,*,#5437,.T.);
#8204=ORIENTED_EDGE('',*,*,#5434,.T.);
#8205=ORIENTED_EDGE('',*,*,#5431,.T.);
#8206=ORIENTED_EDGE('',*,*,#5428,.T.);
#8207=ORIENTED_EDGE('',*,*,#5425,.T.);
#8208=ORIENTED_EDGE('',*,*,#5422,.T.);
#8209=ORIENTED_EDGE('',*,*,#5419,.T.);
#8210=ORIENTED_EDGE('',*,*,#5416,.T.);
#8211=ORIENTED_EDGE('',*,*,#5352,.T.);
#8212=ORIENTED_EDGE('',*,*,#5386,.T.);
#8213=ORIENTED_EDGE('',*,*,#5383,.T.);
#8214=ORIENTED_EDGE('',*,*,#5380,.T.);
#8215=ORIENTED_EDGE('',*,*,#5377,.T.);
#8216=ORIENTED_EDGE('',*,*,#5374,.T.);
#8217=ORIENTED_EDGE('',*,*,#5371,.T.);
#8218=ORIENTED_EDGE('',*,*,#5368,.T.);
#8219=ORIENTED_EDGE('',*,*,#5365,.T.);
#8220=ORIENTED_EDGE('',*,*,#5362,.T.);
#8221=ORIENTED_EDGE('',*,*,#5359,.T.);
#8222=ORIENTED_EDGE('',*,*,#5356,.T.);
#8223=ORIENTED_EDGE('',*,*,#5316,.T.);
#8224=ORIENTED_EDGE('',*,*,#5326,.T.);
#8225=ORIENTED_EDGE('',*,*,#5323,.T.);
#8226=ORIENTED_EDGE('',*,*,#5320,.T.);
#8227=ORIENTED_EDGE('',*,*,#5280,.T.);
#8228=ORIENTED_EDGE('',*,*,#5314,.T.);
#8229=ORIENTED_EDGE('',*,*,#5311,.T.);
#8230=ORIENTED_EDGE('',*,*,#5308,.T.);
#8231=ORIENTED_EDGE('',*,*,#5305,.T.);
#8232=ORIENTED_EDGE('',*,*,#5302,.T.);
#8233=ORIENTED_EDGE('',*,*,#5299,.T.);
#8234=ORIENTED_EDGE('',*,*,#5296,.T.);
#8235=ORIENTED_EDGE('',*,*,#5293,.T.);
#8236=ORIENTED_EDGE('',*,*,#5290,.T.);
#8237=ORIENTED_EDGE('',*,*,#5287,.T.);
#8238=ORIENTED_EDGE('',*,*,#5284,.T.);
#8239=ORIENTED_EDGE('',*,*,#5190,.T.);
#8240=ORIENTED_EDGE('',*,*,#5254,.T.);
#8241=ORIENTED_EDGE('',*,*,#5251,.T.);
#8242=ORIENTED_EDGE('',*,*,#5248,.T.);
#8243=ORIENTED_EDGE('',*,*,#5245,.T.);
#8244=ORIENTED_EDGE('',*,*,#5242,.T.);
#8245=ORIENTED_EDGE('',*,*,#5239,.T.);
#8246=ORIENTED_EDGE('',*,*,#5236,.T.);
#8247=ORIENTED_EDGE('',*,*,#5233,.T.);
#8248=ORIENTED_EDGE('',*,*,#5230,.T.);
#8249=ORIENTED_EDGE('',*,*,#5227,.T.);
#8250=ORIENTED_EDGE('',*,*,#5224,.T.);
#8251=ORIENTED_EDGE('',*,*,#5221,.T.);
#8252=ORIENTED_EDGE('',*,*,#5218,.T.);
#8253=ORIENTED_EDGE('',*,*,#5215,.T.);
#8254=ORIENTED_EDGE('',*,*,#5212,.T.);
#8255=ORIENTED_EDGE('',*,*,#5209,.T.);
#8256=ORIENTED_EDGE('',*,*,#5206,.T.);
#8257=ORIENTED_EDGE('',*,*,#5203,.T.);
#8258=ORIENTED_EDGE('',*,*,#5200,.T.);
#8259=ORIENTED_EDGE('',*,*,#5197,.T.);
#8260=ORIENTED_EDGE('',*,*,#5194,.T.);
#8261=ORIENTED_EDGE('',*,*,#5124,.T.);
#8262=ORIENTED_EDGE('',*,*,#5188,.T.);
#8263=ORIENTED_EDGE('',*,*,#5185,.T.);
#8264=ORIENTED_EDGE('',*,*,#5182,.T.);
#8265=ORIENTED_EDGE('',*,*,#5179,.T.);
#8266=ORIENTED_EDGE('',*,*,#5176,.T.);
#8267=ORIENTED_EDGE('',*,*,#5173,.T.);
#8268=ORIENTED_EDGE('',*,*,#5170,.T.);
#8269=ORIENTED_EDGE('',*,*,#5167,.T.);
#8270=ORIENTED_EDGE('',*,*,#5164,.T.);
#8271=ORIENTED_EDGE('',*,*,#5161,.T.);
#8272=ORIENTED_EDGE('',*,*,#5158,.T.);
#8273=ORIENTED_EDGE('',*,*,#5155,.T.);
#8274=ORIENTED_EDGE('',*,*,#5152,.T.);
#8275=ORIENTED_EDGE('',*,*,#5149,.T.);
#8276=ORIENTED_EDGE('',*,*,#5146,.T.);
#8277=ORIENTED_EDGE('',*,*,#5143,.T.);
#8278=ORIENTED_EDGE('',*,*,#5140,.T.);
#8279=ORIENTED_EDGE('',*,*,#5137,.T.);
#8280=ORIENTED_EDGE('',*,*,#5134,.T.);
#8281=ORIENTED_EDGE('',*,*,#5131,.T.);
#8282=ORIENTED_EDGE('',*,*,#5128,.T.);
#8283=ORIENTED_EDGE('',*,*,#5058,.T.);
#8284=ORIENTED_EDGE('',*,*,#5122,.T.);
#8285=ORIENTED_EDGE('',*,*,#5119,.T.);
#8286=ORIENTED_EDGE('',*,*,#5116,.T.);
#8287=ORIENTED_EDGE('',*,*,#5113,.T.);
#8288=ORIENTED_EDGE('',*,*,#5110,.T.);
#8289=ORIENTED_EDGE('',*,*,#5107,.T.);
#8290=ORIENTED_EDGE('',*,*,#5104,.T.);
#8291=ORIENTED_EDGE('',*,*,#5101,.T.);
#8292=ORIENTED_EDGE('',*,*,#5098,.T.);
#8293=ORIENTED_EDGE('',*,*,#5095,.T.);
#8294=ORIENTED_EDGE('',*,*,#5092,.T.);
#8295=ORIENTED_EDGE('',*,*,#5089,.T.);
#8296=ORIENTED_EDGE('',*,*,#5086,.T.);
#8297=ORIENTED_EDGE('',*,*,#5083,.T.);
#8298=ORIENTED_EDGE('',*,*,#5080,.T.);
#8299=ORIENTED_EDGE('',*,*,#5077,.T.);
#8300=ORIENTED_EDGE('',*,*,#5074,.T.);
#8301=ORIENTED_EDGE('',*,*,#5071,.T.);
#8302=ORIENTED_EDGE('',*,*,#5068,.T.);
#8303=ORIENTED_EDGE('',*,*,#5065,.T.);
#8304=ORIENTED_EDGE('',*,*,#5062,.T.);
#8305=ORIENTED_EDGE('',*,*,#4992,.T.);
#8306=ORIENTED_EDGE('',*,*,#5056,.T.);
#8307=ORIENTED_EDGE('',*,*,#5053,.T.);
#8308=ORIENTED_EDGE('',*,*,#5050,.T.);
#8309=ORIENTED_EDGE('',*,*,#5047,.T.);
#8310=ORIENTED_EDGE('',*,*,#5044,.T.);
#8311=ORIENTED_EDGE('',*,*,#5041,.T.);
#8312=ORIENTED_EDGE('',*,*,#5038,.T.);
#8313=ORIENTED_EDGE('',*,*,#5035,.T.);
#8314=ORIENTED_EDGE('',*,*,#5032,.T.);
#8315=ORIENTED_EDGE('',*,*,#5029,.T.);
#8316=ORIENTED_EDGE('',*,*,#5026,.T.);
#8317=ORIENTED_EDGE('',*,*,#5023,.T.);
#8318=ORIENTED_EDGE('',*,*,#5020,.T.);
#8319=ORIENTED_EDGE('',*,*,#5017,.T.);
#8320=ORIENTED_EDGE('',*,*,#5014,.T.);
#8321=ORIENTED_EDGE('',*,*,#5011,.T.);
#8322=ORIENTED_EDGE('',*,*,#5008,.T.);
#8323=ORIENTED_EDGE('',*,*,#5005,.T.);
#8324=ORIENTED_EDGE('',*,*,#5002,.T.);
#8325=ORIENTED_EDGE('',*,*,#4999,.T.);
#8326=ORIENTED_EDGE('',*,*,#4996,.T.);
#8327=ORIENTED_EDGE('',*,*,#4965,.T.);
#8328=ORIENTED_EDGE('',*,*,#4990,.T.);
#8329=ORIENTED_EDGE('',*,*,#4987,.T.);
#8330=ORIENTED_EDGE('',*,*,#4984,.T.);
#8331=ORIENTED_EDGE('',*,*,#4981,.T.);
#8332=ORIENTED_EDGE('',*,*,#4978,.T.);
#8333=ORIENTED_EDGE('',*,*,#4975,.T.);
#8334=ORIENTED_EDGE('',*,*,#4972,.T.);
#8335=ORIENTED_EDGE('',*,*,#4969,.T.);
#8336=ORIENTED_EDGE('',*,*,#4929,.T.);
#8337=ORIENTED_EDGE('',*,*,#4963,.T.);
#8338=ORIENTED_EDGE('',*,*,#4960,.T.);
#8339=ORIENTED_EDGE('',*,*,#4957,.T.);
#8340=ORIENTED_EDGE('',*,*,#4954,.T.);
#8341=ORIENTED_EDGE('',*,*,#4951,.T.);
#8342=ORIENTED_EDGE('',*,*,#4948,.T.);
#8343=ORIENTED_EDGE('',*,*,#4945,.T.);
#8344=ORIENTED_EDGE('',*,*,#4942,.T.);
#8345=ORIENTED_EDGE('',*,*,#4939,.T.);
#8346=ORIENTED_EDGE('',*,*,#4936,.T.);
#8347=ORIENTED_EDGE('',*,*,#4933,.T.);
#8348=ORIENTED_EDGE('',*,*,#4848,.T.);
#8349=ORIENTED_EDGE('',*,*,#4903,.T.);
#8350=ORIENTED_EDGE('',*,*,#4900,.T.);
#8351=ORIENTED_EDGE('',*,*,#4897,.T.);
#8352=ORIENTED_EDGE('',*,*,#4894,.T.);
#8353=ORIENTED_EDGE('',*,*,#4891,.T.);
#8354=ORIENTED_EDGE('',*,*,#4888,.T.);
#8355=ORIENTED_EDGE('',*,*,#4885,.T.);
#8356=ORIENTED_EDGE('',*,*,#4882,.T.);
#8357=ORIENTED_EDGE('',*,*,#4879,.T.);
#8358=ORIENTED_EDGE('',*,*,#4876,.T.);
#8359=ORIENTED_EDGE('',*,*,#4873,.T.);
#8360=ORIENTED_EDGE('',*,*,#4870,.T.);
#8361=ORIENTED_EDGE('',*,*,#4867,.T.);
#8362=ORIENTED_EDGE('',*,*,#4864,.T.);
#8363=ORIENTED_EDGE('',*,*,#4861,.T.);
#8364=ORIENTED_EDGE('',*,*,#4858,.T.);
#8365=ORIENTED_EDGE('',*,*,#4855,.T.);
#8366=ORIENTED_EDGE('',*,*,#4852,.T.);
#8367=ORIENTED_EDGE('',*,*,#4797,.T.);
#8368=ORIENTED_EDGE('',*,*,#4819,.T.);
#8369=ORIENTED_EDGE('',*,*,#4816,.T.);
#8370=ORIENTED_EDGE('',*,*,#4813,.T.);
#8371=ORIENTED_EDGE('',*,*,#4810,.T.);
#8372=ORIENTED_EDGE('',*,*,#4807,.T.);
#8373=ORIENTED_EDGE('',*,*,#4804,.T.);
#8374=ORIENTED_EDGE('',*,*,#4801,.T.);
#8375=ORIENTED_EDGE('',*,*,#4746,.T.);
#8376=ORIENTED_EDGE('',*,*,#4780,.T.);
#8377=ORIENTED_EDGE('',*,*,#4777,.T.);
#8378=ORIENTED_EDGE('',*,*,#4774,.T.);
#8379=ORIENTED_EDGE('',*,*,#4771,.T.);
#8380=ORIENTED_EDGE('',*,*,#4768,.T.);
#8381=ORIENTED_EDGE('',*,*,#4765,.T.);
#8382=ORIENTED_EDGE('',*,*,#4762,.T.);
#8383=ORIENTED_EDGE('',*,*,#4759,.T.);
#8384=ORIENTED_EDGE('',*,*,#4756,.T.);
#8385=ORIENTED_EDGE('',*,*,#4753,.T.);
#8386=ORIENTED_EDGE('',*,*,#4750,.T.);
#8387=ORIENTED_EDGE('',*,*,#4695,.T.);
#8388=ORIENTED_EDGE('',*,*,#4720,.T.);
#8389=ORIENTED_EDGE('',*,*,#4717,.T.);
#8390=ORIENTED_EDGE('',*,*,#4714,.T.);
#8391=ORIENTED_EDGE('',*,*,#4711,.T.);
#8392=ORIENTED_EDGE('',*,*,#4708,.T.);
#8393=ORIENTED_EDGE('',*,*,#4705,.T.);
#8394=ORIENTED_EDGE('',*,*,#4702,.T.);
#8395=ORIENTED_EDGE('',*,*,#4699,.T.);
#8396=ORIENTED_EDGE('',*,*,#4662,.T.);
#8397=ORIENTED_EDGE('',*,*,#4693,.T.);
#8398=ORIENTED_EDGE('',*,*,#4690,.T.);
#8399=ORIENTED_EDGE('',*,*,#4687,.T.);
#8400=ORIENTED_EDGE('',*,*,#4684,.T.);
#8401=ORIENTED_EDGE('',*,*,#4681,.T.);
#8402=ORIENTED_EDGE('',*,*,#4678,.T.);
#8403=ORIENTED_EDGE('',*,*,#4675,.T.);
#8404=ORIENTED_EDGE('',*,*,#4672,.T.);
#8405=ORIENTED_EDGE('',*,*,#4669,.T.);
#8406=ORIENTED_EDGE('',*,*,#4666,.T.);
#8407=ORIENTED_EDGE('',*,*,#4608,.T.);
#8408=ORIENTED_EDGE('',*,*,#4651,.T.);
#8409=ORIENTED_EDGE('',*,*,#4648,.T.);
#8410=ORIENTED_EDGE('',*,*,#4645,.T.);
#8411=ORIENTED_EDGE('',*,*,#4642,.T.);
#8412=ORIENTED_EDGE('',*,*,#4639,.T.);
#8413=ORIENTED_EDGE('',*,*,#4636,.T.);
#8414=ORIENTED_EDGE('',*,*,#4633,.T.);
#8415=ORIENTED_EDGE('',*,*,#4630,.T.);
#8416=ORIENTED_EDGE('',*,*,#4627,.T.);
#8417=ORIENTED_EDGE('',*,*,#4624,.T.);
#8418=ORIENTED_EDGE('',*,*,#4621,.T.);
#8419=ORIENTED_EDGE('',*,*,#4618,.T.);
#8420=ORIENTED_EDGE('',*,*,#4615,.T.);
#8421=ORIENTED_EDGE('',*,*,#4612,.T.);
#8422=ORIENTED_EDGE('',*,*,#4572,.T.);
#8423=ORIENTED_EDGE('',*,*,#4606,.T.);
#8424=ORIENTED_EDGE('',*,*,#4603,.T.);
#8425=ORIENTED_EDGE('',*,*,#4600,.T.);
#8426=ORIENTED_EDGE('',*,*,#4597,.T.);
#8427=ORIENTED_EDGE('',*,*,#4594,.T.);
#8428=ORIENTED_EDGE('',*,*,#4591,.T.);
#8429=ORIENTED_EDGE('',*,*,#4588,.T.);
#8430=ORIENTED_EDGE('',*,*,#4585,.T.);
#8431=ORIENTED_EDGE('',*,*,#4582,.T.);
#8432=ORIENTED_EDGE('',*,*,#4579,.T.);
#8433=ORIENTED_EDGE('',*,*,#4576,.T.);
#8434=ORIENTED_EDGE('',*,*,#4539,.T.);
#8435=ORIENTED_EDGE('',*,*,#4570,.T.);
#8436=ORIENTED_EDGE('',*,*,#4567,.T.);
#8437=ORIENTED_EDGE('',*,*,#4564,.T.);
#8438=ORIENTED_EDGE('',*,*,#4561,.T.);
#8439=ORIENTED_EDGE('',*,*,#4558,.T.);
#8440=ORIENTED_EDGE('',*,*,#4555,.T.);
#8441=ORIENTED_EDGE('',*,*,#4552,.T.);
#8442=ORIENTED_EDGE('',*,*,#4549,.T.);
#8443=ORIENTED_EDGE('',*,*,#4546,.T.);
#8444=ORIENTED_EDGE('',*,*,#4543,.T.);
#8445=B_SPLINE_SURFACE_WITH_KNOTS('',2,1,((#11133,#11134),(#11135,#11136),
(#11137,#11138)),.UNSPECIFIED.,.F.,.F.,.F.,(3,3),(2,2),(0.,1.),(0.,0.001),
 .UNSPECIFIED.);
#8446=B_SPLINE_SURFACE_WITH_KNOTS('',2,1,((#11151,#11152),(#11153,#11154),
(#11155,#11156)),.UNSPECIFIED.,.F.,.F.,.F.,(3,3),(2,2),(0.,1.),(0.,0.001),
 .UNSPECIFIED.);
#8447=B_SPLINE_SURFACE_WITH_KNOTS('',2,1,((#11166,#11167),(#11168,#11169),
(#11170,#11171)),.UNSPECIFIED.,.F.,.F.,.F.,(3,3),(2,2),(0.,1.),(0.,0.001),
 .UNSPECIFIED.);
#8448=B_SPLINE_SURFACE_WITH_KNOTS('',2,1,((#11181,#11182),(#11183,#11184),
(#11185,#11186)),.UNSPECIFIED.,.F.,.F.,.F.,(3,3),(2,2),(0.,1.),(0.,0.001),
 .UNSPECIFIED.);
#8449=B_SPLINE_SURFACE_WITH_KNOTS('',2,1,((#11196,#11197),(#11198,#11199),
(#11200,#11201)),.UNSPECIFIED.,.F.,.F.,.F.,(3,3),(2,2),(0.,1.),(0.,0.001),
 .UNSPECIFIED.);
#8450=B_SPLINE_SURFACE_WITH_KNOTS('',2,1,((#11211,#11212),(#11213,#11214),
(#11215,#11216)),.UNSPECIFIED.,.F.,.F.,.F.,(3,3),(2,2),(0.,1.),(0.,0.001),
 .UNSPECIFIED.);
#8451=B_SPLINE_SURFACE_WITH_KNOTS('',2,1,((#11226,#11227),(#11228,#11229),
(#11230,#11231)),.UNSPECIFIED.,.F.,.F.,.F.,(3,3),(2,2),(0.,1.),(0.,0.001),
 .UNSPECIFIED.);
#8452=B_SPLINE_SURFACE_WITH_KNOTS('',2,1,((#11241,#11242),(#11243,#11244),
(#11245,#11246)),.UNSPECIFIED.,.F.,.F.,.F.,(3,3),(2,2),(0.,1.),(0.,0.001),
 .UNSPECIFIED.);
#8453=B_SPLINE_SURFACE_WITH_KNOTS('',2,1,((#11256,#11257),(#11258,#11259),
(#11260,#11261)),.UNSPECIFIED.,.F.,.F.,.F.,(3,3),(2,2),(0.,1.),(0.,0.001),
 .UNSPECIFIED.);
#8454=B_SPLINE_SURFACE_WITH_KNOTS('',2,1,((#11268,#11269),(#11270,#11271),
(#11272,#11273)),.UNSPECIFIED.,.F.,.F.,.F.,(3,3),(2,2),(0.,1.),(0.,0.001),
 .UNSPECIFIED.);
#8455=B_SPLINE_SURFACE_WITH_KNOTS('',2,1,((#11286,#11287),(#11288,#11289),
(#11290,#11291)),.UNSPECIFIED.,.F.,.F.,.F.,(3,3),(2,2),(0.,1.),(0.,0.001),
 .UNSPECIFIED.);
#8456=B_SPLINE_SURFACE_WITH_KNOTS('',2,1,((#11301,#11302),(#11303,#11304),
(#11305,#11306)),.UNSPECIFIED.,.F.,.F.,.F.,(3,3),(2,2),(0.,1.),(0.,0.001),
 .UNSPECIFIED.);
#8457=B_SPLINE_SURFACE_WITH_KNOTS('',2,1,((#11316,#11317),(#11318,#11319),
(#11320,#11321)),.UNSPECIFIED.,.F.,.F.,.F.,(3,3),(2,2),(0.,1.),(0.,0.001),
 .UNSPECIFIED.);
#8458=B_SPLINE_SURFACE_WITH_KNOTS('',2,1,((#11331,#11332),(#11333,#11334),
(#11335,#11336)),.UNSPECIFIED.,.F.,.F.,.F.,(3,3),(2,2),(0.,1.),(0.,0.001),
 .UNSPECIFIED.);
#8459=B_SPLINE_SURFACE_WITH_KNOTS('',2,1,((#11346,#11347),(#11348,#11349),
(#11350,#11351)),.UNSPECIFIED.,.F.,.F.,.F.,(3,3),(2,2),(0.,1.),(0.,0.001),
 .UNSPECIFIED.);
#8460=B_SPLINE_SURFACE_WITH_KNOTS('',2,1,((#11361,#11362),(#11363,#11364),
(#11365,#11366)),.UNSPECIFIED.,.F.,.F.,.F.,(3,3),(2,2),(0.,1.),(0.,0.001),
 .UNSPECIFIED.);
#8461=B_SPLINE_SURFACE_WITH_KNOTS('',2,1,((#11376,#11377),(#11378,#11379),
(#11380,#11381)),.UNSPECIFIED.,.F.,.F.,.F.,(3,3),(2,2),(0.,1.),(0.,0.001),
 .UNSPECIFIED.);
#8462=B_SPLINE_SURFACE_WITH_KNOTS('',2,1,((#11391,#11392),(#11393,#11394),
(#11395,#11396)),.UNSPECIFIED.,.F.,.F.,.F.,(3,3),(2,2),(0.,1.),(0.,0.001),
 .UNSPECIFIED.);
#8463=B_SPLINE_SURFACE_WITH_KNOTS('',2,1,((#11406,#11407),(#11408,#11409),
(#11410,#11411)),.UNSPECIFIED.,.F.,.F.,.F.,(3,3),(2,2),(0.,1.),(0.,0.001),
 .UNSPECIFIED.);
#8464=B_SPLINE_SURFACE_WITH_KNOTS('',2,1,((#11421,#11422),(#11423,#11424),
(#11425,#11426)),.UNSPECIFIED.,.F.,.F.,.F.,(3,3),(2,2),(0.,1.),(0.,0.001),
 .UNSPECIFIED.);
#8465=B_SPLINE_SURFACE_WITH_KNOTS('',2,1,((#11564,#11565),(#11566,#11567),
(#11568,#11569)),.UNSPECIFIED.,.F.,.F.,.F.,(3,3),(2,2),(0.,1.),(0.,0.001),
 .UNSPECIFIED.);
#8466=B_SPLINE_SURFACE_WITH_KNOTS('',2,1,((#11579,#11580),(#11581,#11582),
(#11583,#11584)),.UNSPECIFIED.,.F.,.F.,.F.,(3,3),(2,2),(0.,1.),(0.,0.001),
 .UNSPECIFIED.);
#8467=B_SPLINE_SURFACE_WITH_KNOTS('',2,1,((#11710,#11711),(#11712,#11713),
(#11714,#11715)),.UNSPECIFIED.,.F.,.F.,.F.,(3,3),(2,2),(0.,1.),(0.,0.001),
 .UNSPECIFIED.);
#8468=B_SPLINE_SURFACE_WITH_KNOTS('',2,1,((#11725,#11726),(#11727,#11728),
(#11729,#11730)),.UNSPECIFIED.,.F.,.F.,.F.,(3,3),(2,2),(0.,1.),(0.,0.001),
 .UNSPECIFIED.);
#8469=B_SPLINE_SURFACE_WITH_KNOTS('',2,1,((#11746,#11747),(#11748,#11749),
(#11750,#11751)),.UNSPECIFIED.,.F.,.F.,.F.,(3,3),(2,2),(0.,1.),(0.,0.001),
 .UNSPECIFIED.);
#8470=B_SPLINE_SURFACE_WITH_KNOTS('',2,1,((#11761,#11762),(#11763,#11764),
(#11765,#11766)),.UNSPECIFIED.,.F.,.F.,.F.,(3,3),(2,2),(0.,1.),(0.,0.001),
 .UNSPECIFIED.);
#8471=B_SPLINE_SURFACE_WITH_KNOTS('',2,1,((#11792,#11793),(#11794,#11795),
(#11796,#11797)),.UNSPECIFIED.,.F.,.F.,.F.,(3,3),(2,2),(0.,1.),(0.,0.001),
 .UNSPECIFIED.);
#8472=B_SPLINE_SURFACE_WITH_KNOTS('',2,1,((#11810,#11811),(#11812,#11813),
(#11814,#11815)),.UNSPECIFIED.,.F.,.F.,.F.,(3,3),(2,2),(0.,1.),(0.,0.001),
 .UNSPECIFIED.);
#8473=B_SPLINE_SURFACE_WITH_KNOTS('',2,1,((#11825,#11826),(#11827,#11828),
(#11829,#11830)),.UNSPECIFIED.,.F.,.F.,.F.,(3,3),(2,2),(0.,1.),(0.,0.001),
 .UNSPECIFIED.);
#8474=B_SPLINE_SURFACE_WITH_KNOTS('',2,1,((#11840,#11841),(#11842,#11843),
(#11844,#11845)),.UNSPECIFIED.,.F.,.F.,.F.,(3,3),(2,2),(0.,1.),(0.,0.001),
 .UNSPECIFIED.);
#8475=B_SPLINE_SURFACE_WITH_KNOTS('',2,1,((#11855,#11856),(#11857,#11858),
(#11859,#11860)),.UNSPECIFIED.,.F.,.F.,.F.,(3,3),(2,2),(0.,1.),(0.,0.001),
 .UNSPECIFIED.);
#8476=B_SPLINE_SURFACE_WITH_KNOTS('',2,1,((#11870,#11871),(#11872,#11873),
(#11874,#11875)),.UNSPECIFIED.,.F.,.F.,.F.,(3,3),(2,2),(0.,1.),(0.,0.001),
 .UNSPECIFIED.);
#8477=B_SPLINE_SURFACE_WITH_KNOTS('',2,1,((#11885,#11886),(#11887,#11888),
(#11889,#11890)),.UNSPECIFIED.,.F.,.F.,.F.,(3,3),(2,2),(0.,1.),(0.,0.001),
 .UNSPECIFIED.);
#8478=B_SPLINE_SURFACE_WITH_KNOTS('',2,1,((#11900,#11901),(#11902,#11903),
(#11904,#11905)),.UNSPECIFIED.,.F.,.F.,.F.,(3,3),(2,2),(0.,1.),(0.,0.001),
 .UNSPECIFIED.);
#8479=B_SPLINE_SURFACE_WITH_KNOTS('',2,1,((#11912,#11913),(#11914,#11915),
(#11916,#11917)),.UNSPECIFIED.,.F.,.F.,.F.,(3,3),(2,2),(0.,1.),(0.,0.001),
 .UNSPECIFIED.);
#8480=B_SPLINE_SURFACE_WITH_KNOTS('',2,1,((#11930,#11931),(#11932,#11933),
(#11934,#11935)),.UNSPECIFIED.,.F.,.F.,.F.,(3,3),(2,2),(0.,1.),(0.,0.001),
 .UNSPECIFIED.);
#8481=B_SPLINE_SURFACE_WITH_KNOTS('',2,1,((#11945,#11946),(#11947,#11948),
(#11949,#11950)),.UNSPECIFIED.,.F.,.F.,.F.,(3,3),(2,2),(0.,1.),(0.,0.001),
 .UNSPECIFIED.);
#8482=B_SPLINE_SURFACE_WITH_KNOTS('',2,1,((#11960,#11961),(#11962,#11963),
(#11964,#11965)),.UNSPECIFIED.,.F.,.F.,.F.,(3,3),(2,2),(0.,1.),(0.,0.001),
 .UNSPECIFIED.);
#8483=B_SPLINE_SURFACE_WITH_KNOTS('',2,1,((#11975,#11976),(#11977,#11978),
(#11979,#11980)),.UNSPECIFIED.,.F.,.F.,.F.,(3,3),(2,2),(0.,1.),(0.,0.001),
 .UNSPECIFIED.);
#8484=B_SPLINE_SURFACE_WITH_KNOTS('',2,1,((#11990,#11991),(#11992,#11993),
(#11994,#11995)),.UNSPECIFIED.,.F.,.F.,.F.,(3,3),(2,2),(0.,1.),(0.,0.001),
 .UNSPECIFIED.);
#8485=B_SPLINE_SURFACE_WITH_KNOTS('',2,1,((#12005,#12006),(#12007,#12008),
(#12009,#12010)),.UNSPECIFIED.,.F.,.F.,.F.,(3,3),(2,2),(0.,1.),(0.,0.001),
 .UNSPECIFIED.);
#8486=B_SPLINE_SURFACE_WITH_KNOTS('',2,1,((#12020,#12021),(#12022,#12023),
(#12024,#12025)),.UNSPECIFIED.,.F.,.F.,.F.,(3,3),(2,2),(0.,1.),(0.,0.001),
 .UNSPECIFIED.);
#8487=B_SPLINE_SURFACE_WITH_KNOTS('',2,1,((#12035,#12036),(#12037,#12038),
(#12039,#12040)),.UNSPECIFIED.,.F.,.F.,.F.,(3,3),(2,2),(0.,1.),(0.,0.001),
 .UNSPECIFIED.);
#8488=B_SPLINE_SURFACE_WITH_KNOTS('',2,1,((#12050,#12051),(#12052,#12053),
(#12054,#12055)),.UNSPECIFIED.,.F.,.F.,.F.,(3,3),(2,2),(0.,1.),(0.,0.001),
 .UNSPECIFIED.);
#8489=B_SPLINE_SURFACE_WITH_KNOTS('',2,1,((#12065,#12066),(#12067,#12068),
(#12069,#12070)),.UNSPECIFIED.,.F.,.F.,.F.,(3,3),(2,2),(0.,1.),(0.,0.001),
 .UNSPECIFIED.);
#8490=B_SPLINE_SURFACE_WITH_KNOTS('',2,1,((#12080,#12081),(#12082,#12083),
(#12084,#12085)),.UNSPECIFIED.,.F.,.F.,.F.,(3,3),(2,2),(0.,1.),(0.,0.001),
 .UNSPECIFIED.);
#8491=B_SPLINE_SURFACE_WITH_KNOTS('',2,1,((#12093,#12094),(#12095,#12096),
(#12097,#12098)),.UNSPECIFIED.,.F.,.F.,.F.,(3,3),(2,2),(0.,1.),(0.,0.001),
 .UNSPECIFIED.);
#8492=B_SPLINE_SURFACE_WITH_KNOTS('',2,1,((#12111,#12112),(#12113,#12114),
(#12115,#12116)),.UNSPECIFIED.,.F.,.F.,.F.,(3,3),(2,2),(0.,1.),(0.,0.001),
 .UNSPECIFIED.);
#8493=B_SPLINE_SURFACE_WITH_KNOTS('',2,1,((#12190,#12191),(#12192,#12193),
(#12194,#12195)),.UNSPECIFIED.,.F.,.F.,.F.,(3,3),(2,2),(0.,1.),(0.,0.001),
 .UNSPECIFIED.);
#8494=B_SPLINE_SURFACE_WITH_KNOTS('',2,1,((#12208,#12209),(#12210,#12211),
(#12212,#12213)),.UNSPECIFIED.,.F.,.F.,.F.,(3,3),(2,2),(0.,1.),(0.,0.001),
 .UNSPECIFIED.);
#8495=B_SPLINE_SURFACE_WITH_KNOTS('',2,1,((#12223,#12224),(#12225,#12226),
(#12227,#12228)),.UNSPECIFIED.,.F.,.F.,.F.,(3,3),(2,2),(0.,1.),(0.,0.001),
 .UNSPECIFIED.);
#8496=B_SPLINE_SURFACE_WITH_KNOTS('',2,1,((#12238,#12239),(#12240,#12241),
(#12242,#12243)),.UNSPECIFIED.,.F.,.F.,.F.,(3,3),(2,2),(0.,1.),(0.,0.001),
 .UNSPECIFIED.);
#8497=B_SPLINE_SURFACE_WITH_KNOTS('',2,1,((#12253,#12254),(#12255,#12256),
(#12257,#12258)),.UNSPECIFIED.,.F.,.F.,.F.,(3,3),(2,2),(0.,1.),(0.,0.001),
 .UNSPECIFIED.);
#8498=B_SPLINE_SURFACE_WITH_KNOTS('',2,1,((#12268,#12269),(#12270,#12271),
(#12272,#12273)),.UNSPECIFIED.,.F.,.F.,.F.,(3,3),(2,2),(0.,1.),(0.,0.001),
 .UNSPECIFIED.);
#8499=B_SPLINE_SURFACE_WITH_KNOTS('',2,1,((#12283,#12284),(#12285,#12286),
(#12287,#12288)),.UNSPECIFIED.,.F.,.F.,.F.,(3,3),(2,2),(0.,1.),(0.,0.001),
 .UNSPECIFIED.);
#8500=B_SPLINE_SURFACE_WITH_KNOTS('',2,1,((#12298,#12299),(#12300,#12301),
(#12302,#12303)),.UNSPECIFIED.,.F.,.F.,.F.,(3,3),(2,2),(0.,1.),(0.,0.001),
 .UNSPECIFIED.);
#8501=B_SPLINE_SURFACE_WITH_KNOTS('',2,1,((#12313,#12314),(#12315,#12316),
(#12317,#12318)),.UNSPECIFIED.,.F.,.F.,.F.,(3,3),(2,2),(0.,1.),(0.,0.001),
 .UNSPECIFIED.);
#8502=B_SPLINE_SURFACE_WITH_KNOTS('',2,1,((#12325,#12326),(#12327,#12328),
(#12329,#12330)),.UNSPECIFIED.,.F.,.F.,.F.,(3,3),(2,2),(0.,1.),(0.,0.001),
 .UNSPECIFIED.);
#8503=B_SPLINE_SURFACE_WITH_KNOTS('',2,1,((#12343,#12344),(#12345,#12346),
(#12347,#12348)),.UNSPECIFIED.,.F.,.F.,.F.,(3,3),(2,2),(0.,1.),(0.,0.001),
 .UNSPECIFIED.);
#8504=B_SPLINE_SURFACE_WITH_KNOTS('',2,1,((#12358,#12359),(#12360,#12361),
(#12362,#12363)),.UNSPECIFIED.,.F.,.F.,.F.,(3,3),(2,2),(0.,1.),(0.,0.001),
 .UNSPECIFIED.);
#8505=B_SPLINE_SURFACE_WITH_KNOTS('',2,1,((#12373,#12374),(#12375,#12376),
(#12377,#12378)),.UNSPECIFIED.,.F.,.F.,.F.,(3,3),(2,2),(0.,1.),(0.,0.001),
 .UNSPECIFIED.);
#8506=B_SPLINE_SURFACE_WITH_KNOTS('',2,1,((#12388,#12389),(#12390,#12391),
(#12392,#12393)),.UNSPECIFIED.,.F.,.F.,.F.,(3,3),(2,2),(0.,1.),(0.,0.001),
 .UNSPECIFIED.);
#8507=B_SPLINE_SURFACE_WITH_KNOTS('',2,1,((#12403,#12404),(#12405,#12406),
(#12407,#12408)),.UNSPECIFIED.,.F.,.F.,.F.,(3,3),(2,2),(0.,1.),(0.,0.001),
 .UNSPECIFIED.);
#8508=B_SPLINE_SURFACE_WITH_KNOTS('',2,1,((#12418,#12419),(#12420,#12421),
(#12422,#12423)),.UNSPECIFIED.,.F.,.F.,.F.,(3,3),(2,2),(0.,1.),(0.,0.001),
 .UNSPECIFIED.);
#8509=B_SPLINE_SURFACE_WITH_KNOTS('',2,1,((#12433,#12434),(#12435,#12436),
(#12437,#12438)),.UNSPECIFIED.,.F.,.F.,.F.,(3,3),(2,2),(0.,1.),(0.,0.001),
 .UNSPECIFIED.);
#8510=B_SPLINE_SURFACE_WITH_KNOTS('',2,1,((#12448,#12449),(#12450,#12451),
(#12452,#12453)),.UNSPECIFIED.,.F.,.F.,.F.,(3,3),(2,2),(0.,1.),(0.,0.001),
 .UNSPECIFIED.);
#8511=B_SPLINE_SURFACE_WITH_KNOTS('',2,1,((#12463,#12464),(#12465,#12466),
(#12467,#12468)),.UNSPECIFIED.,.F.,.F.,.F.,(3,3),(2,2),(0.,1.),(0.,0.001),
 .UNSPECIFIED.);
#8512=B_SPLINE_SURFACE_WITH_KNOTS('',2,1,((#12478,#12479),(#12480,#12481),
(#12482,#12483)),.UNSPECIFIED.,.F.,.F.,.F.,(3,3),(2,2),(0.,1.),(0.,0.001),
 .UNSPECIFIED.);
#8513=B_SPLINE_SURFACE_WITH_KNOTS('',2,1,((#12493,#12494),(#12495,#12496),
(#12497,#12498)),.UNSPECIFIED.,.F.,.F.,.F.,(3,3),(2,2),(0.,1.),(0.,0.001),
 .UNSPECIFIED.);
#8514=B_SPLINE_SURFACE_WITH_KNOTS('',2,1,((#12508,#12509),(#12510,#12511),
(#12512,#12513)),.UNSPECIFIED.,.F.,.F.,.F.,(3,3),(2,2),(0.,1.),(0.,0.001),
 .UNSPECIFIED.);
#8515=B_SPLINE_SURFACE_WITH_KNOTS('',2,1,((#12523,#12524),(#12525,#12526),
(#12527,#12528)),.UNSPECIFIED.,.F.,.F.,.F.,(3,3),(2,2),(0.,1.),(0.,0.001),
 .UNSPECIFIED.);
#8516=B_SPLINE_SURFACE_WITH_KNOTS('',2,1,((#12538,#12539),(#12540,#12541),
(#12542,#12543)),.UNSPECIFIED.,.F.,.F.,.F.,(3,3),(2,2),(0.,1.),(0.,0.001),
 .UNSPECIFIED.);
#8517=B_SPLINE_SURFACE_WITH_KNOTS('',2,1,((#12553,#12554),(#12555,#12556),
(#12557,#12558)),.UNSPECIFIED.,.F.,.F.,.F.,(3,3),(2,2),(0.,1.),(0.,0.001),
 .UNSPECIFIED.);
#8518=B_SPLINE_SURFACE_WITH_KNOTS('',2,1,((#12568,#12569),(#12570,#12571),
(#12572,#12573)),.UNSPECIFIED.,.F.,.F.,.F.,(3,3),(2,2),(0.,1.),(0.,0.001),
 .UNSPECIFIED.);
#8519=B_SPLINE_SURFACE_WITH_KNOTS('',2,1,((#12589,#12590),(#12591,#12592),
(#12593,#12594)),.UNSPECIFIED.,.F.,.F.,.F.,(3,3),(2,2),(0.,1.),(0.,0.001),
 .UNSPECIFIED.);
#8520=B_SPLINE_SURFACE_WITH_KNOTS('',2,1,((#12602,#12603),(#12604,#12605),
(#12606,#12607)),.UNSPECIFIED.,.F.,.F.,.F.,(3,3),(2,2),(0.,1.),(0.,0.001),
 .UNSPECIFIED.);
#8521=B_SPLINE_SURFACE_WITH_KNOTS('',2,1,((#12620,#12621),(#12622,#12623),
(#12624,#12625)),.UNSPECIFIED.,.F.,.F.,.F.,(3,3),(2,2),(0.,1.),(0.,0.001),
 .UNSPECIFIED.);
#8522=B_SPLINE_SURFACE_WITH_KNOTS('',2,1,((#12635,#12636),(#12637,#12638),
(#12639,#12640)),.UNSPECIFIED.,.F.,.F.,.F.,(3,3),(2,2),(0.,1.),(0.,0.001),
 .UNSPECIFIED.);
#8523=B_SPLINE_SURFACE_WITH_KNOTS('',2,1,((#12650,#12651),(#12652,#12653),
(#12654,#12655)),.UNSPECIFIED.,.F.,.F.,.F.,(3,3),(2,2),(0.,1.),(0.,0.001),
 .UNSPECIFIED.);
#8524=B_SPLINE_SURFACE_WITH_KNOTS('',2,1,((#12665,#12666),(#12667,#12668),
(#12669,#12670)),.UNSPECIFIED.,.F.,.F.,.F.,(3,3),(2,2),(0.,1.),(0.,0.001),
 .UNSPECIFIED.);
#8525=B_SPLINE_SURFACE_WITH_KNOTS('',2,1,((#12680,#12681),(#12682,#12683),
(#12684,#12685)),.UNSPECIFIED.,.F.,.F.,.F.,(3,3),(2,2),(0.,1.),(0.,0.001),
 .UNSPECIFIED.);
#8526=B_SPLINE_SURFACE_WITH_KNOTS('',2,1,((#12695,#12696),(#12697,#12698),
(#12699,#12700)),.UNSPECIFIED.,.F.,.F.,.F.,(3,3),(2,2),(0.,1.),(0.,0.001),
 .UNSPECIFIED.);
#8527=B_SPLINE_SURFACE_WITH_KNOTS('',2,1,((#12710,#12711),(#12712,#12713),
(#12714,#12715)),.UNSPECIFIED.,.F.,.F.,.F.,(3,3),(2,2),(0.,1.),(0.,0.001),
 .UNSPECIFIED.);
#8528=B_SPLINE_SURFACE_WITH_KNOTS('',2,1,((#12722,#12723),(#12724,#12725),
(#12726,#12727)),.UNSPECIFIED.,.F.,.F.,.F.,(3,3),(2,2),(0.,1.),(0.,0.001),
 .UNSPECIFIED.);
#8529=B_SPLINE_SURFACE_WITH_KNOTS('',2,1,((#12740,#12741),(#12742,#12743),
(#12744,#12745)),.UNSPECIFIED.,.F.,.F.,.F.,(3,3),(2,2),(0.,1.),(0.,0.001),
 .UNSPECIFIED.);
#8530=B_SPLINE_SURFACE_WITH_KNOTS('',2,1,((#12755,#12756),(#12757,#12758),
(#12759,#12760)),.UNSPECIFIED.,.F.,.F.,.F.,(3,3),(2,2),(0.,1.),(0.,0.001),
 .UNSPECIFIED.);
#8531=B_SPLINE_SURFACE_WITH_KNOTS('',2,1,((#12770,#12771),(#12772,#12773),
(#12774,#12775)),.UNSPECIFIED.,.F.,.F.,.F.,(3,3),(2,2),(0.,1.),(0.,0.001),
 .UNSPECIFIED.);
#8532=B_SPLINE_SURFACE_WITH_KNOTS('',2,1,((#12785,#12786),(#12787,#12788),
(#12789,#12790)),.UNSPECIFIED.,.F.,.F.,.F.,(3,3),(2,2),(0.,1.),(0.,0.001),
 .UNSPECIFIED.);
#8533=B_SPLINE_SURFACE_WITH_KNOTS('',2,1,((#12800,#12801),(#12802,#12803),
(#12804,#12805)),.UNSPECIFIED.,.F.,.F.,.F.,(3,3),(2,2),(0.,1.),(0.,0.001),
 .UNSPECIFIED.);
#8534=B_SPLINE_SURFACE_WITH_KNOTS('',2,1,((#12815,#12816),(#12817,#12818),
(#12819,#12820)),.UNSPECIFIED.,.F.,.F.,.F.,(3,3),(2,2),(0.,1.),(0.,0.001),
 .UNSPECIFIED.);
#8535=B_SPLINE_SURFACE_WITH_KNOTS('',2,1,((#12830,#12831),(#12832,#12833),
(#12834,#12835)),.UNSPECIFIED.,.F.,.F.,.F.,(3,3),(2,2),(0.,1.),(0.,0.001),
 .UNSPECIFIED.);
#8536=B_SPLINE_SURFACE_WITH_KNOTS('',2,1,((#12845,#12846),(#12847,#12848),
(#12849,#12850)),.UNSPECIFIED.,.F.,.F.,.F.,(3,3),(2,2),(0.,1.),(0.,0.001),
 .UNSPECIFIED.);
#8537=B_SPLINE_SURFACE_WITH_KNOTS('',2,1,((#12860,#12861),(#12862,#12863),
(#12864,#12865)),.UNSPECIFIED.,.F.,.F.,.F.,(3,3),(2,2),(0.,1.),(0.,0.001),
 .UNSPECIFIED.);
#8538=B_SPLINE_SURFACE_WITH_KNOTS('',2,1,((#12875,#12876),(#12877,#12878),
(#12879,#12880)),.UNSPECIFIED.,.F.,.F.,.F.,(3,3),(2,2),(0.,1.),(0.,0.001),
 .UNSPECIFIED.);
#8539=B_SPLINE_SURFACE_WITH_KNOTS('',2,1,((#12890,#12891),(#12892,#12893),
(#12894,#12895)),.UNSPECIFIED.,.F.,.F.,.F.,(3,3),(2,2),(0.,1.),(0.,0.001),
 .UNSPECIFIED.);
#8540=B_SPLINE_SURFACE_WITH_KNOTS('',2,1,((#12912,#12913),(#12914,#12915),
(#12916,#12917)),.UNSPECIFIED.,.F.,.F.,.F.,(3,3),(2,2),(0.,1.),(0.,0.001),
 .UNSPECIFIED.);
#8541=B_SPLINE_SURFACE_WITH_KNOTS('',2,1,((#12927,#12928),(#12929,#12930),
(#12931,#12932)),.UNSPECIFIED.,.F.,.F.,.F.,(3,3),(2,2),(0.,1.),(0.,0.001),
 .UNSPECIFIED.);
#8542=B_SPLINE_SURFACE_WITH_KNOTS('',2,1,((#12948,#12949),(#12950,#12951),
(#12952,#12953)),.UNSPECIFIED.,.F.,.F.,.F.,(3,3),(2,2),(0.,1.),(0.,0.001),
 .UNSPECIFIED.);
#8543=B_SPLINE_SURFACE_WITH_KNOTS('',2,1,((#12963,#12964),(#12965,#12966),
(#12967,#12968)),.UNSPECIFIED.,.F.,.F.,.F.,(3,3),(2,2),(0.,1.),(0.,0.001),
 .UNSPECIFIED.);
#8544=B_SPLINE_SURFACE_WITH_KNOTS('',2,1,((#12994,#12995),(#12996,#12997),
(#12998,#12999)),.UNSPECIFIED.,.F.,.F.,.F.,(3,3),(2,2),(0.,1.),(0.,0.001),
 .UNSPECIFIED.);
#8545=B_SPLINE_SURFACE_WITH_KNOTS('',2,1,((#13012,#13013),(#13014,#13015),
(#13016,#13017)),.UNSPECIFIED.,.F.,.F.,.F.,(3,3),(2,2),(0.,1.),(0.,0.001),
 .UNSPECIFIED.);
#8546=B_SPLINE_SURFACE_WITH_KNOTS('',2,1,((#13027,#13028),(#13029,#13030),
(#13031,#13032)),.UNSPECIFIED.,.F.,.F.,.F.,(3,3),(2,2),(0.,1.),(0.,0.001),
 .UNSPECIFIED.);
#8547=B_SPLINE_SURFACE_WITH_KNOTS('',2,1,((#13042,#13043),(#13044,#13045),
(#13046,#13047)),.UNSPECIFIED.,.F.,.F.,.F.,(3,3),(2,2),(0.,1.),(0.,0.001),
 .UNSPECIFIED.);
#8548=B_SPLINE_SURFACE_WITH_KNOTS('',2,1,((#13057,#13058),(#13059,#13060),
(#13061,#13062)),.UNSPECIFIED.,.F.,.F.,.F.,(3,3),(2,2),(0.,1.),(0.,0.001),
 .UNSPECIFIED.);
#8549=B_SPLINE_SURFACE_WITH_KNOTS('',2,1,((#13072,#13073),(#13074,#13075),
(#13076,#13077)),.UNSPECIFIED.,.F.,.F.,.F.,(3,3),(2,2),(0.,1.),(0.,0.001),
 .UNSPECIFIED.);
#8550=B_SPLINE_SURFACE_WITH_KNOTS('',2,1,((#13087,#13088),(#13089,#13090),
(#13091,#13092)),.UNSPECIFIED.,.F.,.F.,.F.,(3,3),(2,2),(0.,1.),(0.,0.001),
 .UNSPECIFIED.);
#8551=B_SPLINE_SURFACE_WITH_KNOTS('',2,1,((#13102,#13103),(#13104,#13105),
(#13106,#13107)),.UNSPECIFIED.,.F.,.F.,.F.,(3,3),(2,2),(0.,1.),(0.,0.001),
 .UNSPECIFIED.);
#8552=B_SPLINE_SURFACE_WITH_KNOTS('',2,1,((#13117,#13118),(#13119,#13120),
(#13121,#13122)),.UNSPECIFIED.,.F.,.F.,.F.,(3,3),(2,2),(0.,1.),(0.,0.001),
 .UNSPECIFIED.);
#8553=B_SPLINE_SURFACE_WITH_KNOTS('',2,1,((#13138,#13139),(#13140,#13141),
(#13142,#13143)),.UNSPECIFIED.,.F.,.F.,.F.,(3,3),(2,2),(0.,1.),(0.,0.001),
 .UNSPECIFIED.);
#8554=B_SPLINE_SURFACE_WITH_KNOTS('',2,1,((#13153,#13154),(#13155,#13156),
(#13157,#13158)),.UNSPECIFIED.,.F.,.F.,.F.,(3,3),(2,2),(0.,1.),(0.,0.001),
 .UNSPECIFIED.);
#8555=B_SPLINE_SURFACE_WITH_KNOTS('',2,1,((#13168,#13169),(#13170,#13171),
(#13172,#13173)),.UNSPECIFIED.,.F.,.F.,.F.,(3,3),(2,2),(0.,1.),(0.,0.001),
 .UNSPECIFIED.);
#8556=B_SPLINE_SURFACE_WITH_KNOTS('',2,1,((#13183,#13184),(#13185,#13186),
(#13187,#13188)),.UNSPECIFIED.,.F.,.F.,.F.,(3,3),(2,2),(0.,1.),(0.,0.001),
 .UNSPECIFIED.);
#8557=B_SPLINE_SURFACE_WITH_KNOTS('',2,1,((#13198,#13199),(#13200,#13201),
(#13202,#13203)),.UNSPECIFIED.,.F.,.F.,.F.,(3,3),(2,2),(0.,1.),(0.,0.001),
 .UNSPECIFIED.);
#8558=B_SPLINE_SURFACE_WITH_KNOTS('',2,1,((#13213,#13214),(#13215,#13216),
(#13217,#13218)),.UNSPECIFIED.,.F.,.F.,.F.,(3,3),(2,2),(0.,1.),(0.,0.001),
 .UNSPECIFIED.);
#8559=B_SPLINE_SURFACE_WITH_KNOTS('',2,1,((#13228,#13229),(#13230,#13231),
(#13232,#13233)),.UNSPECIFIED.,.F.,.F.,.F.,(3,3),(2,2),(0.,1.),(0.,0.001),
 .UNSPECIFIED.);
#8560=B_SPLINE_SURFACE_WITH_KNOTS('',2,1,((#13243,#13244),(#13245,#13246),
(#13247,#13248)),.UNSPECIFIED.,.F.,.F.,.F.,(3,3),(2,2),(0.,1.),(0.,0.001),
 .UNSPECIFIED.);
#8561=B_SPLINE_SURFACE_WITH_KNOTS('',2,1,((#13258,#13259),(#13260,#13261),
(#13262,#13263)),.UNSPECIFIED.,.F.,.F.,.F.,(3,3),(2,2),(0.,1.),(0.,0.001),
 .UNSPECIFIED.);
#8562=B_SPLINE_SURFACE_WITH_KNOTS('',2,1,((#13289,#13290),(#13291,#13292),
(#13293,#13294)),.UNSPECIFIED.,.F.,.F.,.F.,(3,3),(2,2),(0.,1.),(0.,0.001),
 .UNSPECIFIED.);
#8563=B_SPLINE_SURFACE_WITH_KNOTS('',2,1,((#13307,#13308),(#13309,#13310),
(#13311,#13312)),.UNSPECIFIED.,.F.,.F.,.F.,(3,3),(2,2),(0.,1.),(0.,0.001),
 .UNSPECIFIED.);
#8564=B_SPLINE_SURFACE_WITH_KNOTS('',2,1,((#13322,#13323),(#13324,#13325),
(#13326,#13327)),.UNSPECIFIED.,.F.,.F.,.F.,(3,3),(2,2),(0.,1.),(0.,0.001),
 .UNSPECIFIED.);
#8565=B_SPLINE_SURFACE_WITH_KNOTS('',2,1,((#13337,#13338),(#13339,#13340),
(#13341,#13342)),.UNSPECIFIED.,.F.,.F.,.F.,(3,3),(2,2),(0.,1.),(0.,0.001),
 .UNSPECIFIED.);
#8566=B_SPLINE_SURFACE_WITH_KNOTS('',2,1,((#13352,#13353),(#13354,#13355),
(#13356,#13357)),.UNSPECIFIED.,.F.,.F.,.F.,(3,3),(2,2),(0.,1.),(0.,0.001),
 .UNSPECIFIED.);
#8567=B_SPLINE_SURFACE_WITH_KNOTS('',2,1,((#13367,#13368),(#13369,#13370),
(#13371,#13372)),.UNSPECIFIED.,.F.,.F.,.F.,(3,3),(2,2),(0.,1.),(0.,0.001),
 .UNSPECIFIED.);
#8568=B_SPLINE_SURFACE_WITH_KNOTS('',2,1,((#13382,#13383),(#13384,#13385),
(#13386,#13387)),.UNSPECIFIED.,.F.,.F.,.F.,(3,3),(2,2),(0.,1.),(0.,0.001),
 .UNSPECIFIED.);
#8569=B_SPLINE_SURFACE_WITH_KNOTS('',2,1,((#13397,#13398),(#13399,#13400),
(#13401,#13402)),.UNSPECIFIED.,.F.,.F.,.F.,(3,3),(2,2),(0.,1.),(0.,0.001),
 .UNSPECIFIED.);
#8570=B_SPLINE_SURFACE_WITH_KNOTS('',2,1,((#13412,#13413),(#13414,#13415),
(#13416,#13417)),.UNSPECIFIED.,.F.,.F.,.F.,(3,3),(2,2),(0.,1.),(0.,0.001),
 .UNSPECIFIED.);
#8571=B_SPLINE_SURFACE_WITH_KNOTS('',2,1,((#13433,#13434),(#13435,#13436),
(#13437,#13438)),.UNSPECIFIED.,.F.,.F.,.F.,(3,3),(2,2),(0.,1.),(0.,0.001),
 .UNSPECIFIED.);
#8572=B_SPLINE_SURFACE_WITH_KNOTS('',2,1,((#13448,#13449),(#13450,#13451),
(#13452,#13453)),.UNSPECIFIED.,.F.,.F.,.F.,(3,3),(2,2),(0.,1.),(0.,0.001),
 .UNSPECIFIED.);
#8573=B_SPLINE_SURFACE_WITH_KNOTS('',2,1,((#13463,#13464),(#13465,#13466),
(#13467,#13468)),.UNSPECIFIED.,.F.,.F.,.F.,(3,3),(2,2),(0.,1.),(0.,0.001),
 .UNSPECIFIED.);
#8574=B_SPLINE_SURFACE_WITH_KNOTS('',2,1,((#13478,#13479),(#13480,#13481),
(#13482,#13483)),.UNSPECIFIED.,.F.,.F.,.F.,(3,3),(2,2),(0.,1.),(0.,0.001),
 .UNSPECIFIED.);
#8575=B_SPLINE_SURFACE_WITH_KNOTS('',2,1,((#13493,#13494),(#13495,#13496),
(#13497,#13498)),.UNSPECIFIED.,.F.,.F.,.F.,(3,3),(2,2),(0.,1.),(0.,0.001),
 .UNSPECIFIED.);
#8576=B_SPLINE_SURFACE_WITH_KNOTS('',2,1,((#13508,#13509),(#13510,#13511),
(#13512,#13513)),.UNSPECIFIED.,.F.,.F.,.F.,(3,3),(2,2),(0.,1.),(0.,0.001),
 .UNSPECIFIED.);
#8577=B_SPLINE_SURFACE_WITH_KNOTS('',2,1,((#13523,#13524),(#13525,#13526),
(#13527,#13528)),.UNSPECIFIED.,.F.,.F.,.F.,(3,3),(2,2),(0.,1.),(0.,0.001),
 .UNSPECIFIED.);
#8578=B_SPLINE_SURFACE_WITH_KNOTS('',2,1,((#13538,#13539),(#13540,#13541),
(#13542,#13543)),.UNSPECIFIED.,.F.,.F.,.F.,(3,3),(2,2),(0.,1.),(0.,0.001),
 .UNSPECIFIED.);
#8579=B_SPLINE_SURFACE_WITH_KNOTS('',2,1,((#13553,#13554),(#13555,#13556),
(#13557,#13558)),.UNSPECIFIED.,.F.,.F.,.F.,(3,3),(2,2),(0.,1.),(0.,0.001),
 .UNSPECIFIED.);
#8580=B_SPLINE_SURFACE_WITH_KNOTS('',2,1,((#13584,#13585),(#13586,#13587),
(#13588,#13589)),.UNSPECIFIED.,.F.,.F.,.F.,(3,3),(2,2),(0.,1.),(0.,0.001),
 .UNSPECIFIED.);
#8581=B_SPLINE_SURFACE_WITH_KNOTS('',2,1,((#13602,#13603),(#13604,#13605),
(#13606,#13607)),.UNSPECIFIED.,.F.,.F.,.F.,(3,3),(2,2),(0.,1.),(0.,0.001),
 .UNSPECIFIED.);
#8582=B_SPLINE_SURFACE_WITH_KNOTS('',2,1,((#13617,#13618),(#13619,#13620),
(#13621,#13622)),.UNSPECIFIED.,.F.,.F.,.F.,(3,3),(2,2),(0.,1.),(0.,0.001),
 .UNSPECIFIED.);
#8583=B_SPLINE_SURFACE_WITH_KNOTS('',2,1,((#13632,#13633),(#13634,#13635),
(#13636,#13637)),.UNSPECIFIED.,.F.,.F.,.F.,(3,3),(2,2),(0.,1.),(0.,0.001),
 .UNSPECIFIED.);
#8584=B_SPLINE_SURFACE_WITH_KNOTS('',2,1,((#13647,#13648),(#13649,#13650),
(#13651,#13652)),.UNSPECIFIED.,.F.,.F.,.F.,(3,3),(2,2),(0.,1.),(0.,0.001),
 .UNSPECIFIED.);
#8585=B_SPLINE_SURFACE_WITH_KNOTS('',2,1,((#13662,#13663),(#13664,#13665),
(#13666,#13667)),.UNSPECIFIED.,.F.,.F.,.F.,(3,3),(2,2),(0.,1.),(0.,0.001),
 .UNSPECIFIED.);
#8586=B_SPLINE_SURFACE_WITH_KNOTS('',2,1,((#13677,#13678),(#13679,#13680),
(#13681,#13682)),.UNSPECIFIED.,.F.,.F.,.F.,(3,3),(2,2),(0.,1.),(0.,0.001),
 .UNSPECIFIED.);
#8587=B_SPLINE_SURFACE_WITH_KNOTS('',2,1,((#13692,#13693),(#13694,#13695),
(#13696,#13697)),.UNSPECIFIED.,.F.,.F.,.F.,(3,3),(2,2),(0.,1.),(0.,0.001),
 .UNSPECIFIED.);
#8588=B_SPLINE_SURFACE_WITH_KNOTS('',2,1,((#13707,#13708),(#13709,#13710),
(#13711,#13712)),.UNSPECIFIED.,.F.,.F.,.F.,(3,3),(2,2),(0.,1.),(0.,0.001),
 .UNSPECIFIED.);
#8589=B_SPLINE_SURFACE_WITH_KNOTS('',2,1,((#13728,#13729),(#13730,#13731),
(#13732,#13733)),.UNSPECIFIED.,.F.,.F.,.F.,(3,3),(2,2),(0.,1.),(0.,0.001),
 .UNSPECIFIED.);
#8590=B_SPLINE_SURFACE_WITH_KNOTS('',2,1,((#13743,#13744),(#13745,#13746),
(#13747,#13748)),.UNSPECIFIED.,.F.,.F.,.F.,(3,3),(2,2),(0.,1.),(0.,0.001),
 .UNSPECIFIED.);
#8591=B_SPLINE_SURFACE_WITH_KNOTS('',2,1,((#13758,#13759),(#13760,#13761),
(#13762,#13763)),.UNSPECIFIED.,.F.,.F.,.F.,(3,3),(2,2),(0.,1.),(0.,0.001),
 .UNSPECIFIED.);
#8592=B_SPLINE_SURFACE_WITH_KNOTS('',2,1,((#13773,#13774),(#13775,#13776),
(#13777,#13778)),.UNSPECIFIED.,.F.,.F.,.F.,(3,3),(2,2),(0.,1.),(0.,0.001),
 .UNSPECIFIED.);
#8593=B_SPLINE_SURFACE_WITH_KNOTS('',2,1,((#13788,#13789),(#13790,#13791),
(#13792,#13793)),.UNSPECIFIED.,.F.,.F.,.F.,(3,3),(2,2),(0.,1.),(0.,0.001),
 .UNSPECIFIED.);
#8594=B_SPLINE_SURFACE_WITH_KNOTS('',2,1,((#13803,#13804),(#13805,#13806),
(#13807,#13808)),.UNSPECIFIED.,.F.,.F.,.F.,(3,3),(2,2),(0.,1.),(0.,0.001),
 .UNSPECIFIED.);
#8595=B_SPLINE_SURFACE_WITH_KNOTS('',2,1,((#13818,#13819),(#13820,#13821),
(#13822,#13823)),.UNSPECIFIED.,.F.,.F.,.F.,(3,3),(2,2),(0.,1.),(0.,0.001),
 .UNSPECIFIED.);
#8596=B_SPLINE_SURFACE_WITH_KNOTS('',2,1,((#13833,#13834),(#13835,#13836),
(#13837,#13838)),.UNSPECIFIED.,.F.,.F.,.F.,(3,3),(2,2),(0.,1.),(0.,0.001),
 .UNSPECIFIED.);
#8597=B_SPLINE_SURFACE_WITH_KNOTS('',2,1,((#13848,#13849),(#13850,#13851),
(#13852,#13853)),.UNSPECIFIED.,.F.,.F.,.F.,(3,3),(2,2),(0.,1.),(0.,0.001),
 .UNSPECIFIED.);
#8598=B_SPLINE_SURFACE_WITH_KNOTS('',2,1,((#13879,#13880),(#13881,#13882),
(#13883,#13884)),.UNSPECIFIED.,.F.,.F.,.F.,(3,3),(2,2),(0.,1.),(0.,0.001),
 .UNSPECIFIED.);
#8599=B_SPLINE_SURFACE_WITH_KNOTS('',2,1,((#13897,#13898),(#13899,#13900),
(#13901,#13902)),.UNSPECIFIED.,.F.,.F.,.F.,(3,3),(2,2),(0.,1.),(0.,0.001),
 .UNSPECIFIED.);
#8600=B_SPLINE_SURFACE_WITH_KNOTS('',2,1,((#13912,#13913),(#13914,#13915),
(#13916,#13917)),.UNSPECIFIED.,.F.,.F.,.F.,(3,3),(2,2),(0.,1.),(0.,0.001),
 .UNSPECIFIED.);
#8601=B_SPLINE_SURFACE_WITH_KNOTS('',2,1,((#13927,#13928),(#13929,#13930),
(#13931,#13932)),.UNSPECIFIED.,.F.,.F.,.F.,(3,3),(2,2),(0.,1.),(0.,0.001),
 .UNSPECIFIED.);
#8602=B_SPLINE_SURFACE_WITH_KNOTS('',2,1,((#13942,#13943),(#13944,#13945),
(#13946,#13947)),.UNSPECIFIED.,.F.,.F.,.F.,(3,3),(2,2),(0.,1.),(0.,0.001),
 .UNSPECIFIED.);
#8603=B_SPLINE_SURFACE_WITH_KNOTS('',2,1,((#13957,#13958),(#13959,#13960),
(#13961,#13962)),.UNSPECIFIED.,.F.,.F.,.F.,(3,3),(2,2),(0.,1.),(0.,0.001),
 .UNSPECIFIED.);
#8604=B_SPLINE_SURFACE_WITH_KNOTS('',2,1,((#13972,#13973),(#13974,#13975),
(#13976,#13977)),.UNSPECIFIED.,.F.,.F.,.F.,(3,3),(2,2),(0.,1.),(0.,0.001),
 .UNSPECIFIED.);
#8605=B_SPLINE_SURFACE_WITH_KNOTS('',2,1,((#13987,#13988),(#13989,#13990),
(#13991,#13992)),.UNSPECIFIED.,.F.,.F.,.F.,(3,3),(2,2),(0.,1.),(0.,0.001),
 .UNSPECIFIED.);
#8606=B_SPLINE_SURFACE_WITH_KNOTS('',2,1,((#14002,#14003),(#14004,#14005),
(#14006,#14007)),.UNSPECIFIED.,.F.,.F.,.F.,(3,3),(2,2),(0.,1.),(0.,0.001),
 .UNSPECIFIED.);
#8607=B_SPLINE_SURFACE_WITH_KNOTS('',2,1,((#14023,#14024),(#14025,#14026),
(#14027,#14028)),.UNSPECIFIED.,.F.,.F.,.F.,(3,3),(2,2),(0.,1.),(0.,0.001),
 .UNSPECIFIED.);
#8608=B_SPLINE_SURFACE_WITH_KNOTS('',2,1,((#14038,#14039),(#14040,#14041),
(#14042,#14043)),.UNSPECIFIED.,.F.,.F.,.F.,(3,3),(2,2),(0.,1.),(0.,0.001),
 .UNSPECIFIED.);
#8609=B_SPLINE_SURFACE_WITH_KNOTS('',2,1,((#14053,#14054),(#14055,#14056),
(#14057,#14058)),.UNSPECIFIED.,.F.,.F.,.F.,(3,3),(2,2),(0.,1.),(0.,0.001),
 .UNSPECIFIED.);
#8610=B_SPLINE_SURFACE_WITH_KNOTS('',2,1,((#14068,#14069),(#14070,#14071),
(#14072,#14073)),.UNSPECIFIED.,.F.,.F.,.F.,(3,3),(2,2),(0.,1.),(0.,0.001),
 .UNSPECIFIED.);
#8611=B_SPLINE_SURFACE_WITH_KNOTS('',2,1,((#14083,#14084),(#14085,#14086),
(#14087,#14088)),.UNSPECIFIED.,.F.,.F.,.F.,(3,3),(2,2),(0.,1.),(0.,0.001),
 .UNSPECIFIED.);
#8612=B_SPLINE_SURFACE_WITH_KNOTS('',2,1,((#14098,#14099),(#14100,#14101),
(#14102,#14103)),.UNSPECIFIED.,.F.,.F.,.F.,(3,3),(2,2),(0.,1.),(0.,0.001),
 .UNSPECIFIED.);
#8613=B_SPLINE_SURFACE_WITH_KNOTS('',2,1,((#14113,#14114),(#14115,#14116),
(#14117,#14118)),.UNSPECIFIED.,.F.,.F.,.F.,(3,3),(2,2),(0.,1.),(0.,0.001),
 .UNSPECIFIED.);
#8614=B_SPLINE_SURFACE_WITH_KNOTS('',2,1,((#14128,#14129),(#14130,#14131),
(#14132,#14133)),.UNSPECIFIED.,.F.,.F.,.F.,(3,3),(2,2),(0.,1.),(0.,0.001),
 .UNSPECIFIED.);
#8615=B_SPLINE_SURFACE_WITH_KNOTS('',2,1,((#14143,#14144),(#14145,#14146),
(#14147,#14148)),.UNSPECIFIED.,.F.,.F.,.F.,(3,3),(2,2),(0.,1.),(0.,0.001),
 .UNSPECIFIED.);
#8616=B_SPLINE_SURFACE_WITH_KNOTS('',2,1,((#14174,#14175),(#14176,#14177),
(#14178,#14179)),.UNSPECIFIED.,.F.,.F.,.F.,(3,3),(2,2),(0.,1.),(0.,0.001),
 .UNSPECIFIED.);
#8617=B_SPLINE_SURFACE_WITH_KNOTS('',2,1,((#14192,#14193),(#14194,#14195),
(#14196,#14197)),.UNSPECIFIED.,.F.,.F.,.F.,(3,3),(2,2),(0.,1.),(0.,0.001),
 .UNSPECIFIED.);
#8618=B_SPLINE_SURFACE_WITH_KNOTS('',2,1,((#14207,#14208),(#14209,#14210),
(#14211,#14212)),.UNSPECIFIED.,.F.,.F.,.F.,(3,3),(2,2),(0.,1.),(0.,0.001),
 .UNSPECIFIED.);
#8619=B_SPLINE_SURFACE_WITH_KNOTS('',2,1,((#14222,#14223),(#14224,#14225),
(#14226,#14227)),.UNSPECIFIED.,.F.,.F.,.F.,(3,3),(2,2),(0.,1.),(0.,0.001),
 .UNSPECIFIED.);
#8620=B_SPLINE_SURFACE_WITH_KNOTS('',2,1,((#14237,#14238),(#14239,#14240),
(#14241,#14242)),.UNSPECIFIED.,.F.,.F.,.F.,(3,3),(2,2),(0.,1.),(0.,0.001),
 .UNSPECIFIED.);
#8621=B_SPLINE_SURFACE_WITH_KNOTS('',2,1,((#14252,#14253),(#14254,#14255),
(#14256,#14257)),.UNSPECIFIED.,.F.,.F.,.F.,(3,3),(2,2),(0.,1.),(0.,0.001),
 .UNSPECIFIED.);
#8622=B_SPLINE_SURFACE_WITH_KNOTS('',2,1,((#14267,#14268),(#14269,#14270),
(#14271,#14272)),.UNSPECIFIED.,.F.,.F.,.F.,(3,3),(2,2),(0.,1.),(0.,0.001),
 .UNSPECIFIED.);
#8623=B_SPLINE_SURFACE_WITH_KNOTS('',2,1,((#14282,#14283),(#14284,#14285),
(#14286,#14287)),.UNSPECIFIED.,.F.,.F.,.F.,(3,3),(2,2),(0.,1.),(0.,0.001),
 .UNSPECIFIED.);
#8624=B_SPLINE_SURFACE_WITH_KNOTS('',2,1,((#14294,#14295),(#14296,#14297),
(#14298,#14299)),.UNSPECIFIED.,.F.,.F.,.F.,(3,3),(2,2),(0.,1.),(0.,0.001),
 .UNSPECIFIED.);
#8625=B_SPLINE_SURFACE_WITH_KNOTS('',2,1,((#14312,#14313),(#14314,#14315),
(#14316,#14317)),.UNSPECIFIED.,.F.,.F.,.F.,(3,3),(2,2),(0.,1.),(0.,0.001),
 .UNSPECIFIED.);
#8626=B_SPLINE_SURFACE_WITH_KNOTS('',2,1,((#14327,#14328),(#14329,#14330),
(#14331,#14332)),.UNSPECIFIED.,.F.,.F.,.F.,(3,3),(2,2),(0.,1.),(0.,0.001),
 .UNSPECIFIED.);
#8627=B_SPLINE_SURFACE_WITH_KNOTS('',2,1,((#14342,#14343),(#14344,#14345),
(#14346,#14347)),.UNSPECIFIED.,.F.,.F.,.F.,(3,3),(2,2),(0.,1.),(0.,0.001),
 .UNSPECIFIED.);
#8628=B_SPLINE_SURFACE_WITH_KNOTS('',2,1,((#14357,#14358),(#14359,#14360),
(#14361,#14362)),.UNSPECIFIED.,.F.,.F.,.F.,(3,3),(2,2),(0.,1.),(0.,0.001),
 .UNSPECIFIED.);
#8629=B_SPLINE_SURFACE_WITH_KNOTS('',2,1,((#14372,#14373),(#14374,#14375),
(#14376,#14377)),.UNSPECIFIED.,.F.,.F.,.F.,(3,3),(2,2),(0.,1.),(0.,0.001),
 .UNSPECIFIED.);
#8630=B_SPLINE_SURFACE_WITH_KNOTS('',2,1,((#14387,#14388),(#14389,#14390),
(#14391,#14392)),.UNSPECIFIED.,.F.,.F.,.F.,(3,3),(2,2),(0.,1.),(0.,0.001),
 .UNSPECIFIED.);
#8631=B_SPLINE_SURFACE_WITH_KNOTS('',2,1,((#14402,#14403),(#14404,#14405),
(#14406,#14407)),.UNSPECIFIED.,.F.,.F.,.F.,(3,3),(2,2),(0.,1.),(0.,0.001),
 .UNSPECIFIED.);
#8632=B_SPLINE_SURFACE_WITH_KNOTS('',2,1,((#14417,#14418),(#14419,#14420),
(#14421,#14422)),.UNSPECIFIED.,.F.,.F.,.F.,(3,3),(2,2),(0.,1.),(0.,0.001),
 .UNSPECIFIED.);
#8633=B_SPLINE_SURFACE_WITH_KNOTS('',2,1,((#14432,#14433),(#14434,#14435),
(#14436,#14437)),.UNSPECIFIED.,.F.,.F.,.F.,(3,3),(2,2),(0.,1.),(0.,0.001),
 .UNSPECIFIED.);
#8634=B_SPLINE_SURFACE_WITH_KNOTS('',2,1,((#14447,#14448),(#14449,#14450),
(#14451,#14452)),.UNSPECIFIED.,.F.,.F.,.F.,(3,3),(2,2),(0.,1.),(0.,0.001),
 .UNSPECIFIED.);
#8635=B_SPLINE_SURFACE_WITH_KNOTS('',2,1,((#14462,#14463),(#14464,#14465),
(#14466,#14467)),.UNSPECIFIED.,.F.,.F.,.F.,(3,3),(2,2),(0.,1.),(0.,0.001),
 .UNSPECIFIED.);
#8636=B_SPLINE_SURFACE_WITH_KNOTS('',2,1,((#14500,#14501),(#14502,#14503),
(#14504,#14505)),.UNSPECIFIED.,.F.,.F.,.F.,(3,3),(2,2),(0.,1.),(0.,0.001),
 .UNSPECIFIED.);
#8637=B_SPLINE_SURFACE_WITH_KNOTS('',2,1,((#14518,#14519),(#14520,#14521),
(#14522,#14523)),.UNSPECIFIED.,.F.,.F.,.F.,(3,3),(2,2),(0.,1.),(0.,0.001),
 .UNSPECIFIED.);
#8638=B_SPLINE_SURFACE_WITH_KNOTS('',2,1,((#14533,#14534),(#14535,#14536),
(#14537,#14538)),.UNSPECIFIED.,.F.,.F.,.F.,(3,3),(2,2),(0.,1.),(0.,0.001),
 .UNSPECIFIED.);
#8639=B_SPLINE_SURFACE_WITH_KNOTS('',2,1,((#14548,#14549),(#14550,#14551),
(#14552,#14553)),.UNSPECIFIED.,.F.,.F.,.F.,(3,3),(2,2),(0.,1.),(0.,0.001),
 .UNSPECIFIED.);
#8640=B_SPLINE_SURFACE_WITH_KNOTS('',2,1,((#14563,#14564),(#14565,#14566),
(#14567,#14568)),.UNSPECIFIED.,.F.,.F.,.F.,(3,3),(2,2),(0.,1.),(0.,0.001),
 .UNSPECIFIED.);
#8641=B_SPLINE_SURFACE_WITH_KNOTS('',2,1,((#14578,#14579),(#14580,#14581),
(#14582,#14583)),.UNSPECIFIED.,.F.,.F.,.F.,(3,3),(2,2),(0.,1.),(0.,0.001),
 .UNSPECIFIED.);
#8642=B_SPLINE_SURFACE_WITH_KNOTS('',2,1,((#14593,#14594),(#14595,#14596),
(#14597,#14598)),.UNSPECIFIED.,.F.,.F.,.F.,(3,3),(2,2),(0.,1.),(0.,0.001),
 .UNSPECIFIED.);
#8643=B_SPLINE_SURFACE_WITH_KNOTS('',2,1,((#14608,#14609),(#14610,#14611),
(#14612,#14613)),.UNSPECIFIED.,.F.,.F.,.F.,(3,3),(2,2),(0.,1.),(0.,0.001),
 .UNSPECIFIED.);
#8644=B_SPLINE_SURFACE_WITH_KNOTS('',2,1,((#14620,#14621),(#14622,#14623),
(#14624,#14625)),.UNSPECIFIED.,.F.,.F.,.F.,(3,3),(2,2),(0.,1.),(0.,0.001),
 .UNSPECIFIED.);
#8645=B_SPLINE_SURFACE_WITH_KNOTS('',2,1,((#14638,#14639),(#14640,#14641),
(#14642,#14643)),.UNSPECIFIED.,.F.,.F.,.F.,(3,3),(2,2),(0.,1.),(0.,0.001),
 .UNSPECIFIED.);
#8646=B_SPLINE_SURFACE_WITH_KNOTS('',2,1,((#14653,#14654),(#14655,#14656),
(#14657,#14658)),.UNSPECIFIED.,.F.,.F.,.F.,(3,3),(2,2),(0.,1.),(0.,0.001),
 .UNSPECIFIED.);
#8647=B_SPLINE_SURFACE_WITH_KNOTS('',2,1,((#14668,#14669),(#14670,#14671),
(#14672,#14673)),.UNSPECIFIED.,.F.,.F.,.F.,(3,3),(2,2),(0.,1.),(0.,0.001),
 .UNSPECIFIED.);
#8648=B_SPLINE_SURFACE_WITH_KNOTS('',2,1,((#14683,#14684),(#14685,#14686),
(#14687,#14688)),.UNSPECIFIED.,.F.,.F.,.F.,(3,3),(2,2),(0.,1.),(0.,0.001),
 .UNSPECIFIED.);
#8649=B_SPLINE_SURFACE_WITH_KNOTS('',2,1,((#14698,#14699),(#14700,#14701),
(#14702,#14703)),.UNSPECIFIED.,.F.,.F.,.F.,(3,3),(2,2),(0.,1.),(0.,0.001),
 .UNSPECIFIED.);
#8650=B_SPLINE_SURFACE_WITH_KNOTS('',2,1,((#14713,#14714),(#14715,#14716),
(#14717,#14718)),.UNSPECIFIED.,.F.,.F.,.F.,(3,3),(2,2),(0.,1.),(0.,0.001),
 .UNSPECIFIED.);
#8651=B_SPLINE_SURFACE_WITH_KNOTS('',2,1,((#14728,#14729),(#14730,#14731),
(#14732,#14733)),.UNSPECIFIED.,.F.,.F.,.F.,(3,3),(2,2),(0.,1.),(0.,0.001),
 .UNSPECIFIED.);
#8652=B_SPLINE_SURFACE_WITH_KNOTS('',2,1,((#14743,#14744),(#14745,#14746),
(#14747,#14748)),.UNSPECIFIED.,.F.,.F.,.F.,(3,3),(2,2),(0.,1.),(0.,0.001),
 .UNSPECIFIED.);
#8653=B_SPLINE_SURFACE_WITH_KNOTS('',2,1,((#14758,#14759),(#14760,#14761),
(#14762,#14763)),.UNSPECIFIED.,.F.,.F.,.F.,(3,3),(2,2),(0.,1.),(0.,0.001),
 .UNSPECIFIED.);
#8654=B_SPLINE_SURFACE_WITH_KNOTS('',2,1,((#14773,#14774),(#14775,#14776),
(#14777,#14778)),.UNSPECIFIED.,.F.,.F.,.F.,(3,3),(2,2),(0.,1.),(0.,0.001),
 .UNSPECIFIED.);
#8655=B_SPLINE_SURFACE_WITH_KNOTS('',2,1,((#14788,#14789),(#14790,#14791),
(#14792,#14793)),.UNSPECIFIED.,.F.,.F.,.F.,(3,3),(2,2),(0.,1.),(0.,0.001),
 .UNSPECIFIED.);
#8656=B_SPLINE_SURFACE_WITH_KNOTS('',2,1,((#14801,#14802),(#14803,#14804),
(#14805,#14806)),.UNSPECIFIED.,.F.,.F.,.F.,(3,3),(2,2),(0.,1.),(0.,0.001),
 .UNSPECIFIED.);
#8657=B_SPLINE_SURFACE_WITH_KNOTS('',2,1,((#14819,#14820),(#14821,#14822),
(#14823,#14824)),.UNSPECIFIED.,.F.,.F.,.F.,(3,3),(2,2),(0.,1.),(0.,0.001),
 .UNSPECIFIED.);
#8658=B_SPLINE_SURFACE_WITH_KNOTS('',2,1,((#14834,#14835),(#14836,#14837),
(#14838,#14839)),.UNSPECIFIED.,.F.,.F.,.F.,(3,3),(2,2),(0.,1.),(0.,0.001),
 .UNSPECIFIED.);
#8659=B_SPLINE_SURFACE_WITH_KNOTS('',2,1,((#14849,#14850),(#14851,#14852),
(#14853,#14854)),.UNSPECIFIED.,.F.,.F.,.F.,(3,3),(2,2),(0.,1.),(0.,0.001),
 .UNSPECIFIED.);
#8660=B_SPLINE_SURFACE_WITH_KNOTS('',2,1,((#14864,#14865),(#14866,#14867),
(#14868,#14869)),.UNSPECIFIED.,.F.,.F.,.F.,(3,3),(2,2),(0.,1.),(0.,0.001),
 .UNSPECIFIED.);
#8661=B_SPLINE_SURFACE_WITH_KNOTS('',2,1,((#14879,#14880),(#14881,#14882),
(#14883,#14884)),.UNSPECIFIED.,.F.,.F.,.F.,(3,3),(2,2),(0.,1.),(0.,0.001),
 .UNSPECIFIED.);
#8662=B_SPLINE_SURFACE_WITH_KNOTS('',2,1,((#14894,#14895),(#14896,#14897),
(#14898,#14899)),.UNSPECIFIED.,.F.,.F.,.F.,(3,3),(2,2),(0.,1.),(0.,0.001),
 .UNSPECIFIED.);
#8663=B_SPLINE_SURFACE_WITH_KNOTS('',2,1,((#14909,#14910),(#14911,#14912),
(#14913,#14914)),.UNSPECIFIED.,.F.,.F.,.F.,(3,3),(2,2),(0.,1.),(0.,0.001),
 .UNSPECIFIED.);
#8664=B_SPLINE_SURFACE_WITH_KNOTS('',2,1,((#14921,#14922),(#14923,#14924),
(#14925,#14926)),.UNSPECIFIED.,.F.,.F.,.F.,(3,3),(2,2),(0.,1.),(0.,0.001),
 .UNSPECIFIED.);
#8665=B_SPLINE_SURFACE_WITH_KNOTS('',2,1,((#14939,#14940),(#14941,#14942),
(#14943,#14944)),.UNSPECIFIED.,.F.,.F.,.F.,(3,3),(2,2),(0.,1.),(0.,0.001),
 .UNSPECIFIED.);
#8666=B_SPLINE_SURFACE_WITH_KNOTS('',2,1,((#14954,#14955),(#14956,#14957),
(#14958,#14959)),.UNSPECIFIED.,.F.,.F.,.F.,(3,3),(2,2),(0.,1.),(0.,0.001),
 .UNSPECIFIED.);
#8667=B_SPLINE_SURFACE_WITH_KNOTS('',2,1,((#14969,#14970),(#14971,#14972),
(#14973,#14974)),.UNSPECIFIED.,.F.,.F.,.F.,(3,3),(2,2),(0.,1.),(0.,0.001),
 .UNSPECIFIED.);
#8668=B_SPLINE_SURFACE_WITH_KNOTS('',2,1,((#14984,#14985),(#14986,#14987),
(#14988,#14989)),.UNSPECIFIED.,.F.,.F.,.F.,(3,3),(2,2),(0.,1.),(0.,0.001),
 .UNSPECIFIED.);
#8669=B_SPLINE_SURFACE_WITH_KNOTS('',2,1,((#14999,#15000),(#15001,#15002),
(#15003,#15004)),.UNSPECIFIED.,.F.,.F.,.F.,(3,3),(2,2),(0.,1.),(0.,0.001),
 .UNSPECIFIED.);
#8670=B_SPLINE_SURFACE_WITH_KNOTS('',2,1,((#15014,#15015),(#15016,#15017),
(#15018,#15019)),.UNSPECIFIED.,.F.,.F.,.F.,(3,3),(2,2),(0.,1.),(0.,0.001),
 .UNSPECIFIED.);
#8671=B_SPLINE_SURFACE_WITH_KNOTS('',2,1,((#15029,#15030),(#15031,#15032),
(#15033,#15034)),.UNSPECIFIED.,.F.,.F.,.F.,(3,3),(2,2),(0.,1.),(0.,0.001),
 .UNSPECIFIED.);
#8672=B_SPLINE_SURFACE_WITH_KNOTS('',2,1,((#15044,#15045),(#15046,#15047),
(#15048,#15049)),.UNSPECIFIED.,.F.,.F.,.F.,(3,3),(2,2),(0.,1.),(0.,0.001),
 .UNSPECIFIED.);
#8673=B_SPLINE_SURFACE_WITH_KNOTS('',2,1,((#15059,#15060),(#15061,#15062),
(#15063,#15064)),.UNSPECIFIED.,.F.,.F.,.F.,(3,3),(2,2),(0.,1.),(0.,0.001),
 .UNSPECIFIED.);
#8674=B_SPLINE_SURFACE_WITH_KNOTS('',2,1,((#15074,#15075),(#15076,#15077),
(#15078,#15079)),.UNSPECIFIED.,.F.,.F.,.F.,(3,3),(2,2),(0.,1.),(0.,0.001),
 .UNSPECIFIED.);
#8675=B_SPLINE_SURFACE_WITH_KNOTS('',2,1,((#15089,#15090),(#15091,#15092),
(#15093,#15094)),.UNSPECIFIED.,.F.,.F.,.F.,(3,3),(2,2),(0.,1.),(0.,0.001),
 .UNSPECIFIED.);
#8676=B_SPLINE_SURFACE_WITH_KNOTS('',2,1,((#15200,#15201),(#15202,#15203),
(#15204,#15205)),.UNSPECIFIED.,.F.,.F.,.F.,(3,3),(2,2),(0.,1.),(0.,0.001),
 .UNSPECIFIED.);
#8677=B_SPLINE_SURFACE_WITH_KNOTS('',2,1,((#15218,#15219),(#15220,#15221),
(#15222,#15223)),.UNSPECIFIED.,.F.,.F.,.F.,(3,3),(2,2),(0.,1.),(0.,0.001),
 .UNSPECIFIED.);
#8678=B_SPLINE_SURFACE_WITH_KNOTS('',2,1,((#15233,#15234),(#15235,#15236),
(#15237,#15238)),.UNSPECIFIED.,.F.,.F.,.F.,(3,3),(2,2),(0.,1.),(0.,0.001),
 .UNSPECIFIED.);
#8679=B_SPLINE_SURFACE_WITH_KNOTS('',2,1,((#15248,#15249),(#15250,#15251),
(#15252,#15253)),.UNSPECIFIED.,.F.,.F.,.F.,(3,3),(2,2),(0.,1.),(0.,0.001),
 .UNSPECIFIED.);
#8680=B_SPLINE_SURFACE_WITH_KNOTS('',2,1,((#15263,#15264),(#15265,#15266),
(#15267,#15268)),.UNSPECIFIED.,.F.,.F.,.F.,(3,3),(2,2),(0.,1.),(0.,0.001),
 .UNSPECIFIED.);
#8681=B_SPLINE_SURFACE_WITH_KNOTS('',2,1,((#15296,#15297),(#15298,#15299),
(#15300,#15301)),.UNSPECIFIED.,.F.,.F.,.F.,(3,3),(2,2),(0.,1.),(0.,0.001),
 .UNSPECIFIED.);
#8682=B_SPLINE_SURFACE_WITH_KNOTS('',2,1,((#15311,#15312),(#15313,#15314),
(#15315,#15316)),.UNSPECIFIED.,.F.,.F.,.F.,(3,3),(2,2),(0.,1.),(0.,0.001),
 .UNSPECIFIED.);
#8683=B_SPLINE_SURFACE_WITH_KNOTS('',2,1,((#15326,#15327),(#15328,#15329),
(#15330,#15331)),.UNSPECIFIED.,.F.,.F.,.F.,(3,3),(2,2),(0.,1.),(0.,0.001),
 .UNSPECIFIED.);
#8684=B_SPLINE_SURFACE_WITH_KNOTS('',2,1,((#15341,#15342),(#15343,#15344),
(#15345,#15346)),.UNSPECIFIED.,.F.,.F.,.F.,(3,3),(2,2),(0.,1.),(0.,0.001),
 .UNSPECIFIED.);
#8685=B_SPLINE_SURFACE_WITH_KNOTS('',2,1,((#15356,#15357),(#15358,#15359),
(#15360,#15361)),.UNSPECIFIED.,.F.,.F.,.F.,(3,3),(2,2),(0.,1.),(0.,0.001),
 .UNSPECIFIED.);
#8686=B_SPLINE_SURFACE_WITH_KNOTS('',2,1,((#15371,#15372),(#15373,#15374),
(#15375,#15376)),.UNSPECIFIED.,.F.,.F.,.F.,(3,3),(2,2),(0.,1.),(0.,0.001),
 .UNSPECIFIED.);
#8687=ADVANCED_FACE('',(#585),#8445,.F.);
#8688=ADVANCED_FACE('',(#586),#8446,.F.);
#8689=ADVANCED_FACE('',(#587),#8447,.F.);
#8690=ADVANCED_FACE('',(#588),#8448,.F.);
#8691=ADVANCED_FACE('',(#589),#8449,.F.);
#8692=ADVANCED_FACE('',(#590),#8450,.F.);
#8693=ADVANCED_FACE('',(#591),#8451,.F.);
#8694=ADVANCED_FACE('',(#592),#8452,.F.);
#8695=ADVANCED_FACE('',(#593),#8453,.F.);
#8696=ADVANCED_FACE('',(#594),#8454,.F.);
#8697=ADVANCED_FACE('',(#595),#8455,.F.);
#8698=ADVANCED_FACE('',(#596),#8456,.F.);
#8699=ADVANCED_FACE('',(#597),#8457,.F.);
#8700=ADVANCED_FACE('',(#598),#8458,.F.);
#8701=ADVANCED_FACE('',(#599),#8459,.F.);
#8702=ADVANCED_FACE('',(#600),#8460,.F.);
#8703=ADVANCED_FACE('',(#601),#8461,.F.);
#8704=ADVANCED_FACE('',(#602),#8462,.F.);
#8705=ADVANCED_FACE('',(#603),#8463,.F.);
#8706=ADVANCED_FACE('',(#604),#8464,.F.);
#8707=ADVANCED_FACE('',(#605,#182),#269,.T.);
#8708=ADVANCED_FACE('',(#606),#270,.F.);
#8709=ADVANCED_FACE('',(#607),#271,.F.);
#8710=ADVANCED_FACE('',(#608),#272,.F.);
#8711=ADVANCED_FACE('',(#609),#273,.F.);
#8712=ADVANCED_FACE('',(#610),#274,.F.);
#8713=ADVANCED_FACE('',(#611),#275,.F.);
#8714=ADVANCED_FACE('',(#612),#276,.F.);
#8715=ADVANCED_FACE('',(#613),#277,.F.);
#8716=ADVANCED_FACE('',(#614),#278,.F.);
#8717=ADVANCED_FACE('',(#615),#279,.F.);
#8718=ADVANCED_FACE('',(#616),#280,.F.);
#8719=ADVANCED_FACE('',(#617),#281,.F.);
#8720=ADVANCED_FACE('',(#618),#282,.F.);
#8721=ADVANCED_FACE('',(#619),#283,.F.);
#8722=ADVANCED_FACE('',(#620),#284,.F.);
#8723=ADVANCED_FACE('',(#621),#285,.F.);
#8724=ADVANCED_FACE('',(#622),#286,.F.);
#8725=ADVANCED_FACE('',(#623),#287,.F.);
#8726=ADVANCED_FACE('',(#624),#288,.F.);
#8727=ADVANCED_FACE('',(#625),#289,.F.);
#8728=ADVANCED_FACE('',(#626),#290,.F.);
#8729=ADVANCED_FACE('',(#627),#291,.F.);
#8730=ADVANCED_FACE('',(#628),#8465,.F.);
#8731=ADVANCED_FACE('',(#629),#8466,.F.);
#8732=ADVANCED_FACE('',(#630),#292,.F.);
#8733=ADVANCED_FACE('',(#631),#293,.F.);
#8734=ADVANCED_FACE('',(#632),#294,.F.);
#8735=ADVANCED_FACE('',(#633),#295,.F.);
#8736=ADVANCED_FACE('',(#634),#296,.T.);
#8737=ADVANCED_FACE('',(#635),#297,.F.);
#8738=ADVANCED_FACE('',(#636),#298,.F.);
#8739=ADVANCED_FACE('',(#637),#299,.F.);
#8740=ADVANCED_FACE('',(#638),#300,.F.);
#8741=ADVANCED_FACE('',(#639),#301,.F.);
#8742=ADVANCED_FACE('',(#640),#302,.F.);
#8743=ADVANCED_FACE('',(#641),#303,.F.);
#8744=ADVANCED_FACE('',(#642),#304,.F.);
#8745=ADVANCED_FACE('',(#643),#305,.F.);
#8746=ADVANCED_FACE('',(#644),#306,.F.);
#8747=ADVANCED_FACE('',(#645),#307,.F.);
#8748=ADVANCED_FACE('',(#646),#308,.F.);
#8749=ADVANCED_FACE('',(#647),#309,.F.);
#8750=ADVANCED_FACE('',(#648),#310,.F.);
#8751=ADVANCED_FACE('',(#649,#183),#311,.F.);
#8752=ADVANCED_FACE('',(#650),#312,.F.);
#8753=ADVANCED_FACE('',(#651),#8467,.F.);
#8754=ADVANCED_FACE('',(#652),#8468,.F.);
#8755=ADVANCED_FACE('',(#653),#313,.F.);
#8756=ADVANCED_FACE('',(#654),#8469,.F.);
#8757=ADVANCED_FACE('',(#655),#8470,.F.);
#8758=ADVANCED_FACE('',(#656),#314,.F.);
#8759=ADVANCED_FACE('',(#657),#315,.F.);
#8760=ADVANCED_FACE('',(#658),#316,.F.);
#8761=ADVANCED_FACE('',(#659),#317,.T.);
#8762=ADVANCED_FACE('',(#660),#8471,.F.);
#8763=ADVANCED_FACE('',(#661),#8472,.F.);
#8764=ADVANCED_FACE('',(#662),#8473,.F.);
#8765=ADVANCED_FACE('',(#663),#8474,.F.);
#8766=ADVANCED_FACE('',(#664),#8475,.F.);
#8767=ADVANCED_FACE('',(#665),#8476,.F.);
#8768=ADVANCED_FACE('',(#666),#8477,.F.);
#8769=ADVANCED_FACE('',(#667),#8478,.F.);
#8770=ADVANCED_FACE('',(#668),#8479,.F.);
#8771=ADVANCED_FACE('',(#669),#8480,.F.);
#8772=ADVANCED_FACE('',(#670),#8481,.F.);
#8773=ADVANCED_FACE('',(#671),#8482,.F.);
#8774=ADVANCED_FACE('',(#672),#8483,.F.);
#8775=ADVANCED_FACE('',(#673),#8484,.F.);
#8776=ADVANCED_FACE('',(#674),#8485,.F.);
#8777=ADVANCED_FACE('',(#675),#8486,.F.);
#8778=ADVANCED_FACE('',(#676),#8487,.F.);
#8779=ADVANCED_FACE('',(#677),#8488,.F.);
#8780=ADVANCED_FACE('',(#678),#8489,.F.);
#8781=ADVANCED_FACE('',(#679),#8490,.F.);
#8782=ADVANCED_FACE('',(#680,#184),#318,.T.);
#8783=ADVANCED_FACE('',(#681),#8491,.F.);
#8784=ADVANCED_FACE('',(#682),#8492,.F.);
#8785=ADVANCED_FACE('',(#683),#319,.F.);
#8786=ADVANCED_FACE('',(#684),#320,.F.);
#8787=ADVANCED_FACE('',(#685),#321,.F.);
#8788=ADVANCED_FACE('',(#686),#322,.F.);
#8789=ADVANCED_FACE('',(#687),#323,.F.);
#8790=ADVANCED_FACE('',(#688),#324,.F.);
#8791=ADVANCED_FACE('',(#689),#325,.F.);
#8792=ADVANCED_FACE('',(#690),#326,.F.);
#8793=ADVANCED_FACE('',(#691),#327,.F.);
#8794=ADVANCED_FACE('',(#692),#328,.F.);
#8795=ADVANCED_FACE('',(#693),#329,.F.);
#8796=ADVANCED_FACE('',(#694,#185),#330,.T.);
#8797=ADVANCED_FACE('',(#695),#8493,.F.);
#8798=ADVANCED_FACE('',(#696),#8494,.F.);
#8799=ADVANCED_FACE('',(#697),#8495,.F.);
#8800=ADVANCED_FACE('',(#698),#8496,.F.);
#8801=ADVANCED_FACE('',(#699),#8497,.F.);
#8802=ADVANCED_FACE('',(#700),#8498,.F.);
#8803=ADVANCED_FACE('',(#701),#8499,.F.);
#8804=ADVANCED_FACE('',(#702),#8500,.F.);
#8805=ADVANCED_FACE('',(#703),#8501,.F.);
#8806=ADVANCED_FACE('',(#704),#8502,.F.);
#8807=ADVANCED_FACE('',(#705),#8503,.F.);
#8808=ADVANCED_FACE('',(#706),#8504,.F.);
#8809=ADVANCED_FACE('',(#707),#8505,.F.);
#8810=ADVANCED_FACE('',(#708),#8506,.F.);
#8811=ADVANCED_FACE('',(#709),#8507,.F.);
#8812=ADVANCED_FACE('',(#710),#8508,.F.);
#8813=ADVANCED_FACE('',(#711),#8509,.F.);
#8814=ADVANCED_FACE('',(#712),#8510,.F.);
#8815=ADVANCED_FACE('',(#713),#8511,.F.);
#8816=ADVANCED_FACE('',(#714),#8512,.F.);
#8817=ADVANCED_FACE('',(#715),#8513,.F.);
#8818=ADVANCED_FACE('',(#716),#8514,.F.);
#8819=ADVANCED_FACE('',(#717),#8515,.F.);
#8820=ADVANCED_FACE('',(#718),#8516,.F.);
#8821=ADVANCED_FACE('',(#719),#8517,.F.);
#8822=ADVANCED_FACE('',(#720),#8518,.F.);
#8823=ADVANCED_FACE('',(#721),#331,.F.);
#8824=ADVANCED_FACE('',(#722),#8519,.F.);
#8825=ADVANCED_FACE('',(#723,#186),#332,.T.);
#8826=ADVANCED_FACE('',(#724),#8520,.F.);
#8827=ADVANCED_FACE('',(#725),#8521,.F.);
#8828=ADVANCED_FACE('',(#726),#8522,.F.);
#8829=ADVANCED_FACE('',(#727),#8523,.F.);
#8830=ADVANCED_FACE('',(#728),#8524,.F.);
#8831=ADVANCED_FACE('',(#729),#8525,.F.);
#8832=ADVANCED_FACE('',(#730),#8526,.F.);
#8833=ADVANCED_FACE('',(#731),#8527,.F.);
#8834=ADVANCED_FACE('',(#732),#8528,.F.);
#8835=ADVANCED_FACE('',(#733),#8529,.F.);
#8836=ADVANCED_FACE('',(#734),#8530,.F.);
#8837=ADVANCED_FACE('',(#735),#8531,.F.);
#8838=ADVANCED_FACE('',(#736),#8532,.F.);
#8839=ADVANCED_FACE('',(#737),#8533,.F.);
#8840=ADVANCED_FACE('',(#738),#8534,.F.);
#8841=ADVANCED_FACE('',(#739),#8535,.F.);
#8842=ADVANCED_FACE('',(#740),#8536,.F.);
#8843=ADVANCED_FACE('',(#741),#8537,.F.);
#8844=ADVANCED_FACE('',(#742),#8538,.F.);
#8845=ADVANCED_FACE('',(#743),#8539,.F.);
#8846=ADVANCED_FACE('',(#744,#187),#333,.T.);
#8847=ADVANCED_FACE('',(#745),#334,.F.);
#8848=ADVANCED_FACE('',(#746),#8540,.F.);
#8849=ADVANCED_FACE('',(#747),#8541,.F.);
#8850=ADVANCED_FACE('',(#748),#335,.F.);
#8851=ADVANCED_FACE('',(#749),#8542,.F.);
#8852=ADVANCED_FACE('',(#750),#8543,.F.);
#8853=ADVANCED_FACE('',(#751),#336,.F.);
#8854=ADVANCED_FACE('',(#752),#337,.F.);
#8855=ADVANCED_FACE('',(#753),#338,.F.);
#8856=ADVANCED_FACE('',(#754),#339,.T.);
#8857=ADVANCED_FACE('',(#755),#8544,.F.);
#8858=ADVANCED_FACE('',(#756),#8545,.F.);
#8859=ADVANCED_FACE('',(#757),#8546,.F.);
#8860=ADVANCED_FACE('',(#758),#8547,.F.);
#8861=ADVANCED_FACE('',(#759),#8548,.F.);
#8862=ADVANCED_FACE('',(#760),#8549,.F.);
#8863=ADVANCED_FACE('',(#761),#8550,.F.);
#8864=ADVANCED_FACE('',(#762),#8551,.F.);
#8865=ADVANCED_FACE('',(#763),#8552,.F.);
#8866=ADVANCED_FACE('',(#764),#340,.F.);
#8867=ADVANCED_FACE('',(#765),#8553,.F.);
#8868=ADVANCED_FACE('',(#766),#8554,.F.);
#8869=ADVANCED_FACE('',(#767),#8555,.F.);
#8870=ADVANCED_FACE('',(#768),#8556,.F.);
#8871=ADVANCED_FACE('',(#769),#8557,.F.);
#8872=ADVANCED_FACE('',(#770),#8558,.F.);
#8873=ADVANCED_FACE('',(#771),#8559,.F.);
#8874=ADVANCED_FACE('',(#772),#8560,.F.);
#8875=ADVANCED_FACE('',(#773),#8561,.F.);
#8876=ADVANCED_FACE('',(#774),#341,.F.);
#8877=ADVANCED_FACE('',(#775),#342,.F.);
#8878=ADVANCED_FACE('',(#776),#343,.F.);
#8879=ADVANCED_FACE('',(#777),#344,.T.);
#8880=ADVANCED_FACE('',(#778),#8562,.F.);
#8881=ADVANCED_FACE('',(#779),#8563,.F.);
#8882=ADVANCED_FACE('',(#780),#8564,.F.);
#8883=ADVANCED_FACE('',(#781),#8565,.F.);
#8884=ADVANCED_FACE('',(#782),#8566,.F.);
#8885=ADVANCED_FACE('',(#783),#8567,.F.);
#8886=ADVANCED_FACE('',(#784),#8568,.F.);
#8887=ADVANCED_FACE('',(#785),#8569,.F.);
#8888=ADVANCED_FACE('',(#786),#8570,.F.);
#8889=ADVANCED_FACE('',(#787),#345,.F.);
#8890=ADVANCED_FACE('',(#788),#8571,.F.);
#8891=ADVANCED_FACE('',(#789),#8572,.F.);
#8892=ADVANCED_FACE('',(#790),#8573,.F.);
#8893=ADVANCED_FACE('',(#791),#8574,.F.);
#8894=ADVANCED_FACE('',(#792),#8575,.F.);
#8895=ADVANCED_FACE('',(#793),#8576,.F.);
#8896=ADVANCED_FACE('',(#794),#8577,.F.);
#8897=ADVANCED_FACE('',(#795),#8578,.F.);
#8898=ADVANCED_FACE('',(#796),#8579,.F.);
#8899=ADVANCED_FACE('',(#797),#346,.F.);
#8900=ADVANCED_FACE('',(#798),#347,.F.);
#8901=ADVANCED_FACE('',(#799),#348,.F.);
#8902=ADVANCED_FACE('',(#800),#349,.T.);
#8903=ADVANCED_FACE('',(#801),#8580,.F.);
#8904=ADVANCED_FACE('',(#802),#8581,.F.);
#8905=ADVANCED_FACE('',(#803),#8582,.F.);
#8906=ADVANCED_FACE('',(#804),#8583,.F.);
#8907=ADVANCED_FACE('',(#805),#8584,.F.);
#8908=ADVANCED_FACE('',(#806),#8585,.F.);
#8909=ADVANCED_FACE('',(#807),#8586,.F.);
#8910=ADVANCED_FACE('',(#808),#8587,.F.);
#8911=ADVANCED_FACE('',(#809),#8588,.F.);
#8912=ADVANCED_FACE('',(#810),#350,.F.);
#8913=ADVANCED_FACE('',(#811),#8589,.F.);
#8914=ADVANCED_FACE('',(#812),#8590,.F.);
#8915=ADVANCED_FACE('',(#813),#8591,.F.);
#8916=ADVANCED_FACE('',(#814),#8592,.F.);
#8917=ADVANCED_FACE('',(#815),#8593,.F.);
#8918=ADVANCED_FACE('',(#816),#8594,.F.);
#8919=ADVANCED_FACE('',(#817),#8595,.F.);
#8920=ADVANCED_FACE('',(#818),#8596,.F.);
#8921=ADVANCED_FACE('',(#819),#8597,.F.);
#8922=ADVANCED_FACE('',(#820),#351,.F.);
#8923=ADVANCED_FACE('',(#821),#352,.F.);
#8924=ADVANCED_FACE('',(#822),#353,.F.);
#8925=ADVANCED_FACE('',(#823),#354,.T.);
#8926=ADVANCED_FACE('',(#824),#8598,.F.);
#8927=ADVANCED_FACE('',(#825),#8599,.F.);
#8928=ADVANCED_FACE('',(#826),#8600,.F.);
#8929=ADVANCED_FACE('',(#827),#8601,.F.);
#8930=ADVANCED_FACE('',(#828),#8602,.F.);
#8931=ADVANCED_FACE('',(#829),#8603,.F.);
#8932=ADVANCED_FACE('',(#830),#8604,.F.);
#8933=ADVANCED_FACE('',(#831),#8605,.F.);
#8934=ADVANCED_FACE('',(#832),#8606,.F.);
#8935=ADVANCED_FACE('',(#833),#355,.F.);
#8936=ADVANCED_FACE('',(#834),#8607,.F.);
#8937=ADVANCED_FACE('',(#835),#8608,.F.);
#8938=ADVANCED_FACE('',(#836),#8609,.F.);
#8939=ADVANCED_FACE('',(#837),#8610,.F.);
#8940=ADVANCED_FACE('',(#838),#8611,.F.);
#8941=ADVANCED_FACE('',(#839),#8612,.F.);
#8942=ADVANCED_FACE('',(#840),#8613,.F.);
#8943=ADVANCED_FACE('',(#841),#8614,.F.);
#8944=ADVANCED_FACE('',(#842),#8615,.F.);
#8945=ADVANCED_FACE('',(#843),#356,.F.);
#8946=ADVANCED_FACE('',(#844),#357,.F.);
#8947=ADVANCED_FACE('',(#845),#358,.F.);
#8948=ADVANCED_FACE('',(#846),#359,.T.);
#8949=ADVANCED_FACE('',(#847),#8616,.F.);
#8950=ADVANCED_FACE('',(#848),#8617,.F.);
#8951=ADVANCED_FACE('',(#849),#8618,.F.);
#8952=ADVANCED_FACE('',(#850),#8619,.F.);
#8953=ADVANCED_FACE('',(#851),#8620,.F.);
#8954=ADVANCED_FACE('',(#852),#8621,.F.);
#8955=ADVANCED_FACE('',(#853),#8622,.F.);
#8956=ADVANCED_FACE('',(#854),#8623,.F.);
#8957=ADVANCED_FACE('',(#855),#8624,.F.);
#8958=ADVANCED_FACE('',(#856),#8625,.F.);
#8959=ADVANCED_FACE('',(#857),#8626,.F.);
#8960=ADVANCED_FACE('',(#858),#8627,.F.);
#8961=ADVANCED_FACE('',(#859),#8628,.F.);
#8962=ADVANCED_FACE('',(#860),#8629,.F.);
#8963=ADVANCED_FACE('',(#861),#8630,.F.);
#8964=ADVANCED_FACE('',(#862),#8631,.F.);
#8965=ADVANCED_FACE('',(#863),#8632,.F.);
#8966=ADVANCED_FACE('',(#864),#8633,.F.);
#8967=ADVANCED_FACE('',(#865),#8634,.F.);
#8968=ADVANCED_FACE('',(#866),#8635,.F.);
#8969=ADVANCED_FACE('',(#867,#188),#360,.T.);
#8970=ADVANCED_FACE('',(#868),#361,.F.);
#8971=ADVANCED_FACE('',(#869),#362,.F.);
#8972=ADVANCED_FACE('',(#870),#363,.F.);
#8973=ADVANCED_FACE('',(#871),#364,.F.);
#8974=ADVANCED_FACE('',(#872),#365,.F.);
#8975=ADVANCED_FACE('',(#873),#8636,.F.);
#8976=ADVANCED_FACE('',(#874),#8637,.F.);
#8977=ADVANCED_FACE('',(#875),#8638,.F.);
#8978=ADVANCED_FACE('',(#876),#8639,.F.);
#8979=ADVANCED_FACE('',(#877),#8640,.F.);
#8980=ADVANCED_FACE('',(#878),#8641,.F.);
#8981=ADVANCED_FACE('',(#879),#8642,.F.);
#8982=ADVANCED_FACE('',(#880),#8643,.F.);
#8983=ADVANCED_FACE('',(#881),#8644,.F.);
#8984=ADVANCED_FACE('',(#882),#8645,.F.);
#8985=ADVANCED_FACE('',(#883),#8646,.F.);
#8986=ADVANCED_FACE('',(#884),#8647,.F.);
#8987=ADVANCED_FACE('',(#885),#8648,.F.);
#8988=ADVANCED_FACE('',(#886),#8649,.F.);
#8989=ADVANCED_FACE('',(#887),#8650,.F.);
#8990=ADVANCED_FACE('',(#888),#8651,.F.);
#8991=ADVANCED_FACE('',(#889),#8652,.F.);
#8992=ADVANCED_FACE('',(#890),#8653,.F.);
#8993=ADVANCED_FACE('',(#891),#8654,.F.);
#8994=ADVANCED_FACE('',(#892),#8655,.F.);
#8995=ADVANCED_FACE('',(#893,#189),#366,.T.);
#8996=ADVANCED_FACE('',(#894),#8656,.F.);
#8997=ADVANCED_FACE('',(#895),#8657,.F.);
#8998=ADVANCED_FACE('',(#896),#8658,.F.);
#8999=ADVANCED_FACE('',(#897),#8659,.F.);
#9000=ADVANCED_FACE('',(#898),#8660,.F.);
#9001=ADVANCED_FACE('',(#899),#8661,.F.);
#9002=ADVANCED_FACE('',(#900),#8662,.F.);
#9003=ADVANCED_FACE('',(#901),#8663,.F.);
#9004=ADVANCED_FACE('',(#902),#8664,.F.);
#9005=ADVANCED_FACE('',(#903),#8665,.F.);
#9006=ADVANCED_FACE('',(#904),#8666,.F.);
#9007=ADVANCED_FACE('',(#905),#8667,.F.);
#9008=ADVANCED_FACE('',(#906),#8668,.F.);
#9009=ADVANCED_FACE('',(#907),#8669,.F.);
#9010=ADVANCED_FACE('',(#908),#8670,.F.);
#9011=ADVANCED_FACE('',(#909),#8671,.F.);
#9012=ADVANCED_FACE('',(#910),#8672,.F.);
#9013=ADVANCED_FACE('',(#911),#8673,.F.);
#9014=ADVANCED_FACE('',(#912),#8674,.F.);
#9015=ADVANCED_FACE('',(#913),#8675,.F.);
#9016=ADVANCED_FACE('',(#914,#190),#367,.T.);
#9017=ADVANCED_FACE('',(#915),#368,.F.);
#9018=ADVANCED_FACE('',(#916),#369,.F.);
#9019=ADVANCED_FACE('',(#917),#370,.F.);
#9020=ADVANCED_FACE('',(#918),#371,.F.);
#9021=ADVANCED_FACE('',(#919),#372,.F.);
#9022=ADVANCED_FACE('',(#920),#373,.F.);
#9023=ADVANCED_FACE('',(#921),#374,.F.);
#9024=ADVANCED_FACE('',(#922),#375,.F.);
#9025=ADVANCED_FACE('',(#923),#376,.F.);
#9026=ADVANCED_FACE('',(#924),#377,.F.);
#9027=ADVANCED_FACE('',(#925),#378,.F.);
#9028=ADVANCED_FACE('',(#926),#379,.F.);
#9029=ADVANCED_FACE('',(#927),#380,.F.);
#9030=ADVANCED_FACE('',(#928),#381,.F.);
#9031=ADVANCED_FACE('',(#929),#382,.F.);
#9032=ADVANCED_FACE('',(#930),#383,.F.);
#9033=ADVANCED_FACE('',(#931),#384,.F.);
#9034=ADVANCED_FACE('',(#932),#385,.F.);
#9035=ADVANCED_FACE('',(#933),#8676,.F.);
#9036=ADVANCED_FACE('',(#934),#8677,.F.);
#9037=ADVANCED_FACE('',(#935),#8678,.F.);
#9038=ADVANCED_FACE('',(#936),#8679,.F.);
#9039=ADVANCED_FACE('',(#937),#8680,.F.);
#9040=ADVANCED_FACE('',(#938),#386,.F.);
#9041=ADVANCED_FACE('',(#939),#387,.F.);
#9042=ADVANCED_FACE('',(#940),#388,.F.);
#9043=ADVANCED_FACE('',(#941),#8681,.F.);
#9044=ADVANCED_FACE('',(#942),#8682,.F.);
#9045=ADVANCED_FACE('',(#943),#8683,.F.);
#9046=ADVANCED_FACE('',(#944),#8684,.F.);
#9047=ADVANCED_FACE('',(#945),#8685,.F.);
#9048=ADVANCED_FACE('',(#946),#8686,.F.);
#9049=ADVANCED_FACE('',(#947),#389,.F.);
#9050=ADVANCED_FACE('',(#948),#390,.F.);
#9051=ADVANCED_FACE('',(#949),#391,.F.);
#9052=ADVANCED_FACE('',(#950),#392,.T.);
#9053=ADVANCED_FACE('',(#951),#393,.F.);
#9054=ADVANCED_FACE('',(#952),#394,.F.);
#9055=ADVANCED_FACE('',(#953),#395,.F.);
#9056=ADVANCED_FACE('',(#954),#396,.F.);
#9057=ADVANCED_FACE('',(#955),#397,.F.);
#9058=ADVANCED_FACE('',(#956),#398,.F.);
#9059=ADVANCED_FACE('',(#957),#399,.F.);
#9060=ADVANCED_FACE('',(#958),#400,.F.);
#9061=ADVANCED_FACE('',(#959),#401,.F.);
#9062=ADVANCED_FACE('',(#960),#402,.F.);
#9063=ADVANCED_FACE('',(#961),#403,.F.);
#9064=ADVANCED_FACE('',(#962),#404,.F.);
#9065=ADVANCED_FACE('',(#963),#405,.F.);
#9066=ADVANCED_FACE('',(#964),#406,.F.);
#9067=ADVANCED_FACE('',(#965),#407,.F.);
#9068=ADVANCED_FACE('',(#966),#408,.F.);
#9069=ADVANCED_FACE('',(#967),#409,.F.);
#9070=ADVANCED_FACE('',(#968),#410,.F.);
#9071=ADVANCED_FACE('',(#969),#411,.F.);
#9072=ADVANCED_FACE('',(#970),#412,.F.);
#9073=ADVANCED_FACE('',(#971),#413,.F.);
#9074=ADVANCED_FACE('',(#972),#414,.F.);
#9075=ADVANCED_FACE('',(#973),#415,.F.);
#9076=ADVANCED_FACE('',(#974),#416,.F.);
#9077=ADVANCED_FACE('',(#975),#417,.F.);
#9078=ADVANCED_FACE('',(#976),#418,.F.);
#9079=ADVANCED_FACE('',(#977),#419,.F.);
#9080=ADVANCED_FACE('',(#978),#420,.F.);
#9081=ADVANCED_FACE('',(#979),#421,.F.);
#9082=ADVANCED_FACE('',(#980),#422,.F.);
#9083=ADVANCED_FACE('',(#981),#423,.T.);
#9084=ADVANCED_FACE('',(#982),#424,.T.);
#9085=ADVANCED_FACE('',(#983),#425,.T.);
#9086=ADVANCED_FACE('',(#984),#426,.T.);
#9087=ADVANCED_FACE('',(#985),#126,.F.);
#9088=ADVANCED_FACE('',(#986),#427,.T.);
#9089=ADVANCED_FACE('',(#987),#127,.F.);
#9090=ADVANCED_FACE('',(#988),#428,.T.);
#9091=ADVANCED_FACE('',(#989),#128,.F.);
#9092=ADVANCED_FACE('',(#990),#429,.T.);
#9093=ADVANCED_FACE('',(#991),#129,.F.);
#9094=ADVANCED_FACE('',(#992),#430,.T.);
#9095=ADVANCED_FACE('',(#993),#130,.F.);
#9096=ADVANCED_FACE('',(#994),#431,.T.);
#9097=ADVANCED_FACE('',(#995),#131,.F.);
#9098=ADVANCED_FACE('',(#996),#432,.T.);
#9099=ADVANCED_FACE('',(#997),#132,.F.);
#9100=ADVANCED_FACE('',(#998),#433,.T.);
#9101=ADVANCED_FACE('',(#999),#133,.F.);
#9102=ADVANCED_FACE('',(#1000),#434,.T.);
#9103=ADVANCED_FACE('',(#1001),#134,.F.);
#9104=ADVANCED_FACE('',(#1002),#435,.T.);
#9105=ADVANCED_FACE('',(#1003),#135,.F.);
#9106=ADVANCED_FACE('',(#1004),#436,.T.);
#9107=ADVANCED_FACE('',(#1005),#136,.F.);
#9108=ADVANCED_FACE('',(#1006),#437,.T.);
#9109=ADVANCED_FACE('',(#1007),#137,.F.);
#9110=ADVANCED_FACE('',(#1008),#438,.T.);
#9111=ADVANCED_FACE('',(#1009),#138,.F.);
#9112=ADVANCED_FACE('',(#1010),#439,.T.);
#9113=ADVANCED_FACE('',(#1011),#139,.F.);
#9114=ADVANCED_FACE('',(#1012),#440,.T.);
#9115=ADVANCED_FACE('',(#1013),#140,.F.);
#9116=ADVANCED_FACE('',(#1014),#441,.T.);
#9117=ADVANCED_FACE('',(#1015),#141,.F.);
#9118=ADVANCED_FACE('',(#1016),#442,.T.);
#9119=ADVANCED_FACE('',(#1017),#142,.F.);
#9120=ADVANCED_FACE('',(#1018),#443,.T.);
#9121=ADVANCED_FACE('',(#1019),#143,.F.);
#9122=ADVANCED_FACE('',(#1020),#444,.T.);
#9123=ADVANCED_FACE('',(#1021),#144,.F.);
#9124=ADVANCED_FACE('',(#1022),#445,.T.);
#9125=ADVANCED_FACE('',(#1023),#145,.F.);
#9126=ADVANCED_FACE('',(#1024),#446,.T.);
#9127=ADVANCED_FACE('',(#1025),#146,.F.);
#9128=ADVANCED_FACE('',(#1026),#447,.T.);
#9129=ADVANCED_FACE('',(#1027),#147,.F.);
#9130=ADVANCED_FACE('',(#1028),#448,.T.);
#9131=ADVANCED_FACE('',(#1029),#148,.F.);
#9132=ADVANCED_FACE('',(#1030),#449,.T.);
#9133=ADVANCED_FACE('',(#1031),#149,.F.);
#9134=ADVANCED_FACE('',(#1032),#450,.T.);
#9135=ADVANCED_FACE('',(#1033),#150,.F.);
#9136=ADVANCED_FACE('',(#1034),#451,.T.);
#9137=ADVANCED_FACE('',(#1035),#151,.F.);
#9138=ADVANCED_FACE('',(#1036),#452,.T.);
#9139=ADVANCED_FACE('',(#1037),#152,.F.);
#9140=ADVANCED_FACE('',(#1038),#453,.T.);
#9141=ADVANCED_FACE('',(#1039),#153,.F.);
#9142=ADVANCED_FACE('',(#1040),#454,.T.);
#9143=ADVANCED_FACE('',(#1041),#154,.F.);
#9144=ADVANCED_FACE('',(#1042),#455,.T.);
#9145=ADVANCED_FACE('',(#1043),#155,.F.);
#9146=ADVANCED_FACE('',(#1044),#456,.T.);
#9147=ADVANCED_FACE('',(#1045),#156,.F.);
#9148=ADVANCED_FACE('',(#1046),#457,.T.);
#9149=ADVANCED_FACE('',(#1047),#157,.F.);
#9150=ADVANCED_FACE('',(#1048),#458,.T.);
#9151=ADVANCED_FACE('',(#1049),#158,.F.);
#9152=ADVANCED_FACE('',(#1050),#459,.T.);
#9153=ADVANCED_FACE('',(#1051),#159,.F.);
#9154=ADVANCED_FACE('',(#1052),#460,.T.);
#9155=ADVANCED_FACE('',(#1053),#160,.F.);
#9156=ADVANCED_FACE('',(#1054),#461,.T.);
#9157=ADVANCED_FACE('',(#1055),#161,.F.);
#9158=ADVANCED_FACE('',(#1056),#462,.T.);
#9159=ADVANCED_FACE('',(#1057),#162,.F.);
#9160=ADVANCED_FACE('',(#1058),#463,.T.);
#9161=ADVANCED_FACE('',(#1059),#163,.F.);
#9162=ADVANCED_FACE('',(#1060),#464,.T.);
#9163=ADVANCED_FACE('',(#1061),#164,.F.);
#9164=ADVANCED_FACE('',(#1062),#465,.T.);
#9165=ADVANCED_FACE('',(#1063),#165,.F.);
#9166=ADVANCED_FACE('',(#1064),#466,.T.);
#9167=ADVANCED_FACE('',(#1065),#166,.F.);
#9168=ADVANCED_FACE('',(#1066),#467,.T.);
#9169=ADVANCED_FACE('',(#1067),#167,.F.);
#9170=ADVANCED_FACE('',(#1068),#468,.T.);
#9171=ADVANCED_FACE('',(#1069),#168,.F.);
#9172=ADVANCED_FACE('',(#1070),#469,.T.);
#9173=ADVANCED_FACE('',(#1071),#169,.F.);
#9174=ADVANCED_FACE('',(#1072),#470,.T.);
#9175=ADVANCED_FACE('',(#1073),#170,.F.);
#9176=ADVANCED_FACE('',(#1074),#471,.T.);
#9177=ADVANCED_FACE('',(#1075),#171,.F.);
#9178=ADVANCED_FACE('',(#1076),#472,.T.);
#9179=ADVANCED_FACE('',(#1077),#172,.F.);
#9180=ADVANCED_FACE('',(#1078),#473,.T.);
#9181=ADVANCED_FACE('',(#1079),#173,.F.);
#9182=ADVANCED_FACE('',(#1080),#474,.T.);
#9183=ADVANCED_FACE('',(#1081),#174,.T.);
#9184=ADVANCED_FACE('',(#1082),#475,.T.);
#9185=ADVANCED_FACE('',(#1083),#175,.T.);
#9186=ADVANCED_FACE('',(#1084),#476,.T.);
#9187=ADVANCED_FACE('',(#1085),#176,.T.);
#9188=ADVANCED_FACE('',(#1086),#477,.T.);
#9189=ADVANCED_FACE('',(#1087),#177,.T.);
#9190=ADVANCED_FACE('',(#1088),#478,.T.);
#9191=ADVANCED_FACE('',(#1089),#178,.T.);
#9192=ADVANCED_FACE('',(#1090),#479,.T.);
#9193=ADVANCED_FACE('',(#1091),#179,.T.);
#9194=ADVANCED_FACE('',(#1092),#480,.T.);
#9195=ADVANCED_FACE('',(#1093),#180,.T.);
#9196=ADVANCED_FACE('',(#1094),#481,.T.);
#9197=ADVANCED_FACE('',(#1095),#181,.T.);
#9198=ADVANCED_FACE('',(#1096),#482,.T.);
#9199=ADVANCED_FACE('',(#1097),#483,.F.);
#9200=ADVANCED_FACE('',(#1098),#484,.F.);
#9201=ADVANCED_FACE('',(#1099),#485,.F.);
#9202=ADVANCED_FACE('',(#1100),#486,.F.);
#9203=ADVANCED_FACE('',(#1101),#487,.T.);
#9204=ADVANCED_FACE('',(#1102),#488,.T.);
#9205=ADVANCED_FACE('',(#1103),#489,.T.);
#9206=ADVANCED_FACE('',(#1104),#490,.T.);
#9207=ADVANCED_FACE('',(#1105),#491,.T.);
#9208=ADVANCED_FACE('',(#1106,#191,#192,#193,#194,#195,#196,#197,#198,#199,
#200,#201,#202,#203,#204,#205,#206,#207,#208,#209,#210,#211,#212,#213,#214,
#215,#216,#217,#218,#219,#220,#221,#222,#223,#224,#225,#226,#227,#228,#229,
#230,#231,#232,#233,#234,#235,#236,#237,#238),#492,.T.);
#9209=ADVANCED_FACE('',(#1107),#493,.T.);
#9210=ADVANCED_FACE('',(#1108,#239,#240,#241,#242,#243,#244,#245,#246),
#494,.T.);
#9211=ADVANCED_FACE('',(#1109),#495,.T.);
#9212=ADVANCED_FACE('',(#1110,#247,#248,#249,#250,#251,#252,#253,#254,#255,
#256,#257,#258,#259,#260,#261,#262,#263,#264,#265,#266,#267,#268),#496,
 .F.);
#9213=CLOSED_SHELL('',(#8687,#8688,#8689,#8690,#8691,#8692,#8693,#8694,
#8695,#8696,#8697,#8698,#8699,#8700,#8701,#8702,#8703,#8704,#8705,#8706,
#8707,#8708,#8709,#8710,#8711,#8712,#8713,#8714,#8715,#8716,#8717,#8718,
#8719,#8720,#8721,#8722,#8723,#8724,#8725,#8726,#8727,#8728,#8729,#8730,
#8731,#8732,#8733,#8734,#8735,#8736,#8737,#8738,#8739,#8740,#8741,#8742,
#8743,#8744,#8745,#8746,#8747,#8748,#8749,#8750,#8751,#8752,#8753,#8754,
#8755,#8756,#8757,#8758,#8759,#8760,#8761,#8762,#8763,#8764,#8765,#8766,
#8767,#8768,#8769,#8770,#8771,#8772,#8773,#8774,#8775,#8776,#8777,#8778,
#8779,#8780,#8781,#8782,#8783,#8784,#8785,#8786,#8787,#8788,#8789,#8790,
#8791,#8792,#8793,#8794,#8795,#8796,#8797,#8798,#8799,#8800,#8801,#8802,
#8803,#8804,#8805,#8806,#8807,#8808,#8809,#8810,#8811,#8812,#8813,#8814,
#8815,#8816,#8817,#8818,#8819,#8820,#8821,#8822,#8823,#8824,#8825,#8826,
#8827,#8828,#8829,#8830,#8831,#8832,#8833,#8834,#8835,#8836,#8837,#8838,
#8839,#8840,#8841,#8842,#8843,#8844,#8845,#8846,#8847,#8848,#8849,#8850,
#8851,#8852,#8853,#8854,#8855,#8856,#8857,#8858,#8859,#8860,#8861,#8862,
#8863,#8864,#8865,#8866,#8867,#8868,#8869,#8870,#8871,#8872,#8873,#8874,
#8875,#8876,#8877,#8878,#8879,#8880,#8881,#8882,#8883,#8884,#8885,#8886,
#8887,#8888,#8889,#8890,#8891,#8892,#8893,#8894,#8895,#8896,#8897,#8898,
#8899,#8900,#8901,#8902,#8903,#8904,#8905,#8906,#8907,#8908,#8909,#8910,
#8911,#8912,#8913,#8914,#8915,#8916,#8917,#8918,#8919,#8920,#8921,#8922,
#8923,#8924,#8925,#8926,#8927,#8928,#8929,#8930,#8931,#8932,#8933,#8934,
#8935,#8936,#8937,#8938,#8939,#8940,#8941,#8942,#8943,#8944,#8945,#8946,
#8947,#8948,#8949,#8950,#8951,#8952,#8953,#8954,#8955,#8956,#8957,#8958,
#8959,#8960,#8961,#8962,#8963,#8964,#8965,#8966,#8967,#8968,#8969,#8970,
#8971,#8972,#8973,#8974,#8975,#8976,#8977,#8978,#8979,#8980,#8981,#8982,
#8983,#8984,#8985,#8986,#8987,#8988,#8989,#8990,#8991,#8992,#8993,#8994,
#8995,#8996,#8997,#8998,#8999,#9000,#9001,#9002,#9003,#9004,#9005,#9006,
#9007,#9008,#9009,#9010,#9011,#9012,#9013,#9014,#9015,#9016,#9017,#9018,
#9019,#9020,#9021,#9022,#9023,#9024,#9025,#9026,#9027,#9028,#9029,#9030,
#9031,#9032,#9033,#9034,#9035,#9036,#9037,#9038,#9039,#9040,#9041,#9042,
#9043,#9044,#9045,#9046,#9047,#9048,#9049,#9050,#9051,#9052,#9053,#9054,
#9055,#9056,#9057,#9058,#9059,#9060,#9061,#9062,#9063,#9064,#9065,#9066,
#9067,#9068,#9069,#9070,#9071,#9072,#9073,#9074,#9075,#9076,#9077,#9078,
#9079,#9080,#9081,#9082,#9083,#9084,#9085,#9086,#9087,#9088,#9089,#9090,
#9091,#9092,#9093,#9094,#9095,#9096,#9097,#9098,#9099,#9100,#9101,#9102,
#9103,#9104,#9105,#9106,#9107,#9108,#9109,#9110,#9111,#9112,#9113,#9114,
#9115,#9116,#9117,#9118,#9119,#9120,#9121,#9122,#9123,#9124,#9125,#9126,
#9127,#9128,#9129,#9130,#9131,#9132,#9133,#9134,#9135,#9136,#9137,#9138,
#9139,#9140,#9141,#9142,#9143,#9144,#9145,#9146,#9147,#9148,#9149,#9150,
#9151,#9152,#9153,#9154,#9155,#9156,#9157,#9158,#9159,#9160,#9161,#9162,
#9163,#9164,#9165,#9166,#9167,#9168,#9169,#9170,#9171,#9172,#9173,#9174,
#9175,#9176,#9177,#9178,#9179,#9180,#9181,#9182,#9183,#9184,#9185,#9186,
#9187,#9188,#9189,#9190,#9191,#9192,#9193,#9194,#9195,#9196,#9197,#9198,
#9199,#9200,#9201,#9202,#9203,#9204,#9205,#9206,#9207,#9208,#9209,#9210,
#9211,#9212));
#9214=DERIVED_UNIT_ELEMENT(#9216,1.);
#9215=DERIVED_UNIT_ELEMENT(#16027,-3.);
#9216=(
MASS_UNIT()
NAMED_UNIT(*)
SI_UNIT(.KILO.,.GRAM.)
);
#9217=DERIVED_UNIT((#9214,#9215));
#9218=MEASURE_REPRESENTATION_ITEM('density measure',
POSITIVE_RATIO_MEASURE(0.06),#9217);
#9219=PROPERTY_DEFINITION_REPRESENTATION(#9224,#9221);
#9220=PROPERTY_DEFINITION_REPRESENTATION(#9225,#9222);
#9221=REPRESENTATION('material name',(#9223),#16024);
#9222=REPRESENTATION('density',(#9218),#16024);
#9223=DESCRIPTIVE_REPRESENTATION_ITEM('N/A','N/A');
#9224=PROPERTY_DEFINITION('material property','material name',#16034);
#9225=PROPERTY_DEFINITION('material property','density of part',#16034);
#9226=AXIS2_PLACEMENT_3D('',#11132,#9623,#9624);
#9227=AXIS2_PLACEMENT_3D('',#11433,#9645,#9646);
#9228=AXIS2_PLACEMENT_3D('',#11434,#9647,#9648);
#9229=AXIS2_PLACEMENT_3D('',#11443,#9653,#9654);
#9230=AXIS2_PLACEMENT_3D('',#11449,#9658,#9659);
#9231=AXIS2_PLACEMENT_3D('',#11455,#9663,#9664);
#9232=AXIS2_PLACEMENT_3D('',#11461,#9668,#9669);
#9233=AXIS2_PLACEMENT_3D('',#11467,#9673,#9674);
#9234=AXIS2_PLACEMENT_3D('',#11473,#9678,#9679);
#9235=AXIS2_PLACEMENT_3D('',#11479,#9683,#9684);
#9236=AXIS2_PLACEMENT_3D('',#11485,#9688,#9689);
#9237=AXIS2_PLACEMENT_3D('',#11491,#9693,#9694);
#9238=AXIS2_PLACEMENT_3D('',#11497,#9698,#9699);
#9239=AXIS2_PLACEMENT_3D('',#11503,#9703,#9704);
#9240=AXIS2_PLACEMENT_3D('',#11506,#9707,#9708);
#9241=AXIS2_PLACEMENT_3D('',#11507,#9709,#9710);
#9242=AXIS2_PLACEMENT_3D('',#11516,#9715,#9716);
#9243=AXIS2_PLACEMENT_3D('',#11522,#9720,#9721);
#9244=AXIS2_PLACEMENT_3D('',#11528,#9725,#9726);
#9245=AXIS2_PLACEMENT_3D('',#11534,#9730,#9731);
#9246=AXIS2_PLACEMENT_3D('',#11540,#9735,#9736);
#9247=AXIS2_PLACEMENT_3D('',#11546,#9740,#9741);
#9248=AXIS2_PLACEMENT_3D('',#11552,#9745,#9746);
#9249=AXIS2_PLACEMENT_3D('',#11558,#9750,#9751);
#9250=AXIS2_PLACEMENT_3D('',#11594,#9757,#9758);
#9251=AXIS2_PLACEMENT_3D('',#11600,#9762,#9763);
#9252=AXIS2_PLACEMENT_3D('',#11606,#9767,#9768);
#9253=AXIS2_PLACEMENT_3D('',#11612,#9772,#9773);
#9254=AXIS2_PLACEMENT_3D('',#11615,#9776,#9777);
#9255=AXIS2_PLACEMENT_3D('',#11616,#9778,#9779);
#9256=AXIS2_PLACEMENT_3D('',#11625,#9784,#9785);
#9257=AXIS2_PLACEMENT_3D('',#11631,#9789,#9790);
#9258=AXIS2_PLACEMENT_3D('',#11634,#9793,#9794);
#9259=AXIS2_PLACEMENT_3D('',#11643,#9799,#9800);
#9260=AXIS2_PLACEMENT_3D('',#11649,#9804,#9805);
#9261=AXIS2_PLACEMENT_3D('',#11655,#9809,#9810);
#9262=AXIS2_PLACEMENT_3D('',#11661,#9814,#9815);
#9263=AXIS2_PLACEMENT_3D('',#11667,#9819,#9820);
#9264=AXIS2_PLACEMENT_3D('',#11673,#9824,#9825);
#9265=AXIS2_PLACEMENT_3D('',#11679,#9829,#9830);
#9266=AXIS2_PLACEMENT_3D('',#11685,#9834,#9835);
#9267=AXIS2_PLACEMENT_3D('',#11691,#9839,#9840);
#9268=AXIS2_PLACEMENT_3D('',#11697,#9844,#9845);
#9269=AXIS2_PLACEMENT_3D('',#11700,#9848,#9849);
#9270=AXIS2_PLACEMENT_3D('',#11701,#9850,#9851);
#9271=AXIS2_PLACEMENT_3D('',#11740,#9858,#9859);
#9272=AXIS2_PLACEMENT_3D('',#11776,#9865,#9866);
#9273=AXIS2_PLACEMENT_3D('',#11782,#9870,#9871);
#9274=AXIS2_PLACEMENT_3D('',#11788,#9875,#9876);
#9275=AXIS2_PLACEMENT_3D('',#11791,#9879,#9880);
#9276=AXIS2_PLACEMENT_3D('',#12092,#9901,#9902);
#9277=AXIS2_PLACEMENT_3D('',#12126,#9906,#9907);
#9278=AXIS2_PLACEMENT_3D('',#12132,#9911,#9912);
#9279=AXIS2_PLACEMENT_3D('',#12138,#9916,#9917);
#9280=AXIS2_PLACEMENT_3D('',#12141,#9920,#9921);
#9281=AXIS2_PLACEMENT_3D('',#12150,#9926,#9927);
#9282=AXIS2_PLACEMENT_3D('',#12156,#9931,#9932);
#9283=AXIS2_PLACEMENT_3D('',#12162,#9936,#9937);
#9284=AXIS2_PLACEMENT_3D('',#12168,#9941,#9942);
#9285=AXIS2_PLACEMENT_3D('',#12174,#9946,#9947);
#9286=AXIS2_PLACEMENT_3D('',#12180,#9951,#9952);
#9287=AXIS2_PLACEMENT_3D('',#12186,#9956,#9957);
#9288=AXIS2_PLACEMENT_3D('',#12189,#9960,#9961);
#9289=AXIS2_PLACEMENT_3D('',#12583,#9989,#9990);
#9290=AXIS2_PLACEMENT_3D('',#12601,#9994,#9995);
#9291=AXIS2_PLACEMENT_3D('',#12902,#10016,#10017);
#9292=AXIS2_PLACEMENT_3D('',#12903,#10018,#10019);
#9293=AXIS2_PLACEMENT_3D('',#12942,#10026,#10027);
#9294=AXIS2_PLACEMENT_3D('',#12978,#10033,#10034);
#9295=AXIS2_PLACEMENT_3D('',#12984,#10038,#10039);
#9296=AXIS2_PLACEMENT_3D('',#12990,#10043,#10044);
#9297=AXIS2_PLACEMENT_3D('',#12993,#10047,#10048);
#9298=AXIS2_PLACEMENT_3D('',#13132,#10059,#10060);
#9299=AXIS2_PLACEMENT_3D('',#13273,#10073,#10074);
#9300=AXIS2_PLACEMENT_3D('',#13279,#10078,#10079);
#9301=AXIS2_PLACEMENT_3D('',#13285,#10083,#10084);
#9302=AXIS2_PLACEMENT_3D('',#13288,#10087,#10088);
#9303=AXIS2_PLACEMENT_3D('',#13427,#10099,#10100);
#9304=AXIS2_PLACEMENT_3D('',#13568,#10113,#10114);
#9305=AXIS2_PLACEMENT_3D('',#13574,#10118,#10119);
#9306=AXIS2_PLACEMENT_3D('',#13580,#10123,#10124);
#9307=AXIS2_PLACEMENT_3D('',#13583,#10127,#10128);
#9308=AXIS2_PLACEMENT_3D('',#13722,#10139,#10140);
#9309=AXIS2_PLACEMENT_3D('',#13863,#10153,#10154);
#9310=AXIS2_PLACEMENT_3D('',#13869,#10158,#10159);
#9311=AXIS2_PLACEMENT_3D('',#13875,#10163,#10164);
#9312=AXIS2_PLACEMENT_3D('',#13878,#10167,#10168);
#9313=AXIS2_PLACEMENT_3D('',#14017,#10179,#10180);
#9314=AXIS2_PLACEMENT_3D('',#14158,#10193,#10194);
#9315=AXIS2_PLACEMENT_3D('',#14164,#10198,#10199);
#9316=AXIS2_PLACEMENT_3D('',#14170,#10203,#10204);
#9317=AXIS2_PLACEMENT_3D('',#14173,#10207,#10208);
#9318=AXIS2_PLACEMENT_3D('',#14474,#10229,#10230);
#9319=AXIS2_PLACEMENT_3D('',#14475,#10231,#10232);
#9320=AXIS2_PLACEMENT_3D('',#14484,#10237,#10238);
#9321=AXIS2_PLACEMENT_3D('',#14490,#10242,#10243);
#9322=AXIS2_PLACEMENT_3D('',#14496,#10247,#10248);
#9323=AXIS2_PLACEMENT_3D('',#14499,#10251,#10252);
#9324=AXIS2_PLACEMENT_3D('',#14800,#10273,#10274);
#9325=AXIS2_PLACEMENT_3D('',#15101,#10295,#10296);
#9326=AXIS2_PLACEMENT_3D('',#15102,#10297,#10298);
#9327=AXIS2_PLACEMENT_3D('',#15111,#10303,#10304);
#9328=AXIS2_PLACEMENT_3D('',#15117,#10308,#10309);
#9329=AXIS2_PLACEMENT_3D('',#15123,#10313,#10314);
#9330=AXIS2_PLACEMENT_3D('',#15126,#10317,#10318);
#9331=AXIS2_PLACEMENT_3D('',#15127,#10319,#10320);
#9332=AXIS2_PLACEMENT_3D('',#15136,#10325,#10326);
#9333=AXIS2_PLACEMENT_3D('',#15142,#10330,#10331);
#9334=AXIS2_PLACEMENT_3D('',#15148,#10335,#10336);
#9335=AXIS2_PLACEMENT_3D('',#15154,#10340,#10341);
#9336=AXIS2_PLACEMENT_3D('',#15160,#10345,#10346);
#9337=AXIS2_PLACEMENT_3D('',#15166,#10350,#10351);
#9338=AXIS2_PLACEMENT_3D('',#15172,#10355,#10356);
#9339=AXIS2_PLACEMENT_3D('',#15178,#10360,#10361);
#9340=AXIS2_PLACEMENT_3D('',#15184,#10365,#10366);
#9341=AXIS2_PLACEMENT_3D('',#15190,#10370,#10371);
#9342=AXIS2_PLACEMENT_3D('',#15196,#10375,#10376);
#9343=AXIS2_PLACEMENT_3D('',#15199,#10379,#10380);
#9344=AXIS2_PLACEMENT_3D('',#15278,#10387,#10388);
#9345=AXIS2_PLACEMENT_3D('',#15284,#10392,#10393);
#9346=AXIS2_PLACEMENT_3D('',#15290,#10397,#10398);
#9347=AXIS2_PLACEMENT_3D('',#15386,#10408,#10409);
#9348=AXIS2_PLACEMENT_3D('',#15392,#10413,#10414);
#9349=AXIS2_PLACEMENT_3D('',#15398,#10418,#10419);
#9350=AXIS2_PLACEMENT_3D('',#15401,#10422,#10423);
#9351=AXIS2_PLACEMENT_3D('',#15402,#10424,#10425);
#9352=AXIS2_PLACEMENT_3D('',#15411,#10430,#10431);
#9353=AXIS2_PLACEMENT_3D('',#15417,#10435,#10436);
#9354=AXIS2_PLACEMENT_3D('',#15423,#10440,#10441);
#9355=AXIS2_PLACEMENT_3D('',#15429,#10445,#10446);
#9356=AXIS2_PLACEMENT_3D('',#15435,#10450,#10451);
#9357=AXIS2_PLACEMENT_3D('',#15441,#10455,#10456);
#9358=AXIS2_PLACEMENT_3D('',#15447,#10460,#10461);
#9359=AXIS2_PLACEMENT_3D('',#15453,#10465,#10466);
#9360=AXIS2_PLACEMENT_3D('',#15459,#10470,#10471);
#9361=AXIS2_PLACEMENT_3D('',#15465,#10475,#10476);
#9362=AXIS2_PLACEMENT_3D('',#15471,#10480,#10481);
#9363=AXIS2_PLACEMENT_3D('',#15474,#10484,#10485);
#9364=AXIS2_PLACEMENT_3D('',#15475,#10486,#10487);
#9365=AXIS2_PLACEMENT_3D('',#15476,#10488,#10489);
#9366=AXIS2_PLACEMENT_3D('',#15477,#10490,#10491);
#9367=AXIS2_PLACEMENT_3D('',#15478,#10492,#10493);
#9368=AXIS2_PLACEMENT_3D('',#15479,#10494,#10495);
#9369=AXIS2_PLACEMENT_3D('',#15480,#10496,#10497);
#9370=AXIS2_PLACEMENT_3D('',#15481,#10498,#10499);
#9371=AXIS2_PLACEMENT_3D('',#15482,#10500,#10501);
#9372=AXIS2_PLACEMENT_3D('',#15483,#10502,#10503);
#9373=AXIS2_PLACEMENT_3D('',#15484,#10504,#10505);
#9374=AXIS2_PLACEMENT_3D('',#15493,#10510,#10511);
#9375=AXIS2_PLACEMENT_3D('',#15499,#10515,#10516);
#9376=AXIS2_PLACEMENT_3D('',#15508,#10521,#10522);
#9377=AXIS2_PLACEMENT_3D('',#15514,#10526,#10527);
#9378=AXIS2_PLACEMENT_3D('',#15523,#10532,#10533);
#9379=AXIS2_PLACEMENT_3D('',#15529,#10537,#10538);
#9380=AXIS2_PLACEMENT_3D('',#15538,#10543,#10544);
#9381=AXIS2_PLACEMENT_3D('',#15544,#10548,#10549);
#9382=AXIS2_PLACEMENT_3D('',#15552,#10554,#10555);
#9383=AXIS2_PLACEMENT_3D('',#15558,#10559,#10560);
#9384=AXIS2_PLACEMENT_3D('',#15564,#10564,#10565);
#9385=AXIS2_PLACEMENT_3D('',#15572,#10570,#10571);
#9386=AXIS2_PLACEMENT_3D('',#15574,#10572,#10573);
#9387=AXIS2_PLACEMENT_3D('',#15577,#10575,#10576);
#9388=AXIS2_PLACEMENT_3D('',#15578,#10577,#10578);
#9389=AXIS2_PLACEMENT_3D('',#15579,#10579,#10580);
#9390=AXIS2_PLACEMENT_3D('',#15581,#10581,#10582);
#9391=AXIS2_PLACEMENT_3D('',#15584,#10584,#10585);
#9392=AXIS2_PLACEMENT_3D('',#15585,#10586,#10587);
#9393=AXIS2_PLACEMENT_3D('',#15586,#10588,#10589);
#9394=AXIS2_PLACEMENT_3D('',#15588,#10590,#10591);
#9395=AXIS2_PLACEMENT_3D('',#15591,#10593,#10594);
#9396=AXIS2_PLACEMENT_3D('',#15592,#10595,#10596);
#9397=AXIS2_PLACEMENT_3D('',#15593,#10597,#10598);
#9398=AXIS2_PLACEMENT_3D('',#15595,#10599,#10600);
#9399=AXIS2_PLACEMENT_3D('',#15598,#10602,#10603);
#9400=AXIS2_PLACEMENT_3D('',#15599,#10604,#10605);
#9401=AXIS2_PLACEMENT_3D('',#15600,#10606,#10607);
#9402=AXIS2_PLACEMENT_3D('',#15602,#10608,#10609);
#9403=AXIS2_PLACEMENT_3D('',#15605,#10611,#10612);
#9404=AXIS2_PLACEMENT_3D('',#15606,#10613,#10614);
#9405=AXIS2_PLACEMENT_3D('',#15607,#10615,#10616);
#9406=AXIS2_PLACEMENT_3D('',#15609,#10617,#10618);
#9407=AXIS2_PLACEMENT_3D('',#15612,#10620,#10621);
#9408=AXIS2_PLACEMENT_3D('',#15613,#10622,#10623);
#9409=AXIS2_PLACEMENT_3D('',#15614,#10624,#10625);
#9410=AXIS2_PLACEMENT_3D('',#15616,#10626,#10627);
#9411=AXIS2_PLACEMENT_3D('',#15619,#10629,#10630);
#9412=AXIS2_PLACEMENT_3D('',#15620,#10631,#10632);
#9413=AXIS2_PLACEMENT_3D('',#15621,#10633,#10634);
#9414=AXIS2_PLACEMENT_3D('',#15623,#10635,#10636);
#9415=AXIS2_PLACEMENT_3D('',#15626,#10638,#10639);
#9416=AXIS2_PLACEMENT_3D('',#15627,#10640,#10641);
#9417=AXIS2_PLACEMENT_3D('',#15628,#10642,#10643);
#9418=AXIS2_PLACEMENT_3D('',#15630,#10644,#10645);
#9419=AXIS2_PLACEMENT_3D('',#15633,#10647,#10648);
#9420=AXIS2_PLACEMENT_3D('',#15634,#10649,#10650);
#9421=AXIS2_PLACEMENT_3D('',#15635,#10651,#10652);
#9422=AXIS2_PLACEMENT_3D('',#15637,#10653,#10654);
#9423=AXIS2_PLACEMENT_3D('',#15640,#10656,#10657);
#9424=AXIS2_PLACEMENT_3D('',#15641,#10658,#10659);
#9425=AXIS2_PLACEMENT_3D('',#15642,#10660,#10661);
#9426=AXIS2_PLACEMENT_3D('',#15644,#10662,#10663);
#9427=AXIS2_PLACEMENT_3D('',#15647,#10665,#10666);
#9428=AXIS2_PLACEMENT_3D('',#15648,#10667,#10668);
#9429=AXIS2_PLACEMENT_3D('',#15649,#10669,#10670);
#9430=AXIS2_PLACEMENT_3D('',#15651,#10671,#10672);
#9431=AXIS2_PLACEMENT_3D('',#15654,#10674,#10675);
#9432=AXIS2_PLACEMENT_3D('',#15655,#10676,#10677);
#9433=AXIS2_PLACEMENT_3D('',#15656,#10678,#10679);
#9434=AXIS2_PLACEMENT_3D('',#15658,#10680,#10681);
#9435=AXIS2_PLACEMENT_3D('',#15661,#10683,#10684);
#9436=AXIS2_PLACEMENT_3D('',#15662,#10685,#10686);
#9437=AXIS2_PLACEMENT_3D('',#15663,#10687,#10688);
#9438=AXIS2_PLACEMENT_3D('',#15665,#10689,#10690);
#9439=AXIS2_PLACEMENT_3D('',#15668,#10692,#10693);
#9440=AXIS2_PLACEMENT_3D('',#15669,#10694,#10695);
#9441=AXIS2_PLACEMENT_3D('',#15670,#10696,#10697);
#9442=AXIS2_PLACEMENT_3D('',#15672,#10698,#10699);
#9443=AXIS2_PLACEMENT_3D('',#15675,#10701,#10702);
#9444=AXIS2_PLACEMENT_3D('',#15676,#10703,#10704);
#9445=AXIS2_PLACEMENT_3D('',#15677,#10705,#10706);
#9446=AXIS2_PLACEMENT_3D('',#15679,#10707,#10708);
#9447=AXIS2_PLACEMENT_3D('',#15682,#10710,#10711);
#9448=AXIS2_PLACEMENT_3D('',#15683,#10712,#10713);
#9449=AXIS2_PLACEMENT_3D('',#15684,#10714,#10715);
#9450=AXIS2_PLACEMENT_3D('',#15686,#10716,#10717);
#9451=AXIS2_PLACEMENT_3D('',#15689,#10719,#10720);
#9452=AXIS2_PLACEMENT_3D('',#15690,#10721,#10722);
#9453=AXIS2_PLACEMENT_3D('',#15691,#10723,#10724);
#9454=AXIS2_PLACEMENT_3D('',#15693,#10725,#10726);
#9455=AXIS2_PLACEMENT_3D('',#15696,#10728,#10729);
#9456=AXIS2_PLACEMENT_3D('',#15697,#10730,#10731);
#9457=AXIS2_PLACEMENT_3D('',#15698,#10732,#10733);
#9458=AXIS2_PLACEMENT_3D('',#15700,#10734,#10735);
#9459=AXIS2_PLACEMENT_3D('',#15703,#10737,#10738);
#9460=AXIS2_PLACEMENT_3D('',#15704,#10739,#10740);
#9461=AXIS2_PLACEMENT_3D('',#15705,#10741,#10742);
#9462=AXIS2_PLACEMENT_3D('',#15707,#10743,#10744);
#9463=AXIS2_PLACEMENT_3D('',#15710,#10746,#10747);
#9464=AXIS2_PLACEMENT_3D('',#15711,#10748,#10749);
#9465=AXIS2_PLACEMENT_3D('',#15712,#10750,#10751);
#9466=AXIS2_PLACEMENT_3D('',#15714,#10752,#10753);
#9467=AXIS2_PLACEMENT_3D('',#15717,#10755,#10756);
#9468=AXIS2_PLACEMENT_3D('',#15718,#10757,#10758);
#9469=AXIS2_PLACEMENT_3D('',#15719,#10759,#10760);
#9470=AXIS2_PLACEMENT_3D('',#15721,#10761,#10762);
#9471=AXIS2_PLACEMENT_3D('',#15724,#10764,#10765);
#9472=AXIS2_PLACEMENT_3D('',#15725,#10766,#10767);
#9473=AXIS2_PLACEMENT_3D('',#15726,#10768,#10769);
#9474=AXIS2_PLACEMENT_3D('',#15728,#10770,#10771);
#9475=AXIS2_PLACEMENT_3D('',#15731,#10773,#10774);
#9476=AXIS2_PLACEMENT_3D('',#15732,#10775,#10776);
#9477=AXIS2_PLACEMENT_3D('',#15733,#10777,#10778);
#9478=AXIS2_PLACEMENT_3D('',#15735,#10779,#10780);
#9479=AXIS2_PLACEMENT_3D('',#15738,#10782,#10783);
#9480=AXIS2_PLACEMENT_3D('',#15739,#10784,#10785);
#9481=AXIS2_PLACEMENT_3D('',#15740,#10786,#10787);
#9482=AXIS2_PLACEMENT_3D('',#15742,#10788,#10789);
#9483=AXIS2_PLACEMENT_3D('',#15745,#10791,#10792);
#9484=AXIS2_PLACEMENT_3D('',#15746,#10793,#10794);
#9485=AXIS2_PLACEMENT_3D('',#15747,#10795,#10796);
#9486=AXIS2_PLACEMENT_3D('',#15749,#10797,#10798);
#9487=AXIS2_PLACEMENT_3D('',#15752,#10800,#10801);
#9488=AXIS2_PLACEMENT_3D('',#15753,#10802,#10803);
#9489=AXIS2_PLACEMENT_3D('',#15754,#10804,#10805);
#9490=AXIS2_PLACEMENT_3D('',#15756,#10806,#10807);
#9491=AXIS2_PLACEMENT_3D('',#15759,#10809,#10810);
#9492=AXIS2_PLACEMENT_3D('',#15760,#10811,#10812);
#9493=AXIS2_PLACEMENT_3D('',#15761,#10813,#10814);
#9494=AXIS2_PLACEMENT_3D('',#15763,#10815,#10816);
#9495=AXIS2_PLACEMENT_3D('',#15766,#10818,#10819);
#9496=AXIS2_PLACEMENT_3D('',#15767,#10820,#10821);
#9497=AXIS2_PLACEMENT_3D('',#15768,#10822,#10823);
#9498=AXIS2_PLACEMENT_3D('',#15770,#10824,#10825);
#9499=AXIS2_PLACEMENT_3D('',#15773,#10827,#10828);
#9500=AXIS2_PLACEMENT_3D('',#15774,#10829,#10830);
#9501=AXIS2_PLACEMENT_3D('',#15775,#10831,#10832);
#9502=AXIS2_PLACEMENT_3D('',#15777,#10833,#10834);
#9503=AXIS2_PLACEMENT_3D('',#15780,#10836,#10837);
#9504=AXIS2_PLACEMENT_3D('',#15781,#10838,#10839);
#9505=AXIS2_PLACEMENT_3D('',#15782,#10840,#10841);
#9506=AXIS2_PLACEMENT_3D('',#15784,#10842,#10843);
#9507=AXIS2_PLACEMENT_3D('',#15787,#10845,#10846);
#9508=AXIS2_PLACEMENT_3D('',#15788,#10847,#10848);
#9509=AXIS2_PLACEMENT_3D('',#15789,#10849,#10850);
#9510=AXIS2_PLACEMENT_3D('',#15791,#10851,#10852);
#9511=AXIS2_PLACEMENT_3D('',#15794,#10854,#10855);
#9512=AXIS2_PLACEMENT_3D('',#15795,#10856,#10857);
#9513=AXIS2_PLACEMENT_3D('',#15796,#10858,#10859);
#9514=AXIS2_PLACEMENT_3D('',#15798,#10860,#10861);
#9515=AXIS2_PLACEMENT_3D('',#15801,#10863,#10864);
#9516=AXIS2_PLACEMENT_3D('',#15802,#10865,#10866);
#9517=AXIS2_PLACEMENT_3D('',#15803,#10867,#10868);
#9518=AXIS2_PLACEMENT_3D('',#15805,#10869,#10870);
#9519=AXIS2_PLACEMENT_3D('',#15808,#10872,#10873);
#9520=AXIS2_PLACEMENT_3D('',#15809,#10874,#10875);
#9521=AXIS2_PLACEMENT_3D('',#15810,#10876,#10877);
#9522=AXIS2_PLACEMENT_3D('',#15812,#10878,#10879);
#9523=AXIS2_PLACEMENT_3D('',#15815,#10881,#10882);
#9524=AXIS2_PLACEMENT_3D('',#15816,#10883,#10884);
#9525=AXIS2_PLACEMENT_3D('',#15817,#10885,#10886);
#9526=AXIS2_PLACEMENT_3D('',#15819,#10887,#10888);
#9527=AXIS2_PLACEMENT_3D('',#15822,#10890,#10891);
#9528=AXIS2_PLACEMENT_3D('',#15823,#10892,#10893);
#9529=AXIS2_PLACEMENT_3D('',#15824,#10894,#10895);
#9530=AXIS2_PLACEMENT_3D('',#15826,#10896,#10897);
#9531=AXIS2_PLACEMENT_3D('',#15829,#10899,#10900);
#9532=AXIS2_PLACEMENT_3D('',#15830,#10901,#10902);
#9533=AXIS2_PLACEMENT_3D('',#15831,#10903,#10904);
#9534=AXIS2_PLACEMENT_3D('',#15833,#10905,#10906);
#9535=AXIS2_PLACEMENT_3D('',#15836,#10908,#10909);
#9536=AXIS2_PLACEMENT_3D('',#15837,#10910,#10911);
#9537=AXIS2_PLACEMENT_3D('',#15838,#10912,#10913);
#9538=AXIS2_PLACEMENT_3D('',#15840,#10914,#10915);
#9539=AXIS2_PLACEMENT_3D('',#15843,#10917,#10918);
#9540=AXIS2_PLACEMENT_3D('',#15844,#10919,#10920);
#9541=AXIS2_PLACEMENT_3D('',#15845,#10921,#10922);
#9542=AXIS2_PLACEMENT_3D('',#15847,#10923,#10924);
#9543=AXIS2_PLACEMENT_3D('',#15850,#10926,#10927);
#9544=AXIS2_PLACEMENT_3D('',#15851,#10928,#10929);
#9545=AXIS2_PLACEMENT_3D('',#15852,#10930,#10931);
#9546=AXIS2_PLACEMENT_3D('',#15854,#10932,#10933);
#9547=AXIS2_PLACEMENT_3D('',#15857,#10935,#10936);
#9548=AXIS2_PLACEMENT_3D('',#15858,#10937,#10938);
#9549=AXIS2_PLACEMENT_3D('',#15859,#10939,#10940);
#9550=AXIS2_PLACEMENT_3D('',#15861,#10941,#10942);
#9551=AXIS2_PLACEMENT_3D('',#15864,#10944,#10945);
#9552=AXIS2_PLACEMENT_3D('',#15865,#10946,#10947);
#9553=AXIS2_PLACEMENT_3D('',#15866,#10948,#10949);
#9554=AXIS2_PLACEMENT_3D('',#15868,#10950,#10951);
#9555=AXIS2_PLACEMENT_3D('',#15871,#10953,#10954);
#9556=AXIS2_PLACEMENT_3D('',#15872,#10955,#10956);
#9557=AXIS2_PLACEMENT_3D('',#15873,#10957,#10958);
#9558=AXIS2_PLACEMENT_3D('',#15875,#10959,#10960);
#9559=AXIS2_PLACEMENT_3D('',#15878,#10962,#10963);
#9560=AXIS2_PLACEMENT_3D('',#15879,#10964,#10965);
#9561=AXIS2_PLACEMENT_3D('',#15880,#10966,#10967);
#9562=AXIS2_PLACEMENT_3D('',#15882,#10968,#10969);
#9563=AXIS2_PLACEMENT_3D('',#15885,#10971,#10972);
#9564=AXIS2_PLACEMENT_3D('',#15886,#10973,#10974);
#9565=AXIS2_PLACEMENT_3D('',#15887,#10975,#10976);
#9566=AXIS2_PLACEMENT_3D('',#15889,#10977,#10978);
#9567=AXIS2_PLACEMENT_3D('',#15892,#10980,#10981);
#9568=AXIS2_PLACEMENT_3D('',#15893,#10982,#10983);
#9569=AXIS2_PLACEMENT_3D('',#15894,#10984,#10985);
#9570=AXIS2_PLACEMENT_3D('',#15896,#10986,#10987);
#9571=AXIS2_PLACEMENT_3D('',#15899,#10989,#10990);
#9572=AXIS2_PLACEMENT_3D('',#15900,#10991,#10992);
#9573=AXIS2_PLACEMENT_3D('',#15901,#10993,#10994);
#9574=AXIS2_PLACEMENT_3D('',#15903,#10995,#10996);
#9575=AXIS2_PLACEMENT_3D('',#15906,#10998,#10999);
#9576=AXIS2_PLACEMENT_3D('',#15907,#11000,#11001);
#9577=AXIS2_PLACEMENT_3D('',#15908,#11002,#11003);
#9578=AXIS2_PLACEMENT_3D('',#15910,#11004,#11005);
#9579=AXIS2_PLACEMENT_3D('',#15913,#11007,#11008);
#9580=AXIS2_PLACEMENT_3D('',#15914,#11009,#11010);
#9581=AXIS2_PLACEMENT_3D('',#15915,#11011,#11012);
#9582=AXIS2_PLACEMENT_3D('',#15917,#11013,#11014);
#9583=AXIS2_PLACEMENT_3D('',#15920,#11016,#11017);
#9584=AXIS2_PLACEMENT_3D('',#15921,#11018,#11019);
#9585=AXIS2_PLACEMENT_3D('',#15922,#11020,#11021);
#9586=AXIS2_PLACEMENT_3D('',#15924,#11022,#11023);
#9587=AXIS2_PLACEMENT_3D('',#15927,#11025,#11026);
#9588=AXIS2_PLACEMENT_3D('',#15928,#11027,#11028);
#9589=AXIS2_PLACEMENT_3D('',#15929,#11029,#11030);
#9590=AXIS2_PLACEMENT_3D('',#15931,#11031,#11032);
#9591=AXIS2_PLACEMENT_3D('',#15934,#11034,#11035);
#9592=AXIS2_PLACEMENT_3D('',#15935,#11036,#11037);
#9593=AXIS2_PLACEMENT_3D('',#15936,#11038,#11039);
#9594=AXIS2_PLACEMENT_3D('',#15938,#11040,#11041);
#9595=AXIS2_PLACEMENT_3D('',#15941,#11043,#11044);
#9596=AXIS2_PLACEMENT_3D('',#15942,#11045,#11046);
#9597=AXIS2_PLACEMENT_3D('',#15943,#11047,#11048);
#9598=AXIS2_PLACEMENT_3D('',#15945,#11049,#11050);
#9599=AXIS2_PLACEMENT_3D('',#15948,#11052,#11053);
#9600=AXIS2_PLACEMENT_3D('',#15949,#11054,#11055);
#9601=AXIS2_PLACEMENT_3D('',#15950,#11056,#11057);
#9602=AXIS2_PLACEMENT_3D('',#15952,#11058,#11059);
#9603=AXIS2_PLACEMENT_3D('',#15955,#11061,#11062);
#9604=AXIS2_PLACEMENT_3D('',#15956,#11063,#11064);
#9605=AXIS2_PLACEMENT_3D('',#15957,#11065,#11066);
#9606=AXIS2_PLACEMENT_3D('',#15959,#11067,#11068);
#9607=AXIS2_PLACEMENT_3D('',#15962,#11070,#11071);
#9608=AXIS2_PLACEMENT_3D('',#15963,#11072,#11073);
#9609=AXIS2_PLACEMENT_3D('',#15964,#11074,#11075);
#9610=AXIS2_PLACEMENT_3D('',#15970,#11079,#11080);
#9611=AXIS2_PLACEMENT_3D('',#15974,#11083,#11084);
#9612=AXIS2_PLACEMENT_3D('',#15980,#11088,#11089);
#9613=AXIS2_PLACEMENT_3D('',#15984,#11092,#11093);
#9614=AXIS2_PLACEMENT_3D('',#15993,#11099,#11100);
#9615=AXIS2_PLACEMENT_3D('',#15995,#11102,#11103);
#9616=AXIS2_PLACEMENT_3D('',#16004,#11109,#11110);
#9617=AXIS2_PLACEMENT_3D('',#16008,#11113,#11114);
#9618=AXIS2_PLACEMENT_3D('',#16010,#11116,#11117);
#9619=AXIS2_PLACEMENT_3D('',#16013,#11120,#11121);
#9620=AXIS2_PLACEMENT_3D('',#16017,#11124,#11125);
#9621=AXIS2_PLACEMENT_3D('',#16020,#11128,#11129);
#9622=AXIS2_PLACEMENT_3D('',#16021,#11130,#11131);
#9623=DIRECTION('axis',(0.,0.,1.));
#9624=DIRECTION('refdir',(1.,0.,0.));
#9625=DIRECTION('',(0.,-1.,0.));
#9626=DIRECTION('',(0.,-1.,0.));
#9627=DIRECTION('',(0.,-1.,0.));
#9628=DIRECTION('',(0.,-1.,0.));
#9629=DIRECTION('',(0.,-1.,0.));
#9630=DIRECTION('',(0.,-1.,0.));
#9631=DIRECTION('',(0.,-1.,0.));
#9632=DIRECTION('',(0.,-1.,0.));
#9633=DIRECTION('',(0.,-1.,0.));
#9634=DIRECTION('',(0.,-1.,0.));
#9635=DIRECTION('',(0.,-1.,0.));
#9636=DIRECTION('',(0.,-1.,0.));
#9637=DIRECTION('',(0.,-1.,0.));
#9638=DIRECTION('',(0.,-1.,0.));
#9639=DIRECTION('',(0.,-1.,0.));
#9640=DIRECTION('',(0.,-1.,0.));
#9641=DIRECTION('',(0.,-1.,0.));
#9642=DIRECTION('',(0.,-1.,0.));
#9643=DIRECTION('',(0.,-1.,0.));
#9644=DIRECTION('',(0.,-1.,0.));
#9645=DIRECTION('center_axis',(0.,1.,0.));
#9646=DIRECTION('ref_axis',(-1.,0.,0.));
#9647=DIRECTION('center_axis',(-1.,0.,0.));
#9648=DIRECTION('ref_axis',(0.,0.,-1.));
#9649=DIRECTION('',(0.,0.,-1.));
#9650=DIRECTION('',(0.,-1.,0.));
#9651=DIRECTION('',(0.,0.,-1.));
#9652=DIRECTION('',(0.,-1.,0.));
#9653=DIRECTION('center_axis',(-0.698100094366511,0.,-0.716000180338992));
#9654=DIRECTION('ref_axis',(0.716000180338991,0.,-0.698100094366511));
#9655=DIRECTION('',(0.716000180338991,-1.58983977169623E-16,-0.698100094366511));
#9656=DIRECTION('',(0.,-1.,0.));
#9657=DIRECTION('',(0.716000180338991,0.,-0.698100094366511));
#9658=DIRECTION('center_axis',(0.817883180381629,0.,-0.575384309178511));
#9659=DIRECTION('ref_axis',(0.575384309178511,0.,0.817883180381629));
#9660=DIRECTION('',(0.575384309178511,-1.27760981611605E-16,0.817883180381629));
#9661=DIRECTION('',(0.,-1.,0.));
#9662=DIRECTION('',(0.575384309178511,0.,0.817883180381629));
#9663=DIRECTION('center_axis',(0.,0.,-1.));
#9664=DIRECTION('ref_axis',(1.,0.,0.));
#9665=DIRECTION('',(1.,-2.22044604925031E-16,0.));
#9666=DIRECTION('',(0.,-1.,0.));
#9667=DIRECTION('',(1.,0.,0.));
#9668=DIRECTION('center_axis',(-0.805287769593252,0.,0.592884143946797));
#9669=DIRECTION('ref_axis',(-0.592884143946797,0.,-0.805287769593252));
#9670=DIRECTION('',(-0.592884143946797,1.31646725508982E-16,-0.805287769593252));
#9671=DIRECTION('',(0.,-1.,0.));
#9672=DIRECTION('',(-0.592884143946797,0.,-0.805287769593252));
#9673=DIRECTION('center_axis',(-0.694719594404599,0.,-0.719280672026094));
#9674=DIRECTION('ref_axis',(0.719280672026094,0.,-0.694719594404599));
#9675=DIRECTION('',(0.719280672026094,-1.59712392650245E-16,-0.694719594404599));
#9676=DIRECTION('',(0.,-1.,0.));
#9677=DIRECTION('',(0.719280672026094,0.,-0.694719594404599));
#9678=DIRECTION('center_axis',(0.,0.,1.));
#9679=DIRECTION('ref_axis',(-1.,0.,0.));
#9680=DIRECTION('',(-1.,2.22044604925031E-16,0.));
#9681=DIRECTION('',(0.,-1.,0.));
#9682=DIRECTION('',(-1.,0.,0.));
#9683=DIRECTION('center_axis',(0.706620649968515,0.,0.707592578422127));
#9684=DIRECTION('ref_axis',(-0.707592578422127,0.,0.706620649968515));
#9685=DIRECTION('',(-0.707592578422127,1.57117114523625E-16,0.706620649968515));
#9686=DIRECTION('',(0.,-1.,0.));
#9687=DIRECTION('',(-0.707592578422127,0.,0.706620649968515));
#9688=DIRECTION('center_axis',(-1.,0.,0.));
#9689=DIRECTION('ref_axis',(0.,0.,-1.));
#9690=DIRECTION('',(0.,0.,-1.));
#9691=DIRECTION('',(0.,-1.,0.));
#9692=DIRECTION('',(0.,0.,-1.));
#9693=DIRECTION('center_axis',(0.,0.,1.));
#9694=DIRECTION('ref_axis',(-1.,0.,0.));
#9695=DIRECTION('',(-1.,2.22044604925031E-16,0.));
#9696=DIRECTION('',(0.,-1.,0.));
#9697=DIRECTION('',(-1.,0.,0.));
#9698=DIRECTION('center_axis',(1.,0.,0.));
#9699=DIRECTION('ref_axis',(0.,0.,1.));
#9700=DIRECTION('',(0.,0.,1.));
#9701=DIRECTION('',(0.,-1.,0.));
#9702=DIRECTION('',(0.,0.,1.));
#9703=DIRECTION('center_axis',(0.,0.,-1.));
#9704=DIRECTION('ref_axis',(1.,0.,0.));
#9705=DIRECTION('',(1.,-2.22044604925031E-16,0.));
#9706=DIRECTION('',(1.,0.,0.));
#9707=DIRECTION('center_axis',(0.,-1.,0.));
#9708=DIRECTION('ref_axis',(0.,0.,-1.));
#9709=DIRECTION('center_axis',(-1.,0.,0.));
#9710=DIRECTION('ref_axis',(0.,0.,-1.));
#9711=DIRECTION('',(0.,0.,-1.));
#9712=DIRECTION('',(0.,-1.,0.));
#9713=DIRECTION('',(0.,0.,-1.));
#9714=DIRECTION('',(0.,-1.,0.));
#9715=DIRECTION('center_axis',(0.946846744289637,0.,-0.321685005600376));
#9716=DIRECTION('ref_axis',(0.321685005600376,0.,0.946846744289637));
#9717=DIRECTION('',(0.321685005600376,-7.1428419978842E-17,0.946846744289637));
#9718=DIRECTION('',(0.,-1.,0.));
#9719=DIRECTION('',(0.321685005600376,0.,0.946846744289637));
#9720=DIRECTION('center_axis',(0.,0.,-1.));
#9721=DIRECTION('ref_axis',(1.,0.,0.));
#9722=DIRECTION('',(1.,-2.22044604925031E-16,0.));
#9723=DIRECTION('',(0.,-1.,0.));
#9724=DIRECTION('',(1.,0.,0.));
#9725=DIRECTION('center_axis',(-0.944683551275599,0.,-0.3279832129078));
#9726=DIRECTION('ref_axis',(0.3279832129078,0.,-0.944683551275599));
#9727=DIRECTION('',(0.3279832129078,-7.28269029321548E-17,-0.944683551275599));
#9728=DIRECTION('',(0.,-1.,0.));
#9729=DIRECTION('',(0.3279832129078,0.,-0.944683551275599));
#9730=DIRECTION('center_axis',(1.,0.,0.));
#9731=DIRECTION('ref_axis',(0.,0.,1.));
#9732=DIRECTION('',(0.,0.,1.));
#9733=DIRECTION('',(0.,-1.,0.));
#9734=DIRECTION('',(0.,0.,1.));
#9735=DIRECTION('center_axis',(0.,0.,-1.));
#9736=DIRECTION('ref_axis',(1.,0.,0.));
#9737=DIRECTION('',(1.,-2.22044604925031E-16,0.));
#9738=DIRECTION('',(0.,-1.,0.));
#9739=DIRECTION('',(1.,0.,0.));
#9740=DIRECTION('center_axis',(-1.,0.,0.));
#9741=DIRECTION('ref_axis',(0.,0.,-1.));
#9742=DIRECTION('',(0.,0.,-1.));
#9743=DIRECTION('',(0.,-1.,0.));
#9744=DIRECTION('',(0.,0.,-1.));
#9745=DIRECTION('center_axis',(0.,0.,1.));
#9746=DIRECTION('ref_axis',(-1.,0.,0.));
#9747=DIRECTION('',(-1.,2.22044604925031E-16,0.));
#9748=DIRECTION('',(0.,-1.,0.));
#9749=DIRECTION('',(-1.,0.,0.));
#9750=DIRECTION('center_axis',(0.945579672614495,0.,0.325390661725663));
#9751=DIRECTION('ref_axis',(-0.325390661725663,0.,0.945579672614495));
#9752=DIRECTION('',(-0.325390661725663,7.22512409291694E-17,0.945579672614495));
#9753=DIRECTION('',(0.,-1.,0.));
#9754=DIRECTION('',(-0.325390661725663,0.,0.945579672614495));
#9755=DIRECTION('',(0.,-1.,0.));
#9756=DIRECTION('',(0.,-1.,0.));
#9757=DIRECTION('center_axis',(-0.948408946215778,0.,0.317049634502039));
#9758=DIRECTION('ref_axis',(-0.317049634502039,0.,-0.948408946215779));
#9759=DIRECTION('',(-0.317049634502039,7.03991608346309E-17,-0.948408946215779));
#9760=DIRECTION('',(0.,-1.,0.));
#9761=DIRECTION('',(-0.317049634502039,0.,-0.948408946215779));
#9762=DIRECTION('center_axis',(0.,0.,1.));
#9763=DIRECTION('ref_axis',(-1.,0.,0.));
#9764=DIRECTION('',(-1.,2.22044604925031E-16,0.));
#9765=DIRECTION('',(0.,-1.,0.));
#9766=DIRECTION('',(-1.,0.,0.));
#9767=DIRECTION('center_axis',(1.,0.,0.));
#9768=DIRECTION('ref_axis',(0.,0.,1.));
#9769=DIRECTION('',(0.,0.,1.));
#9770=DIRECTION('',(0.,-1.,0.));
#9771=DIRECTION('',(0.,0.,1.));
#9772=DIRECTION('center_axis',(0.,0.,-1.));
#9773=DIRECTION('ref_axis',(1.,0.,0.));
#9774=DIRECTION('',(1.,-2.22044604925031E-16,0.));
#9775=DIRECTION('',(1.,0.,0.));
#9776=DIRECTION('center_axis',(0.,1.,0.));
#9777=DIRECTION('ref_axis',(-1.,0.,0.));
#9778=DIRECTION('center_axis',(-0.82138582738672,0.,-0.570372967950124));
#9779=DIRECTION('ref_axis',(0.570372967950124,0.,-0.821385827386721));
#9780=DIRECTION('',(0.570372967950124,-1.26648240328403E-16,-0.821385827386721));
#9781=DIRECTION('',(0.,-1.,0.));
#9782=DIRECTION('',(0.570372967950124,0.,-0.821385827386721));
#9783=DIRECTION('',(0.,-1.,0.));
#9784=DIRECTION('center_axis',(1.,0.,0.));
#9785=DIRECTION('ref_axis',(0.,0.,1.));
#9786=DIRECTION('',(0.,0.,1.));
#9787=DIRECTION('',(0.,-1.,0.));
#9788=DIRECTION('',(0.,0.,1.));
#9789=DIRECTION('center_axis',(0.,0.,1.));
#9790=DIRECTION('ref_axis',(-1.,0.,0.));
#9791=DIRECTION('',(-1.,2.22044604925031E-16,0.));
#9792=DIRECTION('',(-1.,0.,0.));
#9793=DIRECTION('center_axis',(-1.,0.,0.));
#9794=DIRECTION('ref_axis',(0.,0.,-1.));
#9795=DIRECTION('',(0.,0.,-1.));
#9796=DIRECTION('',(0.,-1.,0.));
#9797=DIRECTION('',(0.,0.,-1.));
#9798=DIRECTION('',(0.,-1.,0.));
#9799=DIRECTION('center_axis',(0.,0.,-1.));
#9800=DIRECTION('ref_axis',(1.,0.,0.));
#9801=DIRECTION('',(1.,-2.22044604925031E-16,0.));
#9802=DIRECTION('',(0.,-1.,0.));
#9803=DIRECTION('',(1.,0.,0.));
#9804=DIRECTION('center_axis',(-1.,0.,0.));
#9805=DIRECTION('ref_axis',(0.,0.,-1.));
#9806=DIRECTION('',(0.,0.,-1.));
#9807=DIRECTION('',(0.,-1.,0.));
#9808=DIRECTION('',(0.,0.,-1.));
#9809=DIRECTION('center_axis',(0.,0.,1.));
#9810=DIRECTION('ref_axis',(-1.,0.,0.));
#9811=DIRECTION('',(-1.,2.22044604925031E-16,0.));
#9812=DIRECTION('',(0.,-1.,0.));
#9813=DIRECTION('',(-1.,0.,0.));
#9814=DIRECTION('center_axis',(-1.,0.,0.));
#9815=DIRECTION('ref_axis',(0.,0.,-1.));
#9816=DIRECTION('',(0.,0.,-1.));
#9817=DIRECTION('',(0.,-1.,0.));
#9818=DIRECTION('',(0.,0.,-1.));
#9819=DIRECTION('center_axis',(0.,0.,1.));
#9820=DIRECTION('ref_axis',(-1.,0.,0.));
#9821=DIRECTION('',(-1.,2.22044604925031E-16,0.));
#9822=DIRECTION('',(0.,-1.,0.));
#9823=DIRECTION('',(-1.,0.,0.));
#9824=DIRECTION('center_axis',(0.81761148890514,0.,0.575770312894231));
#9825=DIRECTION('ref_axis',(-0.575770312894231,0.,0.81761148890514));
#9826=DIRECTION('',(-0.575770312894231,1.27846691654161E-16,0.81761148890514));
#9827=DIRECTION('',(0.,-1.,0.));
#9828=DIRECTION('',(-0.575770312894231,0.,0.81761148890514));
#9829=DIRECTION('center_axis',(1.,0.,0.));
#9830=DIRECTION('ref_axis',(0.,0.,1.));
#9831=DIRECTION('',(0.,0.,1.));
#9832=DIRECTION('',(0.,-1.,0.));
#9833=DIRECTION('',(0.,0.,1.));
#9834=DIRECTION('center_axis',(0.,0.,-1.));
#9835=DIRECTION('ref_axis',(1.,0.,0.));
#9836=DIRECTION('',(1.,-2.22044604925031E-16,0.));
#9837=DIRECTION('',(0.,-1.,0.));
#9838=DIRECTION('',(1.,0.,0.));
#9839=DIRECTION('center_axis',(1.,0.,0.));
#9840=DIRECTION('ref_axis',(0.,0.,1.));
#9841=DIRECTION('',(0.,0.,1.));
#9842=DIRECTION('',(0.,-1.,0.));
#9843=DIRECTION('',(0.,0.,1.));
#9844=DIRECTION('center_axis',(0.,0.,-1.));
#9845=DIRECTION('ref_axis',(1.,0.,0.));
#9846=DIRECTION('',(1.,-2.22044604925031E-16,0.));
#9847=DIRECTION('',(1.,0.,0.));
#9848=DIRECTION('center_axis',(0.,-1.,0.));
#9849=DIRECTION('ref_axis',(0.,0.,-1.));
#9850=DIRECTION('center_axis',(0.,0.,1.));
#9851=DIRECTION('ref_axis',(-1.,0.,0.));
#9852=DIRECTION('',(-1.,2.22044604925031E-16,0.));
#9853=DIRECTION('',(0.,-1.,0.));
#9854=DIRECTION('',(-1.,0.,0.));
#9855=DIRECTION('',(0.,-1.,0.));
#9856=DIRECTION('',(0.,-1.,0.));
#9857=DIRECTION('',(0.,-1.,0.));
#9858=DIRECTION('center_axis',(1.,0.,0.));
#9859=DIRECTION('ref_axis',(0.,0.,1.));
#9860=DIRECTION('',(0.,0.,1.));
#9861=DIRECTION('',(0.,-1.,0.));
#9862=DIRECTION('',(0.,0.,1.));
#9863=DIRECTION('',(0.,-1.,0.));
#9864=DIRECTION('',(0.,-1.,0.));
#9865=DIRECTION('center_axis',(1.,0.,0.));
#9866=DIRECTION('ref_axis',(0.,0.,1.));
#9867=DIRECTION('',(0.,0.,1.));
#9868=DIRECTION('',(0.,-1.,0.));
#9869=DIRECTION('',(0.,0.,1.));
#9870=DIRECTION('center_axis',(0.,0.,-1.));
#9871=DIRECTION('ref_axis',(1.,0.,0.));
#9872=DIRECTION('',(1.,-2.22044604925031E-16,0.));
#9873=DIRECTION('',(0.,-1.,0.));
#9874=DIRECTION('',(1.,0.,0.));
#9875=DIRECTION('center_axis',(-1.,0.,0.));
#9876=DIRECTION('ref_axis',(0.,0.,-1.));
#9877=DIRECTION('',(0.,0.,-1.));
#9878=DIRECTION('',(0.,0.,-1.));
#9879=DIRECTION('center_axis',(0.,1.,0.));
#9880=DIRECTION('ref_axis',(-1.,0.,0.));
#9881=DIRECTION('',(0.,-1.,0.));
#9882=DIRECTION('',(0.,-1.,0.));
#9883=DIRECTION('',(0.,-1.,0.));
#9884=DIRECTION('',(0.,-1.,0.));
#9885=DIRECTION('',(0.,-1.,0.));
#9886=DIRECTION('',(0.,-1.,0.));
#9887=DIRECTION('',(0.,-1.,0.));
#9888=DIRECTION('',(0.,-1.,0.));
#9889=DIRECTION('',(0.,-1.,0.));
#9890=DIRECTION('',(0.,-1.,0.));
#9891=DIRECTION('',(0.,-1.,0.));
#9892=DIRECTION('',(0.,-1.,0.));
#9893=DIRECTION('',(0.,-1.,0.));
#9894=DIRECTION('',(0.,-1.,0.));
#9895=DIRECTION('',(0.,-1.,0.));
#9896=DIRECTION('',(0.,-1.,0.));
#9897=DIRECTION('',(0.,-1.,0.));
#9898=DIRECTION('',(0.,-1.,0.));
#9899=DIRECTION('',(0.,-1.,0.));
#9900=DIRECTION('',(0.,-1.,0.));
#9901=DIRECTION('center_axis',(0.,1.,0.));
#9902=DIRECTION('ref_axis',(-1.,0.,0.));
#9903=DIRECTION('',(0.,-1.,0.));
#9904=DIRECTION('',(0.,-1.,0.));
#9905=DIRECTION('',(0.,-1.,0.));
#9906=DIRECTION('center_axis',(0.935759764532235,0.,-0.352638147514667));
#9907=DIRECTION('ref_axis',(0.352638147514667,0.,0.935759764532235));
#9908=DIRECTION('',(0.352638147514667,-7.83013981463892E-17,0.935759764532235));
#9909=DIRECTION('',(0.,-1.,0.));
#9910=DIRECTION('',(0.352638147514667,0.,0.935759764532235));
#9911=DIRECTION('center_axis',(0.,0.,1.));
#9912=DIRECTION('ref_axis',(-1.,0.,0.));
#9913=DIRECTION('',(-1.,2.22044604925031E-16,0.));
#9914=DIRECTION('',(0.,-1.,0.));
#9915=DIRECTION('',(-1.,0.,0.));
#9916=DIRECTION('center_axis',(-0.93650766562853,0.,-0.350647104963096));
#9917=DIRECTION('ref_axis',(0.350647104963096,0.,-0.93650766562853));
#9918=DIRECTION('',(0.350647104963096,-7.78592978896366E-17,-0.93650766562853));
#9919=DIRECTION('',(0.350647104963096,0.,-0.93650766562853));
#9920=DIRECTION('center_axis',(-0.940102498901761,0.,-0.340891905974114));
#9921=DIRECTION('ref_axis',(0.340891905974114,0.,-0.940102498901761));
#9922=DIRECTION('',(0.340891905974114,-7.56932085841631E-17,-0.940102498901761));
#9923=DIRECTION('',(0.,-1.,0.));
#9924=DIRECTION('',(0.340891905974114,0.,-0.940102498901761));
#9925=DIRECTION('',(0.,-1.,0.));
#9926=DIRECTION('center_axis',(0.,0.,-1.));
#9927=DIRECTION('ref_axis',(1.,0.,0.));
#9928=DIRECTION('',(1.,-2.22044604925031E-16,0.));
#9929=DIRECTION('',(0.,-1.,0.));
#9930=DIRECTION('',(1.,0.,0.));
#9931=DIRECTION('center_axis',(0.933182891229606,0.,-0.359401852410854));
#9932=DIRECTION('ref_axis',(0.359401852410854,0.,0.933182891229606));
#9933=DIRECTION('',(0.359401852410854,-7.98032423278924E-17,0.933182891229606));
#9934=DIRECTION('',(0.,-1.,0.));
#9935=DIRECTION('',(0.359401852410854,0.,0.933182891229606));
#9936=DIRECTION('center_axis',(0.,0.,-1.));
#9937=DIRECTION('ref_axis',(1.,0.,0.));
#9938=DIRECTION('',(1.,-2.22044604925031E-16,0.));
#9939=DIRECTION('',(0.,-1.,0.));
#9940=DIRECTION('',(1.,0.,0.));
#9941=DIRECTION('center_axis',(-0.925486656900336,0.,0.378780210543582));
#9942=DIRECTION('ref_axis',(-0.378780210543582,0.,-0.925486656900336));
#9943=DIRECTION('',(-0.378780210543582,8.41061022035699E-17,-0.925486656900335));
#9944=DIRECTION('',(0.,-1.,0.));
#9945=DIRECTION('',(-0.378780210543582,0.,-0.925486656900336));
#9946=DIRECTION('center_axis',(0.,0.,1.));
#9947=DIRECTION('ref_axis',(-1.,0.,0.));
#9948=DIRECTION('',(-1.,2.22044604925031E-16,0.));
#9949=DIRECTION('',(0.,-1.,0.));
#9950=DIRECTION('',(-1.,0.,0.));
#9951=DIRECTION('center_axis',(0.933526097618241,0.,0.358509449060494));
#9952=DIRECTION('ref_axis',(-0.358509449060494,0.,0.933526097618241));
#9953=DIRECTION('',(-0.358509449060494,7.96050889785281E-17,0.933526097618241));
#9954=DIRECTION('',(0.,-1.,0.));
#9955=DIRECTION('',(-0.358509449060494,0.,0.933526097618241));
#9956=DIRECTION('center_axis',(0.,0.,-1.));
#9957=DIRECTION('ref_axis',(1.,0.,0.));
#9958=DIRECTION('',(1.,-2.22044604925031E-16,0.));
#9959=DIRECTION('',(1.,0.,0.));
#9960=DIRECTION('center_axis',(0.,1.,0.));
#9961=DIRECTION('ref_axis',(-1.,0.,0.));
#9962=DIRECTION('',(0.,-1.,0.));
#9963=DIRECTION('',(0.,-1.,0.));
#9964=DIRECTION('',(0.,-1.,0.));
#9965=DIRECTION('',(0.,-1.,0.));
#9966=DIRECTION('',(0.,-1.,0.));
#9967=DIRECTION('',(0.,-1.,0.));
#9968=DIRECTION('',(0.,-1.,0.));
#9969=DIRECTION('',(0.,-1.,0.));
#9970=DIRECTION('',(0.,-1.,0.));
#9971=DIRECTION('',(0.,-1.,0.));
#9972=DIRECTION('',(0.,-1.,0.));
#9973=DIRECTION('',(0.,-1.,0.));
#9974=DIRECTION('',(0.,-1.,0.));
#9975=DIRECTION('',(0.,-1.,0.));
#9976=DIRECTION('',(0.,-1.,0.));
#9977=DIRECTION('',(0.,-1.,0.));
#9978=DIRECTION('',(0.,-1.,0.));
#9979=DIRECTION('',(0.,-1.,0.));
#9980=DIRECTION('',(0.,-1.,0.));
#9981=DIRECTION('',(0.,-1.,0.));
#9982=DIRECTION('',(0.,-1.,0.));
#9983=DIRECTION('',(0.,-1.,0.));
#9984=DIRECTION('',(0.,-1.,0.));
#9985=DIRECTION('',(0.,-1.,0.));
#9986=DIRECTION('',(0.,-1.,0.));
#9987=DIRECTION('',(0.,-1.,0.));
#9988=DIRECTION('',(0.,-1.,0.));
#9989=DIRECTION('center_axis',(-0.0779745860403995,0.,-0.996955347009999));
#9990=DIRECTION('ref_axis',(0.996955347009999,0.,-0.0779745860403995));
#9991=DIRECTION('',(0.996955347009999,-2.21368556154733E-16,-0.0779745860403995));
#9992=DIRECTION('',(0.,-1.,0.));
#9993=DIRECTION('',(0.996955347009999,0.,-0.0779745860403995));
#9994=DIRECTION('center_axis',(0.,1.,0.));
#9995=DIRECTION('ref_axis',(-1.,0.,0.));
#9996=DIRECTION('',(0.,-1.,0.));
#9997=DIRECTION('',(0.,-1.,0.));
#9998=DIRECTION('',(0.,-1.,0.));
#9999=DIRECTION('',(0.,-1.,0.));
#10000=DIRECTION('',(0.,-1.,0.));
#10001=DIRECTION('',(0.,-1.,0.));
#10002=DIRECTION('',(0.,-1.,0.));
#10003=DIRECTION('',(0.,-1.,0.));
#10004=DIRECTION('',(0.,-1.,0.));
#10005=DIRECTION('',(0.,-1.,0.));
#10006=DIRECTION('',(0.,-1.,0.));
#10007=DIRECTION('',(0.,-1.,0.));
#10008=DIRECTION('',(0.,-1.,0.));
#10009=DIRECTION('',(0.,-1.,0.));
#10010=DIRECTION('',(0.,-1.,0.));
#10011=DIRECTION('',(0.,-1.,0.));
#10012=DIRECTION('',(0.,-1.,0.));
#10013=DIRECTION('',(0.,-1.,0.));
#10014=DIRECTION('',(0.,-1.,0.));
#10015=DIRECTION('',(0.,-1.,0.));
#10016=DIRECTION('center_axis',(0.,1.,0.));
#10017=DIRECTION('ref_axis',(-1.,0.,0.));
#10018=DIRECTION('center_axis',(0.,0.,1.));
#10019=DIRECTION('ref_axis',(-1.,0.,0.));
#10020=DIRECTION('',(-1.,2.22044604925031E-16,0.));
#10021=DIRECTION('',(0.,-1.,0.));
#10022=DIRECTION('',(-1.,0.,0.));
#10023=DIRECTION('',(0.,-1.,0.));
#10024=DIRECTION('',(0.,-1.,0.));
#10025=DIRECTION('',(0.,-1.,0.));
#10026=DIRECTION('center_axis',(1.,0.,0.));
#10027=DIRECTION('ref_axis',(0.,0.,1.));
#10028=DIRECTION('',(0.,0.,1.));
#10029=DIRECTION('',(0.,-1.,0.));
#10030=DIRECTION('',(0.,0.,1.));
#10031=DIRECTION('',(0.,-1.,0.));
#10032=DIRECTION('',(0.,-1.,0.));
#10033=DIRECTION('center_axis',(1.,0.,0.));
#10034=DIRECTION('ref_axis',(0.,0.,1.));
#10035=DIRECTION('',(0.,0.,1.));
#10036=DIRECTION('',(0.,-1.,0.));
#10037=DIRECTION('',(0.,0.,1.));
#10038=DIRECTION('center_axis',(0.,0.,-1.));
#10039=DIRECTION('ref_axis',(1.,0.,0.));
#10040=DIRECTION('',(1.,-2.22044604925031E-16,0.));
#10041=DIRECTION('',(0.,-1.,0.));
#10042=DIRECTION('',(1.,0.,0.));
#10043=DIRECTION('center_axis',(-1.,0.,0.));
#10044=DIRECTION('ref_axis',(0.,0.,-1.));
#10045=DIRECTION('',(0.,0.,-1.));
#10046=DIRECTION('',(0.,0.,-1.));
#10047=DIRECTION('center_axis',(0.,1.,0.));
#10048=DIRECTION('ref_axis',(-1.,0.,0.));
#10049=DIRECTION('',(0.,-1.,0.));
#10050=DIRECTION('',(0.,-1.,0.));
#10051=DIRECTION('',(0.,-1.,0.));
#10052=DIRECTION('',(0.,-1.,0.));
#10053=DIRECTION('',(0.,-1.,0.));
#10054=DIRECTION('',(0.,-1.,0.));
#10055=DIRECTION('',(0.,-1.,0.));
#10056=DIRECTION('',(0.,-1.,0.));
#10057=DIRECTION('',(0.,-1.,0.));
#10058=DIRECTION('',(0.,-1.,0.));
#10059=DIRECTION('center_axis',(0.102167236243424,0.,-0.994767237014961));
#10060=DIRECTION('ref_axis',(0.994767237014962,0.,0.102167236243424));
#10061=DIRECTION('',(0.994767237014962,-2.20882698135352E-16,0.102167236243424));
#10062=DIRECTION('',(0.,-1.,0.));
#10063=DIRECTION('',(0.994767237014961,0.,0.102167236243424));
#10064=DIRECTION('',(0.,-1.,0.));
#10065=DIRECTION('',(0.,-1.,0.));
#10066=DIRECTION('',(0.,-1.,0.));
#10067=DIRECTION('',(0.,-1.,0.));
#10068=DIRECTION('',(0.,-1.,0.));
#10069=DIRECTION('',(0.,-1.,0.));
#10070=DIRECTION('',(0.,-1.,0.));
#10071=DIRECTION('',(0.,-1.,0.));
#10072=DIRECTION('',(0.,-1.,0.));
#10073=DIRECTION('center_axis',(0.,0.,-1.));
#10074=DIRECTION('ref_axis',(1.,0.,0.));
#10075=DIRECTION('',(1.,-2.22044604925031E-16,0.));
#10076=DIRECTION('',(0.,-1.,0.));
#10077=DIRECTION('',(1.,0.,0.));
#10078=DIRECTION('center_axis',(-1.,0.,0.));
#10079=DIRECTION('ref_axis',(0.,0.,-1.));
#10080=DIRECTION('',(0.,0.,-1.));
#10081=DIRECTION('',(0.,-1.,0.));
#10082=DIRECTION('',(0.,0.,-1.));
#10083=DIRECTION('center_axis',(0.,0.,1.));
#10084=DIRECTION('ref_axis',(-1.,0.,0.));
#10085=DIRECTION('',(-1.,2.22044604925031E-16,0.));
#10086=DIRECTION('',(-1.,0.,0.));
#10087=DIRECTION('center_axis',(0.,1.,0.));
#10088=DIRECTION('ref_axis',(-1.,0.,0.));
#10089=DIRECTION('',(0.,-1.,0.));
#10090=DIRECTION('',(0.,-1.,0.));
#10091=DIRECTION('',(0.,-1.,0.));
#10092=DIRECTION('',(0.,-1.,0.));
#10093=DIRECTION('',(0.,-1.,0.));
#10094=DIRECTION('',(0.,-1.,0.));
#10095=DIRECTION('',(0.,-1.,0.));
#10096=DIRECTION('',(0.,-1.,0.));
#10097=DIRECTION('',(0.,-1.,0.));
#10098=DIRECTION('',(0.,-1.,0.));
#10099=DIRECTION('center_axis',(0.102167236243424,0.,-0.994767237014961));
#10100=DIRECTION('ref_axis',(0.994767237014962,0.,0.102167236243424));
#10101=DIRECTION('',(0.994767237014962,-2.20882698135352E-16,0.102167236243424));
#10102=DIRECTION('',(0.,-1.,0.));
#10103=DIRECTION('',(0.994767237014961,0.,0.102167236243424));
#10104=DIRECTION('',(0.,-1.,0.));
#10105=DIRECTION('',(0.,-1.,0.));
#10106=DIRECTION('',(0.,-1.,0.));
#10107=DIRECTION('',(0.,-1.,0.));
#10108=DIRECTION('',(0.,-1.,0.));
#10109=DIRECTION('',(0.,-1.,0.));
#10110=DIRECTION('',(0.,-1.,0.));
#10111=DIRECTION('',(0.,-1.,0.));
#10112=DIRECTION('',(0.,-1.,0.));
#10113=DIRECTION('center_axis',(0.,0.,-1.));
#10114=DIRECTION('ref_axis',(1.,0.,0.));
#10115=DIRECTION('',(1.,-2.22044604925031E-16,0.));
#10116=DIRECTION('',(0.,-1.,0.));
#10117=DIRECTION('',(1.,0.,0.));
#10118=DIRECTION('center_axis',(-1.,0.,0.));
#10119=DIRECTION('ref_axis',(0.,0.,-1.));
#10120=DIRECTION('',(0.,0.,-1.));
#10121=DIRECTION('',(0.,-1.,0.));
#10122=DIRECTION('',(0.,0.,-1.));
#10123=DIRECTION('center_axis',(0.,0.,1.));
#10124=DIRECTION('ref_axis',(-1.,0.,0.));
#10125=DIRECTION('',(-1.,2.22044604925031E-16,0.));
#10126=DIRECTION('',(-1.,0.,0.));
#10127=DIRECTION('center_axis',(0.,1.,0.));
#10128=DIRECTION('ref_axis',(-1.,0.,0.));
#10129=DIRECTION('',(0.,-1.,0.));
#10130=DIRECTION('',(0.,-1.,0.));
#10131=DIRECTION('',(0.,-1.,0.));
#10132=DIRECTION('',(0.,-1.,0.));
#10133=DIRECTION('',(0.,-1.,0.));
#10134=DIRECTION('',(0.,-1.,0.));
#10135=DIRECTION('',(0.,-1.,0.));
#10136=DIRECTION('',(0.,-1.,0.));
#10137=DIRECTION('',(0.,-1.,0.));
#10138=DIRECTION('',(0.,-1.,0.));
#10139=DIRECTION('center_axis',(0.102166937789984,0.,-0.994767267667477));
#10140=DIRECTION('ref_axis',(0.994767267667477,0.,0.102166937789984));
#10141=DIRECTION('',(0.994767267667477,-2.20882704941578E-16,0.102166937789984));
#10142=DIRECTION('',(0.,-1.,0.));
#10143=DIRECTION('',(0.994767267667477,0.,0.102166937789984));
#10144=DIRECTION('',(0.,-1.,0.));
#10145=DIRECTION('',(0.,-1.,0.));
#10146=DIRECTION('',(0.,-1.,0.));
#10147=DIRECTION('',(0.,-1.,0.));
#10148=DIRECTION('',(0.,-1.,0.));
#10149=DIRECTION('',(0.,-1.,0.));
#10150=DIRECTION('',(0.,-1.,0.));
#10151=DIRECTION('',(0.,-1.,0.));
#10152=DIRECTION('',(0.,-1.,0.));
#10153=DIRECTION('center_axis',(0.,0.,-1.));
#10154=DIRECTION('ref_axis',(1.,0.,0.));
#10155=DIRECTION('',(1.,-2.22044604925031E-16,0.));
#10156=DIRECTION('',(0.,-1.,0.));
#10157=DIRECTION('',(1.,0.,0.));
#10158=DIRECTION('center_axis',(-1.,0.,0.));
#10159=DIRECTION('ref_axis',(0.,0.,-1.));
#10160=DIRECTION('',(0.,0.,-1.));
#10161=DIRECTION('',(0.,-1.,0.));
#10162=DIRECTION('',(0.,0.,-1.));
#10163=DIRECTION('center_axis',(0.,0.,1.));
#10164=DIRECTION('ref_axis',(-1.,0.,0.));
#10165=DIRECTION('',(-1.,2.22044604925031E-16,0.));
#10166=DIRECTION('',(-1.,0.,0.));
#10167=DIRECTION('center_axis',(0.,1.,0.));
#10168=DIRECTION('ref_axis',(-1.,0.,0.));
#10169=DIRECTION('',(0.,-1.,0.));
#10170=DIRECTION('',(0.,-1.,0.));
#10171=DIRECTION('',(0.,-1.,0.));
#10172=DIRECTION('',(0.,-1.,0.));
#10173=DIRECTION('',(0.,-1.,0.));
#10174=DIRECTION('',(0.,-1.,0.));
#10175=DIRECTION('',(0.,-1.,0.));
#10176=DIRECTION('',(0.,-1.,0.));
#10177=DIRECTION('',(0.,-1.,0.));
#10178=DIRECTION('',(0.,-1.,0.));
#10179=DIRECTION('center_axis',(0.102167031056498,0.,-0.994767258088595));
#10180=DIRECTION('ref_axis',(0.994767258088595,0.,0.102167031056498));
#10181=DIRECTION('',(0.994767258088595,-2.20882702814639E-16,0.102167031056498));
#10182=DIRECTION('',(0.,-1.,0.));
#10183=DIRECTION('',(0.994767258088595,0.,0.102167031056498));
#10184=DIRECTION('',(0.,-1.,0.));
#10185=DIRECTION('',(0.,-1.,0.));
#10186=DIRECTION('',(0.,-1.,0.));
#10187=DIRECTION('',(0.,-1.,0.));
#10188=DIRECTION('',(0.,-1.,0.));
#10189=DIRECTION('',(0.,-1.,0.));
#10190=DIRECTION('',(0.,-1.,0.));
#10191=DIRECTION('',(0.,-1.,0.));
#10192=DIRECTION('',(0.,-1.,0.));
#10193=DIRECTION('center_axis',(0.,0.,-1.));
#10194=DIRECTION('ref_axis',(1.,0.,0.));
#10195=DIRECTION('',(1.,-2.22044604925031E-16,0.));
#10196=DIRECTION('',(0.,-1.,0.));
#10197=DIRECTION('',(1.,0.,0.));
#10198=DIRECTION('center_axis',(-1.,0.,0.));
#10199=DIRECTION('ref_axis',(0.,0.,-1.));
#10200=DIRECTION('',(0.,0.,-1.));
#10201=DIRECTION('',(0.,-1.,0.));
#10202=DIRECTION('',(0.,0.,-1.));
#10203=DIRECTION('center_axis',(0.,0.,1.));
#10204=DIRECTION('ref_axis',(-1.,0.,0.));
#10205=DIRECTION('',(-1.,2.22044604925031E-16,0.));
#10206=DIRECTION('',(-1.,0.,0.));
#10207=DIRECTION('center_axis',(0.,1.,0.));
#10208=DIRECTION('ref_axis',(-1.,0.,0.));
#10209=DIRECTION('',(0.,-1.,0.));
#10210=DIRECTION('',(0.,-1.,0.));
#10211=DIRECTION('',(0.,-1.,0.));
#10212=DIRECTION('',(0.,-1.,0.));
#10213=DIRECTION('',(0.,-1.,0.));
#10214=DIRECTION('',(0.,-1.,0.));
#10215=DIRECTION('',(0.,-1.,0.));
#10216=DIRECTION('',(0.,-1.,0.));
#10217=DIRECTION('',(0.,-1.,0.));
#10218=DIRECTION('',(0.,-1.,0.));
#10219=DIRECTION('',(0.,-1.,0.));
#10220=DIRECTION('',(0.,-1.,0.));
#10221=DIRECTION('',(0.,-1.,0.));
#10222=DIRECTION('',(0.,-1.,0.));
#10223=DIRECTION('',(0.,-1.,0.));
#10224=DIRECTION('',(0.,-1.,0.));
#10225=DIRECTION('',(0.,-1.,0.));
#10226=DIRECTION('',(0.,-1.,0.));
#10227=DIRECTION('',(0.,-1.,0.));
#10228=DIRECTION('',(0.,-1.,0.));
#10229=DIRECTION('center_axis',(0.,1.,0.));
#10230=DIRECTION('ref_axis',(-1.,0.,0.));
#10231=DIRECTION('center_axis',(-1.,0.,0.));
#10232=DIRECTION('ref_axis',(0.,0.,-1.));
#10233=DIRECTION('',(0.,0.,-1.));
#10234=DIRECTION('',(0.,-1.,0.));
#10235=DIRECTION('',(0.,0.,-1.));
#10236=DIRECTION('',(0.,-1.,0.));
#10237=DIRECTION('center_axis',(0.,0.,1.));
#10238=DIRECTION('ref_axis',(-1.,0.,0.));
#10239=DIRECTION('',(-1.,2.22044604925031E-16,0.));
#10240=DIRECTION('',(0.,-1.,0.));
#10241=DIRECTION('',(-1.,0.,0.));
#10242=DIRECTION('center_axis',(1.,0.,0.));
#10243=DIRECTION('ref_axis',(0.,0.,1.));
#10244=DIRECTION('',(0.,0.,1.));
#10245=DIRECTION('',(0.,-1.,0.));
#10246=DIRECTION('',(0.,0.,1.));
#10247=DIRECTION('center_axis',(0.,0.,-1.));
#10248=DIRECTION('ref_axis',(1.,0.,0.));
#10249=DIRECTION('',(1.,-2.22044604925031E-16,0.));
#10250=DIRECTION('',(1.,0.,0.));
#10251=DIRECTION('center_axis',(0.,-1.,0.));
#10252=DIRECTION('ref_axis',(0.,0.,-1.));
#10253=DIRECTION('',(0.,-1.,0.));
#10254=DIRECTION('',(0.,-1.,0.));
#10255=DIRECTION('',(0.,-1.,0.));
#10256=DIRECTION('',(0.,-1.,0.));
#10257=DIRECTION('',(0.,-1.,0.));
#10258=DIRECTION('',(0.,-1.,0.));
#10259=DIRECTION('',(0.,-1.,0.));
#10260=DIRECTION('',(0.,-1.,0.));
#10261=DIRECTION('',(0.,-1.,0.));
#10262=DIRECTION('',(0.,-1.,0.));
#10263=DIRECTION('',(0.,-1.,0.));
#10264=DIRECTION('',(0.,-1.,0.));
#10265=DIRECTION('',(0.,-1.,0.));
#10266=DIRECTION('',(0.,-1.,0.));
#10267=DIRECTION('',(0.,-1.,0.));
#10268=DIRECTION('',(0.,-1.,0.));
#10269=DIRECTION('',(0.,-1.,0.));
#10270=DIRECTION('',(0.,-1.,0.));
#10271=DIRECTION('',(0.,-1.,0.));
#10272=DIRECTION('',(0.,-1.,0.));
#10273=DIRECTION('center_axis',(0.,1.,0.));
#10274=DIRECTION('ref_axis',(-1.,0.,0.));
#10275=DIRECTION('',(0.,-1.,0.));
#10276=DIRECTION('',(0.,-1.,0.));
#10277=DIRECTION('',(0.,-1.,0.));
#10278=DIRECTION('',(0.,-1.,0.));
#10279=DIRECTION('',(0.,-1.,0.));
#10280=DIRECTION('',(0.,-1.,0.));
#10281=DIRECTION('',(0.,-1.,0.));
#10282=DIRECTION('',(0.,-1.,0.));
#10283=DIRECTION('',(0.,-1.,0.));
#10284=DIRECTION('',(0.,-1.,0.));
#10285=DIRECTION('',(0.,-1.,0.));
#10286=DIRECTION('',(0.,-1.,0.));
#10287=DIRECTION('',(0.,-1.,0.));
#10288=DIRECTION('',(0.,-1.,0.));
#10289=DIRECTION('',(0.,-1.,0.));
#10290=DIRECTION('',(0.,-1.,0.));
#10291=DIRECTION('',(0.,-1.,0.));
#10292=DIRECTION('',(0.,-1.,0.));
#10293=DIRECTION('',(0.,-1.,0.));
#10294=DIRECTION('',(0.,-1.,0.));
#10295=DIRECTION('center_axis',(0.,1.,0.));
#10296=DIRECTION('ref_axis',(-1.,0.,0.));
#10297=DIRECTION('center_axis',(-1.,0.,0.));
#10298=DIRECTION('ref_axis',(0.,0.,-1.));
#10299=DIRECTION('',(0.,0.,-1.));
#10300=DIRECTION('',(0.,-1.,0.));
#10301=DIRECTION('',(0.,0.,-1.));
#10302=DIRECTION('',(0.,-1.,0.));
#10303=DIRECTION('center_axis',(0.,0.,1.));
#10304=DIRECTION('ref_axis',(-1.,0.,0.));
#10305=DIRECTION('',(-1.,2.22044604925031E-16,0.));
#10306=DIRECTION('',(0.,-1.,0.));
#10307=DIRECTION('',(-1.,0.,0.));
#10308=DIRECTION('center_axis',(1.,0.,0.));
#10309=DIRECTION('ref_axis',(0.,0.,1.));
#10310=DIRECTION('',(0.,0.,1.));
#10311=DIRECTION('',(0.,-1.,0.));
#10312=DIRECTION('',(0.,0.,1.));
#10313=DIRECTION('center_axis',(0.,0.,-1.));
#10314=DIRECTION('ref_axis',(1.,0.,0.));
#10315=DIRECTION('',(1.,-2.22044604925031E-16,0.));
#10316=DIRECTION('',(1.,0.,0.));
#10317=DIRECTION('center_axis',(0.,-1.,0.));
#10318=DIRECTION('ref_axis',(0.,0.,-1.));
#10319=DIRECTION('center_axis',(-1.,0.,0.));
#10320=DIRECTION('ref_axis',(0.,0.,-1.));
#10321=DIRECTION('',(0.,0.,-1.));
#10322=DIRECTION('',(0.,-1.,0.));
#10323=DIRECTION('',(0.,0.,-1.));
#10324=DIRECTION('',(0.,-1.,0.));
#10325=DIRECTION('center_axis',(0.,0.,1.));
#10326=DIRECTION('ref_axis',(-1.,0.,0.));
#10327=DIRECTION('',(-1.,2.22044604925031E-16,0.));
#10328=DIRECTION('',(0.,-1.,0.));
#10329=DIRECTION('',(-1.,0.,0.));
#10330=DIRECTION('center_axis',(-1.,0.,0.));
#10331=DIRECTION('ref_axis',(0.,0.,-1.));
#10332=DIRECTION('',(0.,0.,-1.));
#10333=DIRECTION('',(0.,-1.,0.));
#10334=DIRECTION('',(0.,0.,-1.));
#10335=DIRECTION('center_axis',(0.,0.,-1.));
#10336=DIRECTION('ref_axis',(1.,0.,0.));
#10337=DIRECTION('',(1.,-2.22044604925031E-16,0.));
#10338=DIRECTION('',(0.,-1.,0.));
#10339=DIRECTION('',(1.,0.,0.));
#10340=DIRECTION('center_axis',(-1.,0.,0.));
#10341=DIRECTION('ref_axis',(0.,0.,-1.));
#10342=DIRECTION('',(0.,0.,-1.));
#10343=DIRECTION('',(0.,-1.,0.));
#10344=DIRECTION('',(0.,0.,-1.));
#10345=DIRECTION('center_axis',(0.,0.,1.));
#10346=DIRECTION('ref_axis',(-1.,0.,0.));
#10347=DIRECTION('',(-1.,2.22044604925031E-16,0.));
#10348=DIRECTION('',(0.,-1.,0.));
#10349=DIRECTION('',(-1.,0.,0.));
#10350=DIRECTION('center_axis',(-1.,0.,0.));
#10351=DIRECTION('ref_axis',(0.,0.,-1.));
#10352=DIRECTION('',(0.,0.,-1.));
#10353=DIRECTION('',(0.,-1.,0.));
#10354=DIRECTION('',(0.,0.,-1.));
#10355=DIRECTION('center_axis',(0.,0.,-1.));
#10356=DIRECTION('ref_axis',(1.,0.,0.));
#10357=DIRECTION('',(1.,-2.22044604925031E-16,0.));
#10358=DIRECTION('',(0.,-1.,0.));
#10359=DIRECTION('',(1.,0.,0.));
#10360=DIRECTION('center_axis',(-1.,0.,0.));
#10361=DIRECTION('ref_axis',(0.,0.,-1.));
#10362=DIRECTION('',(0.,0.,-1.));
#10363=DIRECTION('',(0.,-1.,0.));
#10364=DIRECTION('',(0.,0.,-1.));
#10365=DIRECTION('center_axis',(0.,0.,1.));
#10366=DIRECTION('ref_axis',(-1.,0.,0.));
#10367=DIRECTION('',(-1.,2.22044604925031E-16,0.));
#10368=DIRECTION('',(0.,-1.,0.));
#10369=DIRECTION('',(-1.,0.,0.));
#10370=DIRECTION('center_axis',(1.,0.,0.));
#10371=DIRECTION('ref_axis',(0.,0.,1.));
#10372=DIRECTION('',(0.,0.,1.));
#10373=DIRECTION('',(0.,-1.,0.));
#10374=DIRECTION('',(0.,0.,1.));
#10375=DIRECTION('center_axis',(0.,0.,-1.));
#10376=DIRECTION('ref_axis',(1.,0.,0.));
#10377=DIRECTION('',(1.,-2.22044604925031E-16,0.));
#10378=DIRECTION('',(1.,0.,0.));
#10379=DIRECTION('center_axis',(0.,-1.,0.));
#10380=DIRECTION('ref_axis',(0.,0.,-1.));
#10381=DIRECTION('',(0.,-1.,0.));
#10382=DIRECTION('',(0.,-1.,0.));
#10383=DIRECTION('',(0.,-1.,0.));
#10384=DIRECTION('',(0.,-1.,0.));
#10385=DIRECTION('',(0.,-1.,0.));
#10386=DIRECTION('',(0.,-1.,0.));
#10387=DIRECTION('center_axis',(-1.,0.,0.));
#10388=DIRECTION('ref_axis',(0.,0.,-1.));
#10389=DIRECTION('',(0.,0.,-1.));
#10390=DIRECTION('',(0.,-1.,0.));
#10391=DIRECTION('',(0.,0.,-1.));
#10392=DIRECTION('center_axis',(0.,0.,1.));
#10393=DIRECTION('ref_axis',(-1.,0.,0.));
#10394=DIRECTION('',(-1.,2.22044604925031E-16,0.));
#10395=DIRECTION('',(0.,-1.,0.));
#10396=DIRECTION('',(-1.,0.,0.));
#10397=DIRECTION('center_axis',(1.,0.,0.));
#10398=DIRECTION('ref_axis',(0.,0.,1.));
#10399=DIRECTION('',(0.,0.,1.));
#10400=DIRECTION('',(0.,-1.,0.));
#10401=DIRECTION('',(0.,0.,1.));
#10402=DIRECTION('',(0.,-1.,0.));
#10403=DIRECTION('',(0.,-1.,0.));
#10404=DIRECTION('',(0.,-1.,0.));
#10405=DIRECTION('',(0.,-1.,0.));
#10406=DIRECTION('',(0.,-1.,0.));
#10407=DIRECTION('',(0.,-1.,0.));
#10408=DIRECTION('center_axis',(-1.,0.,0.));
#10409=DIRECTION('ref_axis',(0.,0.,-1.));
#10410=DIRECTION('',(0.,0.,-1.));
#10411=DIRECTION('',(0.,-1.,0.));
#10412=DIRECTION('',(0.,0.,-1.));
#10413=DIRECTION('center_axis',(0.,0.,1.));
#10414=DIRECTION('ref_axis',(-1.,0.,0.));
#10415=DIRECTION('',(-1.,2.22044604925031E-16,0.));
#10416=DIRECTION('',(0.,-1.,0.));
#10417=DIRECTION('',(-1.,0.,0.));
#10418=DIRECTION('center_axis',(1.,0.,0.));
#10419=DIRECTION('ref_axis',(0.,0.,1.));
#10420=DIRECTION('',(0.,0.,1.));
#10421=DIRECTION('',(0.,0.,1.));
#10422=DIRECTION('center_axis',(0.,1.,0.));
#10423=DIRECTION('ref_axis',(-1.,0.,0.));
#10424=DIRECTION('center_axis',(-1.,0.,0.));
#10425=DIRECTION('ref_axis',(0.,0.,-1.));
#10426=DIRECTION('',(0.,0.,-1.));
#10427=DIRECTION('',(0.,-1.,0.));
#10428=DIRECTION('',(0.,0.,-1.));
#10429=DIRECTION('',(0.,-1.,0.));
#10430=DIRECTION('center_axis',(0.,0.,-1.));
#10431=DIRECTION('ref_axis',(1.,0.,0.));
#10432=DIRECTION('',(1.,-2.22044604925031E-16,0.));
#10433=DIRECTION('',(0.,-1.,0.));
#10434=DIRECTION('',(1.,0.,0.));
#10435=DIRECTION('center_axis',(1.,0.,0.));
#10436=DIRECTION('ref_axis',(0.,0.,1.));
#10437=DIRECTION('',(0.,0.,1.));
#10438=DIRECTION('',(0.,-1.,0.));
#10439=DIRECTION('',(0.,0.,1.));
#10440=DIRECTION('center_axis',(0.,0.,-1.));
#10441=DIRECTION('ref_axis',(1.,0.,0.));
#10442=DIRECTION('',(1.,-2.22044604925031E-16,0.));
#10443=DIRECTION('',(0.,-1.,0.));
#10444=DIRECTION('',(1.,0.,0.));
#10445=DIRECTION('center_axis',(-1.,0.,0.));
#10446=DIRECTION('ref_axis',(0.,0.,-1.));
#10447=DIRECTION('',(0.,0.,-1.));
#10448=DIRECTION('',(0.,-1.,0.));
#10449=DIRECTION('',(0.,0.,-1.));
#10450=DIRECTION('center_axis',(0.,0.,1.));
#10451=DIRECTION('ref_axis',(-1.,0.,0.));
#10452=DIRECTION('',(-1.,2.22044604925031E-16,0.));
#10453=DIRECTION('',(0.,-1.,0.));
#10454=DIRECTION('',(-1.,0.,0.));
#10455=DIRECTION('center_axis',(1.,0.,0.));
#10456=DIRECTION('ref_axis',(0.,0.,1.));
#10457=DIRECTION('',(0.,0.,1.));
#10458=DIRECTION('',(0.,-1.,0.));
#10459=DIRECTION('',(0.,0.,1.));
#10460=DIRECTION('center_axis',(0.,0.,1.));
#10461=DIRECTION('ref_axis',(-1.,0.,0.));
#10462=DIRECTION('',(-1.,2.22044604925031E-16,0.));
#10463=DIRECTION('',(0.,-1.,0.));
#10464=DIRECTION('',(-1.,0.,0.));
#10465=DIRECTION('center_axis',(-1.,0.,0.));
#10466=DIRECTION('ref_axis',(0.,0.,-1.));
#10467=DIRECTION('',(0.,0.,-1.));
#10468=DIRECTION('',(0.,-1.,0.));
#10469=DIRECTION('',(0.,0.,-1.));
#10470=DIRECTION('center_axis',(0.,0.,1.));
#10471=DIRECTION('ref_axis',(-1.,0.,0.));
#10472=DIRECTION('',(-1.,2.22044604925031E-16,0.));
#10473=DIRECTION('',(0.,-1.,0.));
#10474=DIRECTION('',(-1.,0.,0.));
#10475=DIRECTION('center_axis',(1.,0.,0.));
#10476=DIRECTION('ref_axis',(0.,0.,1.));
#10477=DIRECTION('',(0.,0.,1.));
#10478=DIRECTION('',(0.,-1.,0.));
#10479=DIRECTION('',(0.,0.,1.));
#10480=DIRECTION('center_axis',(0.,0.,-1.));
#10481=DIRECTION('ref_axis',(1.,0.,0.));
#10482=DIRECTION('',(1.,-2.22044604925031E-16,0.));
#10483=DIRECTION('',(1.,0.,0.));
#10484=DIRECTION('center_axis',(0.,-1.,0.));
#10485=DIRECTION('ref_axis',(0.,0.,-1.));
#10486=DIRECTION('center_axis',(-2.22044604925031E-16,-1.,0.));
#10487=DIRECTION('ref_axis',(1.,-2.22044604925031E-16,0.));
#10488=DIRECTION('center_axis',(-2.22044604925031E-16,-1.,0.));
#10489=DIRECTION('ref_axis',(1.,-2.22044604925031E-16,0.));
#10490=DIRECTION('center_axis',(-2.22044604925031E-16,-1.,0.));
#10491=DIRECTION('ref_axis',(1.,-2.22044604925031E-16,0.));
#10492=DIRECTION('center_axis',(-2.22044604925031E-16,-1.,0.));
#10493=DIRECTION('ref_axis',(1.,-2.22044604925031E-16,0.));
#10494=DIRECTION('center_axis',(-2.22044604925031E-16,-1.,0.));
#10495=DIRECTION('ref_axis',(1.,-2.22044604925031E-16,0.));
#10496=DIRECTION('center_axis',(-2.22044604925031E-16,-1.,0.));
#10497=DIRECTION('ref_axis',(1.,-2.22044604925031E-16,0.));
#10498=DIRECTION('center_axis',(-2.22044604925031E-16,-1.,0.));
#10499=DIRECTION('ref_axis',(1.,-2.22044604925031E-16,0.));
#10500=DIRECTION('center_axis',(-2.22044604925031E-16,-1.,0.));
#10501=DIRECTION('ref_axis',(1.,-2.22044604925031E-16,0.));
#10502=DIRECTION('center_axis',(-2.22044604925031E-16,-1.,0.));
#10503=DIRECTION('ref_axis',(1.,-2.22044604925031E-16,0.));
#10504=DIRECTION('center_axis',(2.22044604925031E-16,1.,0.));
#10505=DIRECTION('ref_axis',(-1.,2.22044604925031E-16,5.69345140833415E-16));
#10506=DIRECTION('',(-1.,2.22044604925031E-16,5.69345140833413E-16));
#10507=DIRECTION('',(4.44089209850061E-15,-9.86076131526261E-31,-1.));
#10508=DIRECTION('',(-1.,2.22044604925031E-16,5.69345140833415E-16));
#10509=DIRECTION('',(0.,0.,1.));
#10510=DIRECTION('center_axis',(-1.,2.22044604925031E-16,0.));
#10511=DIRECTION('ref_axis',(-2.22044604925031E-16,-1.,0.));
#10512=DIRECTION('',(-2.22044604925031E-16,-1.,0.));
#10513=DIRECTION('',(-2.22044604925031E-16,-1.,0.));
#10514=DIRECTION('',(0.,0.,1.));
#10515=DIRECTION('center_axis',(2.22044604925031E-16,1.,0.));
#10516=DIRECTION('ref_axis',(-1.,2.22044604925031E-16,5.69345140833415E-16));
#10517=DIRECTION('',(-1.,2.22044604925031E-16,5.69345140833415E-16));
#10518=DIRECTION('',(0.,0.,1.));
#10519=DIRECTION('',(-1.,2.22044604925031E-16,5.69345140833415E-16));
#10520=DIRECTION('',(8.88178419700124E-15,-1.97215226305253E-30,1.));
#10521=DIRECTION('center_axis',(1.,-2.22044604925031E-16,0.));
#10522=DIRECTION('ref_axis',(2.22044604925031E-16,1.,0.));
#10523=DIRECTION('',(2.22044604925031E-16,1.,0.));
#10524=DIRECTION('',(0.,0.,-1.));
#10525=DIRECTION('',(2.22044604925031E-16,1.,0.));
#10526=DIRECTION('center_axis',(-2.22044604925031E-16,-1.,0.));
#10527=DIRECTION('ref_axis',(1.,-2.22044604925031E-16,-5.69345140833415E-16));
#10528=DIRECTION('',(1.,-2.22044604925031E-16,-5.69345140833413E-16));
#10529=DIRECTION('',(0.,0.,1.));
#10530=DIRECTION('',(1.,-2.22044604925031E-16,-5.69345140833415E-16));
#10531=DIRECTION('',(-4.44089209850061E-15,9.86076131526261E-31,1.));
#10532=DIRECTION('center_axis',(-1.,2.22044604925031E-16,0.));
#10533=DIRECTION('ref_axis',(-2.22044604925031E-16,-1.,0.));
#10534=DIRECTION('',(-2.22044604925031E-16,-1.,0.));
#10535=DIRECTION('',(0.,0.,-1.));
#10536=DIRECTION('',(-2.22044604925031E-16,-1.,0.));
#10537=DIRECTION('center_axis',(-2.22044604925031E-16,-1.,0.));
#10538=DIRECTION('ref_axis',(1.,-2.22044604925031E-16,-5.69345140833415E-16));
#10539=DIRECTION('',(1.,-2.22044604925031E-16,-5.69345140833415E-16));
#10540=DIRECTION('',(-8.88178419700124E-15,1.97215226305253E-30,-1.));
#10541=DIRECTION('',(1.,-2.22044604925031E-16,-5.69345140833415E-16));
#10542=DIRECTION('',(0.,0.,1.));
#10543=DIRECTION('center_axis',(1.,-2.22044604925031E-16,0.));
#10544=DIRECTION('ref_axis',(2.22044604925031E-16,1.,0.));
#10545=DIRECTION('',(2.22044604925031E-16,1.,0.));
#10546=DIRECTION('',(2.22044604925031E-16,1.,0.));
#10547=DIRECTION('',(0.,0.,1.));
#10548=DIRECTION('center_axis',(-5.69345140833413E-16,1.26420016862341E-31,
-1.));
#10549=DIRECTION('ref_axis',(1.,-2.22044604925031E-16,-5.69345140833413E-16));
#10550=DIRECTION('',(-1.,2.22044604925031E-16,5.69345140833413E-16));
#10551=DIRECTION('',(-2.22044604925031E-16,-1.,0.));
#10552=DIRECTION('',(-1.,2.22044604925031E-16,5.69345140833413E-16));
#10553=DIRECTION('',(-2.22044604925031E-16,-1.,0.));
#10554=DIRECTION('center_axis',(-1.,2.22044604925031E-16,8.88178419700124E-15));
#10555=DIRECTION('ref_axis',(-8.88178419700124E-15,1.97215226305253E-30,
-1.));
#10556=DIRECTION('',(-2.22044604925031E-16,-1.,0.));
#10557=DIRECTION('',(8.88178419700124E-15,-1.97215226305253E-30,1.));
#10558=DIRECTION('',(-2.22044604925031E-16,-1.,0.));
#10559=DIRECTION('center_axis',(1.,-2.22044604925031E-16,4.44089209850061E-15));
#10560=DIRECTION('ref_axis',(-4.44089209850061E-15,9.86076131526261E-31,
1.));
#10561=DIRECTION('',(-2.22044604925031E-16,-1.,0.));
#10562=DIRECTION('',(-4.44089209850061E-15,9.86076131526261E-31,1.));
#10563=DIRECTION('',(-2.22044604925031E-16,-1.,0.));
#10564=DIRECTION('center_axis',(-5.69345140833415E-16,1.26420016862342E-31,
-1.));
#10565=DIRECTION('ref_axis',(1.,-2.22044604925031E-16,-5.69345140833415E-16));
#10566=DIRECTION('',(1.,-2.22044604925031E-16,-5.69345140833415E-16));
#10567=DIRECTION('',(-2.22044604925031E-16,-1.,0.));
#10568=DIRECTION('',(1.,-2.22044604925031E-16,-5.69345140833415E-16));
#10569=DIRECTION('',(-2.22044604925031E-16,-1.,0.));
#10570=DIRECTION('center_axis',(0.,0.,-1.));
#10571=DIRECTION('ref_axis',(2.22044604925031E-16,1.,0.));
#10572=DIRECTION('center_axis',(0.,0.,-1.));
#10573=DIRECTION('ref_axis',(2.22044604925031E-16,1.,0.));
#10574=DIRECTION('',(0.,0.,-1.));
#10575=DIRECTION('center_axis',(0.,0.,-1.));
#10576=DIRECTION('ref_axis',(2.22044604925031E-16,1.,0.));
#10577=DIRECTION('center_axis',(0.,0.,1.));
#10578=DIRECTION('ref_axis',(2.22044604925031E-16,1.,0.));
#10579=DIRECTION('center_axis',(0.,0.,-1.));
#10580=DIRECTION('ref_axis',(2.22044604925031E-16,1.,0.));
#10581=DIRECTION('center_axis',(0.,0.,-1.));
#10582=DIRECTION('ref_axis',(2.22044604925031E-16,1.,0.));
#10583=DIRECTION('',(0.,0.,-1.));
#10584=DIRECTION('center_axis',(0.,0.,-1.));
#10585=DIRECTION('ref_axis',(2.22044604925031E-16,1.,0.));
#10586=DIRECTION('center_axis',(0.,0.,1.));
#10587=DIRECTION('ref_axis',(2.22044604925031E-16,1.,0.));
#10588=DIRECTION('center_axis',(0.,0.,-1.));
#10589=DIRECTION('ref_axis',(2.22044604925031E-16,1.,0.));
#10590=DIRECTION('center_axis',(0.,0.,-1.));
#10591=DIRECTION('ref_axis',(2.22044604925031E-16,1.,0.));
#10592=DIRECTION('',(0.,0.,-1.));
#10593=DIRECTION('center_axis',(0.,0.,-1.));
#10594=DIRECTION('ref_axis',(2.22044604925031E-16,1.,0.));
#10595=DIRECTION('center_axis',(0.,0.,1.));
#10596=DIRECTION('ref_axis',(2.22044604925031E-16,1.,0.));
#10597=DIRECTION('center_axis',(0.,0.,-1.));
#10598=DIRECTION('ref_axis',(2.22044604925031E-16,1.,0.));
#10599=DIRECTION('center_axis',(0.,0.,-1.));
#10600=DIRECTION('ref_axis',(2.22044604925031E-16,1.,0.));
#10601=DIRECTION('',(0.,0.,-1.));
#10602=DIRECTION('center_axis',(0.,0.,-1.));
#10603=DIRECTION('ref_axis',(2.22044604925031E-16,1.,0.));
#10604=DIRECTION('center_axis',(0.,0.,1.));
#10605=DIRECTION('ref_axis',(2.22044604925031E-16,1.,0.));
#10606=DIRECTION('center_axis',(0.,0.,-1.));
#10607=DIRECTION('ref_axis',(-1.,2.22044604925031E-16,0.));
#10608=DIRECTION('center_axis',(0.,0.,-1.));
#10609=DIRECTION('ref_axis',(-1.,2.22044604925031E-16,0.));
#10610=DIRECTION('',(0.,0.,-1.));
#10611=DIRECTION('center_axis',(0.,0.,-1.));
#10612=DIRECTION('ref_axis',(-1.,2.22044604925031E-16,0.));
#10613=DIRECTION('center_axis',(0.,0.,1.));
#10614=DIRECTION('ref_axis',(2.22044604925031E-16,1.,0.));
#10615=DIRECTION('center_axis',(0.,0.,-1.));
#10616=DIRECTION('ref_axis',(2.22044604925031E-16,1.,0.));
#10617=DIRECTION('center_axis',(0.,0.,-1.));
#10618=DIRECTION('ref_axis',(2.22044604925031E-16,1.,0.));
#10619=DIRECTION('',(0.,0.,-1.));
#10620=DIRECTION('center_axis',(0.,0.,-1.));
#10621=DIRECTION('ref_axis',(2.22044604925031E-16,1.,0.));
#10622=DIRECTION('center_axis',(0.,0.,1.));
#10623=DIRECTION('ref_axis',(2.22044604925031E-16,1.,0.));
#10624=DIRECTION('center_axis',(0.,0.,-1.));
#10625=DIRECTION('ref_axis',(-1.,2.22044604925031E-16,0.));
#10626=DIRECTION('center_axis',(0.,0.,-1.));
#10627=DIRECTION('ref_axis',(-1.,2.22044604925031E-16,0.));
#10628=DIRECTION('',(0.,0.,-1.));
#10629=DIRECTION('center_axis',(0.,0.,-1.));
#10630=DIRECTION('ref_axis',(-1.,2.22044604925031E-16,0.));
#10631=DIRECTION('center_axis',(0.,0.,1.));
#10632=DIRECTION('ref_axis',(2.22044604925031E-16,1.,0.));
#10633=DIRECTION('center_axis',(0.,0.,-1.));
#10634=DIRECTION('ref_axis',(1.,-2.22044604925031E-16,0.));
#10635=DIRECTION('center_axis',(0.,0.,-1.));
#10636=DIRECTION('ref_axis',(1.,-2.22044604925031E-16,0.));
#10637=DIRECTION('',(0.,0.,-1.));
#10638=DIRECTION('center_axis',(0.,0.,-1.));
#10639=DIRECTION('ref_axis',(1.,-2.22044604925031E-16,0.));
#10640=DIRECTION('center_axis',(0.,0.,1.));
#10641=DIRECTION('ref_axis',(2.22044604925031E-16,1.,0.));
#10642=DIRECTION('center_axis',(0.,0.,-1.));
#10643=DIRECTION('ref_axis',(-0.707106781186549,0.707106781186546,0.));
#10644=DIRECTION('center_axis',(0.,0.,-1.));
#10645=DIRECTION('ref_axis',(-0.707106781186549,0.707106781186546,0.));
#10646=DIRECTION('',(0.,0.,-1.));
#10647=DIRECTION('center_axis',(0.,0.,-1.));
#10648=DIRECTION('ref_axis',(-0.707106781186549,0.707106781186546,0.));
#10649=DIRECTION('center_axis',(0.,0.,1.));
#10650=DIRECTION('ref_axis',(2.22044604925031E-16,1.,0.));
#10651=DIRECTION('center_axis',(0.,0.,-1.));
#10652=DIRECTION('ref_axis',(2.22044604925031E-16,1.,0.));
#10653=DIRECTION('center_axis',(0.,0.,-1.));
#10654=DIRECTION('ref_axis',(2.22044604925031E-16,1.,0.));
#10655=DIRECTION('',(0.,0.,-1.));
#10656=DIRECTION('center_axis',(0.,0.,-1.));
#10657=DIRECTION('ref_axis',(2.22044604925031E-16,1.,0.));
#10658=DIRECTION('center_axis',(0.,0.,1.));
#10659=DIRECTION('ref_axis',(2.22044604925031E-16,1.,0.));
#10660=DIRECTION('center_axis',(0.,0.,-1.));
#10661=DIRECTION('ref_axis',(2.22044604925031E-16,1.,0.));
#10662=DIRECTION('center_axis',(0.,0.,-1.));
#10663=DIRECTION('ref_axis',(2.22044604925031E-16,1.,0.));
#10664=DIRECTION('',(0.,0.,-1.));
#10665=DIRECTION('center_axis',(0.,0.,-1.));
#10666=DIRECTION('ref_axis',(2.22044604925031E-16,1.,0.));
#10667=DIRECTION('center_axis',(0.,0.,1.));
#10668=DIRECTION('ref_axis',(2.22044604925031E-16,1.,0.));
#10669=DIRECTION('center_axis',(0.,0.,-1.));
#10670=DIRECTION('ref_axis',(2.22044604925031E-16,1.,0.));
#10671=DIRECTION('center_axis',(0.,0.,-1.));
#10672=DIRECTION('ref_axis',(2.22044604925031E-16,1.,0.));
#10673=DIRECTION('',(0.,0.,-1.));
#10674=DIRECTION('center_axis',(0.,0.,-1.));
#10675=DIRECTION('ref_axis',(2.22044604925031E-16,1.,0.));
#10676=DIRECTION('center_axis',(0.,0.,1.));
#10677=DIRECTION('ref_axis',(2.22044604925031E-16,1.,0.));
#10678=DIRECTION('center_axis',(0.,0.,-1.));
#10679=DIRECTION('ref_axis',(2.22044604925031E-16,1.,0.));
#10680=DIRECTION('center_axis',(0.,0.,-1.));
#10681=DIRECTION('ref_axis',(2.22044604925031E-16,1.,0.));
#10682=DIRECTION('',(0.,0.,-1.));
#10683=DIRECTION('center_axis',(0.,0.,-1.));
#10684=DIRECTION('ref_axis',(2.22044604925031E-16,1.,0.));
#10685=DIRECTION('center_axis',(0.,0.,1.));
#10686=DIRECTION('ref_axis',(2.22044604925031E-16,1.,0.));
#10687=DIRECTION('center_axis',(0.,0.,-1.));
#10688=DIRECTION('ref_axis',(-0.707106781186549,0.707106781186546,0.));
#10689=DIRECTION('center_axis',(0.,0.,-1.));
#10690=DIRECTION('ref_axis',(-0.707106781186549,0.707106781186546,0.));
#10691=DIRECTION('',(0.,0.,-1.));
#10692=DIRECTION('center_axis',(0.,0.,-1.));
#10693=DIRECTION('ref_axis',(-0.707106781186549,0.707106781186546,0.));
#10694=DIRECTION('center_axis',(0.,0.,1.));
#10695=DIRECTION('ref_axis',(2.22044604925031E-16,1.,0.));
#10696=DIRECTION('center_axis',(0.,0.,-1.));
#10697=DIRECTION('ref_axis',(2.22044604925031E-16,1.,0.));
#10698=DIRECTION('center_axis',(0.,0.,-1.));
#10699=DIRECTION('ref_axis',(2.22044604925031E-16,1.,0.));
#10700=DIRECTION('',(0.,0.,-1.));
#10701=DIRECTION('center_axis',(0.,0.,-1.));
#10702=DIRECTION('ref_axis',(2.22044604925031E-16,1.,0.));
#10703=DIRECTION('center_axis',(0.,0.,1.));
#10704=DIRECTION('ref_axis',(2.22044604925031E-16,1.,0.));
#10705=DIRECTION('center_axis',(0.,0.,-1.));
#10706=DIRECTION('ref_axis',(2.22044604925031E-16,1.,0.));
#10707=DIRECTION('center_axis',(0.,0.,-1.));
#10708=DIRECTION('ref_axis',(2.22044604925031E-16,1.,0.));
#10709=DIRECTION('',(0.,0.,-1.));
#10710=DIRECTION('center_axis',(0.,0.,-1.));
#10711=DIRECTION('ref_axis',(2.22044604925031E-16,1.,0.));
#10712=DIRECTION('center_axis',(0.,0.,1.));
#10713=DIRECTION('ref_axis',(2.22044604925031E-16,1.,0.));
#10714=DIRECTION('center_axis',(0.,0.,-1.));
#10715=DIRECTION('ref_axis',(1.,-2.22044604925031E-16,0.));
#10716=DIRECTION('center_axis',(0.,0.,-1.));
#10717=DIRECTION('ref_axis',(1.,-2.22044604925031E-16,0.));
#10718=DIRECTION('',(0.,0.,-1.));
#10719=DIRECTION('center_axis',(0.,0.,-1.));
#10720=DIRECTION('ref_axis',(1.,-2.22044604925031E-16,0.));
#10721=DIRECTION('center_axis',(0.,0.,1.));
#10722=DIRECTION('ref_axis',(2.22044604925031E-16,1.,0.));
#10723=DIRECTION('center_axis',(0.,0.,-1.));
#10724=DIRECTION('ref_axis',(-1.,2.22044604925031E-16,0.));
#10725=DIRECTION('center_axis',(0.,0.,-1.));
#10726=DIRECTION('ref_axis',(-1.,2.22044604925031E-16,0.));
#10727=DIRECTION('',(0.,0.,-1.));
#10728=DIRECTION('center_axis',(0.,0.,-1.));
#10729=DIRECTION('ref_axis',(-1.,2.22044604925031E-16,0.));
#10730=DIRECTION('center_axis',(0.,0.,1.));
#10731=DIRECTION('ref_axis',(2.22044604925031E-16,1.,0.));
#10732=DIRECTION('center_axis',(0.,0.,-1.));
#10733=DIRECTION('ref_axis',(2.22044604925031E-16,1.,0.));
#10734=DIRECTION('center_axis',(0.,0.,-1.));
#10735=DIRECTION('ref_axis',(2.22044604925031E-16,1.,0.));
#10736=DIRECTION('',(0.,0.,-1.));
#10737=DIRECTION('center_axis',(0.,0.,-1.));
#10738=DIRECTION('ref_axis',(2.22044604925031E-16,1.,0.));
#10739=DIRECTION('center_axis',(0.,0.,1.));
#10740=DIRECTION('ref_axis',(2.22044604925031E-16,1.,0.));
#10741=DIRECTION('center_axis',(0.,0.,-1.));
#10742=DIRECTION('ref_axis',(-0.707106781186549,0.707106781186546,0.));
#10743=DIRECTION('center_axis',(0.,0.,-1.));
#10744=DIRECTION('ref_axis',(-0.707106781186549,0.707106781186546,0.));
#10745=DIRECTION('',(0.,0.,-1.));
#10746=DIRECTION('center_axis',(0.,0.,-1.));
#10747=DIRECTION('ref_axis',(-0.707106781186549,0.707106781186546,0.));
#10748=DIRECTION('center_axis',(0.,0.,1.));
#10749=DIRECTION('ref_axis',(2.22044604925031E-16,1.,0.));
#10750=DIRECTION('center_axis',(0.,0.,-1.));
#10751=DIRECTION('ref_axis',(2.22044604925031E-16,1.,0.));
#10752=DIRECTION('center_axis',(0.,0.,-1.));
#10753=DIRECTION('ref_axis',(2.22044604925031E-16,1.,0.));
#10754=DIRECTION('',(0.,0.,-1.));
#10755=DIRECTION('center_axis',(0.,0.,-1.));
#10756=DIRECTION('ref_axis',(2.22044604925031E-16,1.,0.));
#10757=DIRECTION('center_axis',(0.,0.,1.));
#10758=DIRECTION('ref_axis',(2.22044604925031E-16,1.,0.));
#10759=DIRECTION('center_axis',(0.,0.,-1.));
#10760=DIRECTION('ref_axis',(2.22044604925031E-16,1.,0.));
#10761=DIRECTION('center_axis',(0.,0.,-1.));
#10762=DIRECTION('ref_axis',(2.22044604925031E-16,1.,0.));
#10763=DIRECTION('',(0.,0.,-1.));
#10764=DIRECTION('center_axis',(0.,0.,-1.));
#10765=DIRECTION('ref_axis',(2.22044604925031E-16,1.,0.));
#10766=DIRECTION('center_axis',(0.,0.,1.));
#10767=DIRECTION('ref_axis',(2.22044604925031E-16,1.,0.));
#10768=DIRECTION('center_axis',(0.,0.,-1.));
#10769=DIRECTION('ref_axis',(2.22044604925031E-16,1.,0.));
#10770=DIRECTION('center_axis',(0.,0.,-1.));
#10771=DIRECTION('ref_axis',(2.22044604925031E-16,1.,0.));
#10772=DIRECTION('',(0.,0.,-1.));
#10773=DIRECTION('center_axis',(0.,0.,-1.));
#10774=DIRECTION('ref_axis',(2.22044604925031E-16,1.,0.));
#10775=DIRECTION('center_axis',(0.,0.,1.));
#10776=DIRECTION('ref_axis',(2.22044604925031E-16,1.,0.));
#10777=DIRECTION('center_axis',(0.,0.,-1.));
#10778=DIRECTION('ref_axis',(2.22044604925031E-16,1.,0.));
#10779=DIRECTION('center_axis',(0.,0.,-1.));
#10780=DIRECTION('ref_axis',(2.22044604925031E-16,1.,0.));
#10781=DIRECTION('',(0.,0.,-1.));
#10782=DIRECTION('center_axis',(0.,0.,-1.));
#10783=DIRECTION('ref_axis',(2.22044604925031E-16,1.,0.));
#10784=DIRECTION('center_axis',(0.,0.,1.));
#10785=DIRECTION('ref_axis',(2.22044604925031E-16,1.,0.));
#10786=DIRECTION('center_axis',(0.,0.,-1.));
#10787=DIRECTION('ref_axis',(-0.707106781186549,0.707106781186546,0.));
#10788=DIRECTION('center_axis',(0.,0.,-1.));
#10789=DIRECTION('ref_axis',(-0.707106781186549,0.707106781186546,0.));
#10790=DIRECTION('',(0.,0.,-1.));
#10791=DIRECTION('center_axis',(0.,0.,-1.));
#10792=DIRECTION('ref_axis',(-0.707106781186549,0.707106781186546,0.));
#10793=DIRECTION('center_axis',(0.,0.,1.));
#10794=DIRECTION('ref_axis',(2.22044604925031E-16,1.,0.));
#10795=DIRECTION('center_axis',(0.,0.,-1.));
#10796=DIRECTION('ref_axis',(2.22044604925031E-16,1.,0.));
#10797=DIRECTION('center_axis',(0.,0.,-1.));
#10798=DIRECTION('ref_axis',(2.22044604925031E-16,1.,0.));
#10799=DIRECTION('',(0.,0.,-1.));
#10800=DIRECTION('center_axis',(0.,0.,-1.));
#10801=DIRECTION('ref_axis',(2.22044604925031E-16,1.,0.));
#10802=DIRECTION('center_axis',(0.,0.,1.));
#10803=DIRECTION('ref_axis',(2.22044604925031E-16,1.,0.));
#10804=DIRECTION('center_axis',(0.,0.,-1.));
#10805=DIRECTION('ref_axis',(1.,-2.22044604925031E-16,0.));
#10806=DIRECTION('center_axis',(0.,0.,-1.));
#10807=DIRECTION('ref_axis',(1.,-2.22044604925031E-16,0.));
#10808=DIRECTION('',(0.,0.,-1.));
#10809=DIRECTION('center_axis',(0.,0.,-1.));
#10810=DIRECTION('ref_axis',(1.,-2.22044604925031E-16,0.));
#10811=DIRECTION('center_axis',(0.,0.,1.));
#10812=DIRECTION('ref_axis',(2.22044604925031E-16,1.,0.));
#10813=DIRECTION('center_axis',(0.,0.,-1.));
#10814=DIRECTION('ref_axis',(2.22044604925031E-16,1.,0.));
#10815=DIRECTION('center_axis',(0.,0.,-1.));
#10816=DIRECTION('ref_axis',(2.22044604925031E-16,1.,0.));
#10817=DIRECTION('',(0.,0.,-1.));
#10818=DIRECTION('center_axis',(0.,0.,-1.));
#10819=DIRECTION('ref_axis',(2.22044604925031E-16,1.,0.));
#10820=DIRECTION('center_axis',(0.,0.,1.));
#10821=DIRECTION('ref_axis',(2.22044604925031E-16,1.,0.));
#10822=DIRECTION('center_axis',(0.,0.,-1.));
#10823=DIRECTION('ref_axis',(1.,-2.22044604925031E-16,0.));
#10824=DIRECTION('center_axis',(0.,0.,-1.));
#10825=DIRECTION('ref_axis',(1.,-2.22044604925031E-16,0.));
#10826=DIRECTION('',(0.,0.,-1.));
#10827=DIRECTION('center_axis',(0.,0.,-1.));
#10828=DIRECTION('ref_axis',(1.,-2.22044604925031E-16,0.));
#10829=DIRECTION('center_axis',(0.,0.,1.));
#10830=DIRECTION('ref_axis',(2.22044604925031E-16,1.,0.));
#10831=DIRECTION('center_axis',(0.,0.,-1.));
#10832=DIRECTION('ref_axis',(-1.,2.22044604925031E-16,0.));
#10833=DIRECTION('center_axis',(0.,0.,-1.));
#10834=DIRECTION('ref_axis',(-1.,2.22044604925031E-16,0.));
#10835=DIRECTION('',(0.,0.,-1.));
#10836=DIRECTION('center_axis',(0.,0.,-1.));
#10837=DIRECTION('ref_axis',(-1.,2.22044604925031E-16,0.));
#10838=DIRECTION('center_axis',(0.,0.,1.));
#10839=DIRECTION('ref_axis',(2.22044604925031E-16,1.,0.));
#10840=DIRECTION('center_axis',(0.,0.,-1.));
#10841=DIRECTION('ref_axis',(1.,-2.22044604925031E-16,0.));
#10842=DIRECTION('center_axis',(0.,0.,-1.));
#10843=DIRECTION('ref_axis',(1.,-2.22044604925031E-16,0.));
#10844=DIRECTION('',(0.,0.,-1.));
#10845=DIRECTION('center_axis',(0.,0.,-1.));
#10846=DIRECTION('ref_axis',(1.,-2.22044604925031E-16,0.));
#10847=DIRECTION('center_axis',(0.,0.,1.));
#10848=DIRECTION('ref_axis',(2.22044604925031E-16,1.,0.));
#10849=DIRECTION('center_axis',(0.,0.,-1.));
#10850=DIRECTION('ref_axis',(-1.,2.22044604925031E-16,0.));
#10851=DIRECTION('center_axis',(0.,0.,-1.));
#10852=DIRECTION('ref_axis',(-1.,2.22044604925031E-16,0.));
#10853=DIRECTION('',(0.,0.,-1.));
#10854=DIRECTION('center_axis',(0.,0.,-1.));
#10855=DIRECTION('ref_axis',(-1.,2.22044604925031E-16,0.));
#10856=DIRECTION('center_axis',(0.,0.,1.));
#10857=DIRECTION('ref_axis',(2.22044604925031E-16,1.,0.));
#10858=DIRECTION('center_axis',(0.,0.,-1.));
#10859=DIRECTION('ref_axis',(2.22044604925031E-16,1.,0.));
#10860=DIRECTION('center_axis',(0.,0.,-1.));
#10861=DIRECTION('ref_axis',(2.22044604925031E-16,1.,0.));
#10862=DIRECTION('',(0.,0.,-1.));
#10863=DIRECTION('center_axis',(0.,0.,-1.));
#10864=DIRECTION('ref_axis',(2.22044604925031E-16,1.,0.));
#10865=DIRECTION('center_axis',(0.,0.,1.));
#10866=DIRECTION('ref_axis',(2.22044604925031E-16,1.,0.));
#10867=DIRECTION('center_axis',(0.,0.,-1.));
#10868=DIRECTION('ref_axis',(2.22044604925031E-16,1.,0.));
#10869=DIRECTION('center_axis',(0.,0.,-1.));
#10870=DIRECTION('ref_axis',(2.22044604925031E-16,1.,0.));
#10871=DIRECTION('',(0.,0.,-1.));
#10872=DIRECTION('center_axis',(0.,0.,-1.));
#10873=DIRECTION('ref_axis',(2.22044604925031E-16,1.,0.));
#10874=DIRECTION('center_axis',(0.,0.,1.));
#10875=DIRECTION('ref_axis',(2.22044604925031E-16,1.,0.));
#10876=DIRECTION('center_axis',(0.,0.,-1.));
#10877=DIRECTION('ref_axis',(-0.707106781186547,0.707106781186548,0.));
#10878=DIRECTION('center_axis',(0.,0.,-1.));
#10879=DIRECTION('ref_axis',(-0.707106781186547,0.707106781186548,0.));
#10880=DIRECTION('',(0.,0.,-1.));
#10881=DIRECTION('center_axis',(0.,0.,-1.));
#10882=DIRECTION('ref_axis',(-0.707106781186547,0.707106781186548,0.));
#10883=DIRECTION('center_axis',(0.,0.,1.));
#10884=DIRECTION('ref_axis',(2.22044604925031E-16,1.,0.));
#10885=DIRECTION('center_axis',(0.,0.,-1.));
#10886=DIRECTION('ref_axis',(2.22044604925031E-16,1.,0.));
#10887=DIRECTION('center_axis',(0.,0.,-1.));
#10888=DIRECTION('ref_axis',(2.22044604925031E-16,1.,0.));
#10889=DIRECTION('',(0.,0.,-1.));
#10890=DIRECTION('center_axis',(0.,0.,-1.));
#10891=DIRECTION('ref_axis',(2.22044604925031E-16,1.,0.));
#10892=DIRECTION('center_axis',(0.,0.,1.));
#10893=DIRECTION('ref_axis',(2.22044604925031E-16,1.,0.));
#10894=DIRECTION('center_axis',(0.,0.,-1.));
#10895=DIRECTION('ref_axis',(2.22044604925031E-16,1.,0.));
#10896=DIRECTION('center_axis',(0.,0.,-1.));
#10897=DIRECTION('ref_axis',(2.22044604925031E-16,1.,0.));
#10898=DIRECTION('',(0.,0.,-1.));
#10899=DIRECTION('center_axis',(0.,0.,-1.));
#10900=DIRECTION('ref_axis',(2.22044604925031E-16,1.,0.));
#10901=DIRECTION('center_axis',(0.,0.,1.));
#10902=DIRECTION('ref_axis',(2.22044604925031E-16,1.,0.));
#10903=DIRECTION('center_axis',(0.,0.,-1.));
#10904=DIRECTION('ref_axis',(2.22044604925031E-16,1.,0.));
#10905=DIRECTION('center_axis',(0.,0.,-1.));
#10906=DIRECTION('ref_axis',(2.22044604925031E-16,1.,0.));
#10907=DIRECTION('',(0.,0.,-1.));
#10908=DIRECTION('center_axis',(0.,0.,-1.));
#10909=DIRECTION('ref_axis',(2.22044604925031E-16,1.,0.));
#10910=DIRECTION('center_axis',(0.,0.,1.));
#10911=DIRECTION('ref_axis',(2.22044604925031E-16,1.,0.));
#10912=DIRECTION('center_axis',(0.,0.,-1.));
#10913=DIRECTION('ref_axis',(2.22044604925031E-16,1.,0.));
#10914=DIRECTION('center_axis',(0.,0.,-1.));
#10915=DIRECTION('ref_axis',(2.22044604925031E-16,1.,0.));
#10916=DIRECTION('',(0.,0.,-1.));
#10917=DIRECTION('center_axis',(0.,0.,-1.));
#10918=DIRECTION('ref_axis',(2.22044604925031E-16,1.,0.));
#10919=DIRECTION('center_axis',(0.,0.,1.));
#10920=DIRECTION('ref_axis',(2.22044604925031E-16,1.,0.));
#10921=DIRECTION('center_axis',(0.,0.,-1.));
#10922=DIRECTION('ref_axis',(2.22044604925031E-16,1.,0.));
#10923=DIRECTION('center_axis',(0.,0.,-1.));
#10924=DIRECTION('ref_axis',(2.22044604925031E-16,1.,0.));
#10925=DIRECTION('',(0.,0.,-1.));
#10926=DIRECTION('center_axis',(0.,0.,-1.));
#10927=DIRECTION('ref_axis',(2.22044604925031E-16,1.,0.));
#10928=DIRECTION('center_axis',(0.,0.,1.));
#10929=DIRECTION('ref_axis',(2.22044604925031E-16,1.,0.));
#10930=DIRECTION('center_axis',(0.,0.,-1.));
#10931=DIRECTION('ref_axis',(-0.707106781186549,0.707106781186546,0.));
#10932=DIRECTION('center_axis',(0.,0.,-1.));
#10933=DIRECTION('ref_axis',(-0.707106781186549,0.707106781186546,0.));
#10934=DIRECTION('',(0.,0.,-1.));
#10935=DIRECTION('center_axis',(0.,0.,-1.));
#10936=DIRECTION('ref_axis',(-0.707106781186549,0.707106781186546,0.));
#10937=DIRECTION('center_axis',(0.,0.,1.));
#10938=DIRECTION('ref_axis',(2.22044604925031E-16,1.,0.));
#10939=DIRECTION('center_axis',(0.,0.,-1.));
#10940=DIRECTION('ref_axis',(2.22044604925031E-16,1.,0.));
#10941=DIRECTION('center_axis',(0.,0.,-1.));
#10942=DIRECTION('ref_axis',(2.22044604925031E-16,1.,0.));
#10943=DIRECTION('',(0.,0.,-1.));
#10944=DIRECTION('center_axis',(0.,0.,-1.));
#10945=DIRECTION('ref_axis',(2.22044604925031E-16,1.,0.));
#10946=DIRECTION('center_axis',(0.,0.,1.));
#10947=DIRECTION('ref_axis',(2.22044604925031E-16,1.,0.));
#10948=DIRECTION('center_axis',(0.,0.,-1.));
#10949=DIRECTION('ref_axis',(-1.,2.22044604925031E-16,0.));
#10950=DIRECTION('center_axis',(0.,0.,-1.));
#10951=DIRECTION('ref_axis',(-1.,2.22044604925031E-16,0.));
#10952=DIRECTION('',(0.,0.,-1.));
#10953=DIRECTION('center_axis',(0.,0.,-1.));
#10954=DIRECTION('ref_axis',(-1.,2.22044604925031E-16,0.));
#10955=DIRECTION('center_axis',(0.,0.,1.));
#10956=DIRECTION('ref_axis',(2.22044604925031E-16,1.,0.));
#10957=DIRECTION('center_axis',(0.,0.,-1.));
#10958=DIRECTION('ref_axis',(2.22044604925031E-16,1.,0.));
#10959=DIRECTION('center_axis',(0.,0.,-1.));
#10960=DIRECTION('ref_axis',(2.22044604925031E-16,1.,0.));
#10961=DIRECTION('',(0.,0.,-1.));
#10962=DIRECTION('center_axis',(0.,0.,-1.));
#10963=DIRECTION('ref_axis',(2.22044604925031E-16,1.,0.));
#10964=DIRECTION('center_axis',(0.,0.,1.));
#10965=DIRECTION('ref_axis',(2.22044604925031E-16,1.,0.));
#10966=DIRECTION('center_axis',(0.,0.,-1.));
#10967=DIRECTION('ref_axis',(2.22044604925031E-16,1.,0.));
#10968=DIRECTION('center_axis',(0.,0.,-1.));
#10969=DIRECTION('ref_axis',(2.22044604925031E-16,1.,0.));
#10970=DIRECTION('',(0.,0.,-1.));
#10971=DIRECTION('center_axis',(0.,0.,-1.));
#10972=DIRECTION('ref_axis',(2.22044604925031E-16,1.,0.));
#10973=DIRECTION('center_axis',(0.,0.,1.));
#10974=DIRECTION('ref_axis',(2.22044604925031E-16,1.,0.));
#10975=DIRECTION('center_axis',(0.,0.,-1.));
#10976=DIRECTION('ref_axis',(2.22044604925031E-16,1.,0.));
#10977=DIRECTION('center_axis',(0.,0.,-1.));
#10978=DIRECTION('ref_axis',(2.22044604925031E-16,1.,0.));
#10979=DIRECTION('',(0.,0.,-1.));
#10980=DIRECTION('center_axis',(0.,0.,-1.));
#10981=DIRECTION('ref_axis',(2.22044604925031E-16,1.,0.));
#10982=DIRECTION('center_axis',(0.,0.,1.));
#10983=DIRECTION('ref_axis',(2.22044604925031E-16,1.,0.));
#10984=DIRECTION('center_axis',(0.,0.,-1.));
#10985=DIRECTION('ref_axis',(1.,-2.22044604925031E-16,0.));
#10986=DIRECTION('center_axis',(0.,0.,-1.));
#10987=DIRECTION('ref_axis',(1.,-2.22044604925031E-16,0.));
#10988=DIRECTION('',(0.,0.,-1.));
#10989=DIRECTION('center_axis',(0.,0.,-1.));
#10990=DIRECTION('ref_axis',(1.,-2.22044604925031E-16,0.));
#10991=DIRECTION('center_axis',(0.,0.,1.));
#10992=DIRECTION('ref_axis',(2.22044604925031E-16,1.,0.));
#10993=DIRECTION('center_axis',(0.,0.,-1.));
#10994=DIRECTION('ref_axis',(2.22044604925031E-16,1.,0.));
#10995=DIRECTION('center_axis',(0.,0.,-1.));
#10996=DIRECTION('ref_axis',(2.22044604925031E-16,1.,0.));
#10997=DIRECTION('',(0.,0.,-1.));
#10998=DIRECTION('center_axis',(0.,0.,-1.));
#10999=DIRECTION('ref_axis',(2.22044604925031E-16,1.,0.));
#11000=DIRECTION('center_axis',(0.,0.,1.));
#11001=DIRECTION('ref_axis',(2.22044604925031E-16,1.,0.));
#11002=DIRECTION('center_axis',(0.,0.,-1.));
#11003=DIRECTION('ref_axis',(-2.22044604925031E-16,-1.,0.));
#11004=DIRECTION('center_axis',(0.,0.,-1.));
#11005=DIRECTION('ref_axis',(-2.22044604925031E-16,-1.,0.));
#11006=DIRECTION('',(0.,0.,1.));
#11007=DIRECTION('center_axis',(0.,0.,1.));
#11008=DIRECTION('ref_axis',(-2.22044604925031E-16,-1.,0.));
#11009=DIRECTION('center_axis',(0.,0.,-1.));
#11010=DIRECTION('ref_axis',(-2.22044604925031E-16,-1.,0.));
#11011=DIRECTION('center_axis',(0.,0.,-1.));
#11012=DIRECTION('ref_axis',(-2.22044604925031E-16,-1.,0.));
#11013=DIRECTION('center_axis',(0.,0.,-1.));
#11014=DIRECTION('ref_axis',(-2.22044604925031E-16,-1.,0.));
#11015=DIRECTION('',(0.,0.,1.));
#11016=DIRECTION('center_axis',(0.,0.,1.));
#11017=DIRECTION('ref_axis',(-2.22044604925031E-16,-1.,0.));
#11018=DIRECTION('center_axis',(0.,0.,-1.));
#11019=DIRECTION('ref_axis',(-2.22044604925031E-16,-1.,0.));
#11020=DIRECTION('center_axis',(0.,0.,-1.));
#11021=DIRECTION('ref_axis',(-2.22044604925031E-16,-1.,0.));
#11022=DIRECTION('center_axis',(0.,0.,-1.));
#11023=DIRECTION('ref_axis',(-2.22044604925031E-16,-1.,0.));
#11024=DIRECTION('',(0.,0.,1.));
#11025=DIRECTION('center_axis',(0.,0.,1.));
#11026=DIRECTION('ref_axis',(-2.22044604925031E-16,-1.,0.));
#11027=DIRECTION('center_axis',(0.,0.,-1.));
#11028=DIRECTION('ref_axis',(-2.22044604925031E-16,-1.,0.));
#11029=DIRECTION('center_axis',(0.,0.,-1.));
#11030=DIRECTION('ref_axis',(-2.22044604925031E-16,-1.,0.));
#11031=DIRECTION('center_axis',(0.,0.,-1.));
#11032=DIRECTION('ref_axis',(-2.22044604925031E-16,-1.,0.));
#11033=DIRECTION('',(0.,0.,1.));
#11034=DIRECTION('center_axis',(0.,0.,1.));
#11035=DIRECTION('ref_axis',(-2.22044604925031E-16,-1.,0.));
#11036=DIRECTION('center_axis',(0.,0.,-1.));
#11037=DIRECTION('ref_axis',(-2.22044604925031E-16,-1.,0.));
#11038=DIRECTION('center_axis',(0.,0.,-1.));
#11039=DIRECTION('ref_axis',(-2.22044604925031E-16,-1.,0.));
#11040=DIRECTION('center_axis',(0.,0.,-1.));
#11041=DIRECTION('ref_axis',(-2.22044604925031E-16,-1.,0.));
#11042=DIRECTION('',(0.,0.,1.));
#11043=DIRECTION('center_axis',(0.,0.,1.));
#11044=DIRECTION('ref_axis',(-2.22044604925031E-16,-1.,0.));
#11045=DIRECTION('center_axis',(0.,0.,-1.));
#11046=DIRECTION('ref_axis',(-2.22044604925031E-16,-1.,0.));
#11047=DIRECTION('center_axis',(0.,0.,-1.));
#11048=DIRECTION('ref_axis',(-2.22044604925031E-16,-1.,0.));
#11049=DIRECTION('center_axis',(0.,0.,-1.));
#11050=DIRECTION('ref_axis',(-2.22044604925031E-16,-1.,0.));
#11051=DIRECTION('',(0.,0.,1.));
#11052=DIRECTION('center_axis',(0.,0.,1.));
#11053=DIRECTION('ref_axis',(-2.22044604925031E-16,-1.,0.));
#11054=DIRECTION('center_axis',(0.,0.,-1.));
#11055=DIRECTION('ref_axis',(-2.22044604925031E-16,-1.,0.));
#11056=DIRECTION('center_axis',(0.,0.,-1.));
#11057=DIRECTION('ref_axis',(-2.22044604925031E-16,-1.,0.));
#11058=DIRECTION('center_axis',(0.,0.,-1.));
#11059=DIRECTION('ref_axis',(-2.22044604925031E-16,-1.,0.));
#11060=DIRECTION('',(0.,0.,1.));
#11061=DIRECTION('center_axis',(0.,0.,1.));
#11062=DIRECTION('ref_axis',(-2.22044604925031E-16,-1.,0.));
#11063=DIRECTION('center_axis',(0.,0.,-1.));
#11064=DIRECTION('ref_axis',(-2.22044604925031E-16,-1.,0.));
#11065=DIRECTION('center_axis',(0.,0.,-1.));
#11066=DIRECTION('ref_axis',(-2.22044604925031E-16,-1.,0.));
#11067=DIRECTION('center_axis',(0.,0.,-1.));
#11068=DIRECTION('ref_axis',(-2.22044604925031E-16,-1.,0.));
#11069=DIRECTION('',(0.,0.,1.));
#11070=DIRECTION('center_axis',(0.,0.,1.));
#11071=DIRECTION('ref_axis',(-2.22044604925031E-16,-1.,0.));
#11072=DIRECTION('center_axis',(0.,0.,-1.));
#11073=DIRECTION('ref_axis',(-2.22044604925031E-16,-1.,0.));
#11074=DIRECTION('center_axis',(-2.22044604925031E-16,-1.,0.));
#11075=DIRECTION('ref_axis',(0.,0.,-1.));
#11076=DIRECTION('',(1.,-2.22044604925031E-16,-5.69345140833413E-16));
#11077=DIRECTION('',(0.,0.,-1.));
#11078=DIRECTION('',(1.,-2.22044604925031E-16,0.));
#11079=DIRECTION('center_axis',(2.22044604925031E-16,1.,0.));
#11080=DIRECTION('ref_axis',(0.,0.,1.));
#11081=DIRECTION('',(1.,-2.22044604925031E-16,0.));
#11082=DIRECTION('',(0.,0.,1.));
#11083=DIRECTION('center_axis',(2.22044604925031E-16,1.,0.));
#11084=DIRECTION('ref_axis',(0.,0.,1.));
#11085=DIRECTION('',(-1.,2.22044604925031E-16,5.69345140833415E-16));
#11086=DIRECTION('',(0.,0.,-1.));
#11087=DIRECTION('',(1.,-2.22044604925031E-16,0.));
#11088=DIRECTION('center_axis',(-2.22044604925031E-16,-1.,0.));
#11089=DIRECTION('ref_axis',(0.,0.,-1.));
#11090=DIRECTION('',(1.,-2.22044604925031E-16,0.));
#11091=DIRECTION('',(0.,0.,1.));
#11092=DIRECTION('center_axis',(1.,-2.22044604925031E-16,0.));
#11093=DIRECTION('ref_axis',(0.,0.,1.));
#11094=DIRECTION('',(2.22044604925031E-16,1.,0.));
#11095=DIRECTION('',(-2.22044604925031E-16,-1.,0.));
#11096=DIRECTION('',(0.,0.,-1.));
#11097=DIRECTION('',(-2.22044604925031E-16,-1.,0.));
#11098=DIRECTION('',(0.,0.,1.));
#11099=DIRECTION('center_axis',(-5.69345140833415E-16,1.26420016862342E-31,
-1.));
#11100=DIRECTION('ref_axis',(1.,-2.22044604925031E-16,-5.69345140833415E-16));
#11101=DIRECTION('',(-1.,2.22044604925031E-16,5.69345140833415E-16));
#11102=DIRECTION('center_axis',(-1.,2.22044604925031E-16,0.));
#11103=DIRECTION('ref_axis',(0.,0.,-1.));
#11104=DIRECTION('',(-2.22044604925031E-16,-1.,0.));
#11105=DIRECTION('',(-2.22044604925031E-16,-1.,0.));
#11106=DIRECTION('',(0.,0.,-1.));
#11107=DIRECTION('',(-2.22044604925031E-16,-1.,0.));
#11108=DIRECTION('',(0.,0.,1.));
#11109=DIRECTION('center_axis',(1.,-2.22044604925031E-16,4.44089209850061E-15));
#11110=DIRECTION('ref_axis',(-4.44089209850061E-15,9.86076131526261E-31,
1.));
#11111=DIRECTION('',(4.44089209850061E-15,-9.86076131526261E-31,-1.));
#11112=DIRECTION('',(-2.22044604925031E-16,-1.,0.));
#11113=DIRECTION('center_axis',(-5.69345140833413E-16,1.26420016862341E-31,
-1.));
#11114=DIRECTION('ref_axis',(1.,-2.22044604925031E-16,-5.69345140833413E-16));
#11115=DIRECTION('',(1.,-2.22044604925031E-16,-5.69345140833413E-16));
#11116=DIRECTION('center_axis',(0.,0.,1.));
#11117=DIRECTION('ref_axis',(-1.,2.22044604925031E-16,0.));
#11118=DIRECTION('',(1.,-2.22044604925031E-16,0.));
#11119=DIRECTION('',(-1.,2.22044604925031E-16,0.));
#11120=DIRECTION('center_axis',(-1.,2.22044604925031E-16,8.88178419700124E-15));
#11121=DIRECTION('ref_axis',(-8.88178419700124E-15,1.97215226305253E-30,
-1.));
#11122=DIRECTION('',(-8.88178419700124E-15,1.97215226305253E-30,-1.));
#11123=DIRECTION('',(-2.22044604925031E-16,-1.,0.));
#11124=DIRECTION('center_axis',(0.,0.,-1.));
#11125=DIRECTION('ref_axis',(1.,-2.22044604925031E-16,0.));
#11126=DIRECTION('',(1.,-2.22044604925031E-16,0.));
#11127=DIRECTION('',(-1.,2.22044604925031E-16,0.));
#11128=DIRECTION('center_axis',(-2.22044604925031E-16,-1.,0.));
#11129=DIRECTION('ref_axis',(0.,0.,-1.));
#11130=DIRECTION('center_axis',(-2.22044604925031E-16,-1.,0.));
#11131=DIRECTION('ref_axis',(1.,-2.22044604925031E-16,0.));
#11132=CARTESIAN_POINT('',(0.,0.,0.));
#11133=CARTESIAN_POINT('Ctrl Pts',(8.16812879123296,1.55,4.64949910672707));
#11134=CARTESIAN_POINT('Ctrl Pts',(8.16812879123296,1.54,4.64949910672707));
#11135=CARTESIAN_POINT('Ctrl Pts',(8.28054352380838,1.55,4.64949910672707));
#11136=CARTESIAN_POINT('Ctrl Pts',(8.28054352380838,1.54,4.64949910672707));
#11137=CARTESIAN_POINT('Ctrl Pts',(8.36158035971727,1.55,4.57228218349022));
#11138=CARTESIAN_POINT('Ctrl Pts',(8.36158035971727,1.54,4.57228218349022));
#11139=CARTESIAN_POINT('',(8.16812879123296,1.55,4.64949910672707));
#11140=CARTESIAN_POINT('',(8.36158035971727,1.55,4.57228218349022));
#11141=CARTESIAN_POINT('Ctrl Pts',(8.16812879123296,1.55,4.64949910672707));
#11142=CARTESIAN_POINT('Ctrl Pts',(8.28054352380838,1.55,4.64949910672707));
#11143=CARTESIAN_POINT('Ctrl Pts',(8.36158035971727,1.55,4.57228218349022));
#11144=CARTESIAN_POINT('',(8.16812879123296,1.54,4.64949910672707));
#11145=CARTESIAN_POINT('',(8.16812879123296,1.55,4.64949910672707));
#11146=CARTESIAN_POINT('',(8.36158035971727,1.54,4.57228218349022));
#11147=CARTESIAN_POINT('Ctrl Pts',(8.16812879123296,1.54,4.64949910672707));
#11148=CARTESIAN_POINT('Ctrl Pts',(8.28054352380838,1.54,4.64949910672707));
#11149=CARTESIAN_POINT('Ctrl Pts',(8.36158035971727,1.54,4.57228218349022));
#11150=CARTESIAN_POINT('',(8.36158035971727,1.55,4.57228218349022));
#11151=CARTESIAN_POINT('Ctrl Pts',(8.02542759754266,1.55,4.60938994916481));
#11152=CARTESIAN_POINT('Ctrl Pts',(8.02542759754266,1.54,4.60938994916481));
#11153=CARTESIAN_POINT('Ctrl Pts',(8.08900191166009,1.55,4.64949910672707));
#11154=CARTESIAN_POINT('Ctrl Pts',(8.08900191166009,1.54,4.64949910672707));
#11155=CARTESIAN_POINT('Ctrl Pts',(8.16812879123296,1.55,4.64949910672707));
#11156=CARTESIAN_POINT('Ctrl Pts',(8.16812879123296,1.54,4.64949910672707));
#11157=CARTESIAN_POINT('',(8.02542759754266,1.55,4.60938994916481));
#11158=CARTESIAN_POINT('Ctrl Pts',(8.02542759754266,1.55,4.60938994916481));
#11159=CARTESIAN_POINT('Ctrl Pts',(8.08900191166009,1.55,4.64949910672707));
#11160=CARTESIAN_POINT('Ctrl Pts',(8.16812879123296,1.55,4.64949910672707));
#11161=CARTESIAN_POINT('',(8.02542759754266,1.54,4.60938994916481));
#11162=CARTESIAN_POINT('',(8.02542759754266,1.55,4.60938994916481));
#11163=CARTESIAN_POINT('Ctrl Pts',(8.02542759754266,1.54,4.60938994916481));
#11164=CARTESIAN_POINT('Ctrl Pts',(8.08900191166009,1.54,4.64949910672707));
#11165=CARTESIAN_POINT('Ctrl Pts',(8.16812879123296,1.54,4.64949910672707));
#11166=CARTESIAN_POINT('Ctrl Pts',(7.92883812167253,1.55,4.49642961057228));
#11167=CARTESIAN_POINT('Ctrl Pts',(7.92883812167253,1.54,4.49642961057228));
#11168=CARTESIAN_POINT('Ctrl Pts',(7.96185313441362,1.55,4.56928079160256));
#11169=CARTESIAN_POINT('Ctrl Pts',(7.96185313441362,1.54,4.56928079160256));
#11170=CARTESIAN_POINT('Ctrl Pts',(8.02542759754266,1.55,4.60938994916481));
#11171=CARTESIAN_POINT('Ctrl Pts',(8.02542759754266,1.54,4.60938994916481));
#11172=CARTESIAN_POINT('',(7.92883812167253,1.55,4.49642961057228));
#11173=CARTESIAN_POINT('Ctrl Pts',(7.92883812167253,1.55,4.49642961057228));
#11174=CARTESIAN_POINT('Ctrl Pts',(7.96185313441362,1.55,4.56928079160256));
#11175=CARTESIAN_POINT('Ctrl Pts',(8.02542759754266,1.55,4.60938994916481));
#11176=CARTESIAN_POINT('',(7.92883812167253,1.54,4.49642961057228));
#11177=CARTESIAN_POINT('',(7.92883812167253,1.55,4.49642961057228));
#11178=CARTESIAN_POINT('Ctrl Pts',(7.92883812167253,1.54,4.49642961057228));
#11179=CARTESIAN_POINT('Ctrl Pts',(7.96185313441362,1.54,4.56928079160256));
#11180=CARTESIAN_POINT('Ctrl Pts',(8.02542759754266,1.54,4.60938994916481));
#11181=CARTESIAN_POINT('Ctrl Pts',(7.89582310893144,1.55,4.32589744361443));
#11182=CARTESIAN_POINT('Ctrl Pts',(7.89582310893144,1.54,4.32589744361443));
#11183=CARTESIAN_POINT('Ctrl Pts',(7.89582310893144,1.55,4.4235782805304));
#11184=CARTESIAN_POINT('Ctrl Pts',(7.89582310893144,1.54,4.4235782805304));
#11185=CARTESIAN_POINT('Ctrl Pts',(7.92883812167253,1.55,4.49642961057228));
#11186=CARTESIAN_POINT('Ctrl Pts',(7.92883812167253,1.54,4.49642961057228));
#11187=CARTESIAN_POINT('',(7.89582310893144,1.55,4.32589744361443));
#11188=CARTESIAN_POINT('Ctrl Pts',(7.89582310893144,1.55,4.32589744361443));
#11189=CARTESIAN_POINT('Ctrl Pts',(7.89582310893144,1.55,4.4235782805304));
#11190=CARTESIAN_POINT('Ctrl Pts',(7.92883812167253,1.55,4.49642961057228));
#11191=CARTESIAN_POINT('',(7.89582310893144,1.54,4.32589744361443));
#11192=CARTESIAN_POINT('',(7.89582310893144,1.55,4.32589744361443));
#11193=CARTESIAN_POINT('Ctrl Pts',(7.89582310893144,1.54,4.32589744361443));
#11194=CARTESIAN_POINT('Ctrl Pts',(7.89582310893144,1.54,4.4235782805304));
#11195=CARTESIAN_POINT('Ctrl Pts',(7.92883812167253,1.54,4.49642961057228));
#11196=CARTESIAN_POINT('Ctrl Pts',(7.97304003216829,1.55,4.08742551835579));
#11197=CARTESIAN_POINT('Ctrl Pts',(7.97304003216829,1.54,4.08742551835579));
#11198=CARTESIAN_POINT('Ctrl Pts',(7.89582310893144,1.55,4.17146359714073));
#11199=CARTESIAN_POINT('Ctrl Pts',(7.89582310893144,1.54,4.17146359714073));
#11200=CARTESIAN_POINT('Ctrl Pts',(7.89582310893144,1.55,4.32589744361443));
#11201=CARTESIAN_POINT('Ctrl Pts',(7.89582310893144,1.54,4.32589744361443));
#11202=CARTESIAN_POINT('',(7.97304003216829,1.55,4.08742551835579));
#11203=CARTESIAN_POINT('Ctrl Pts',(7.97304003216829,1.55,4.08742551835579));
#11204=CARTESIAN_POINT('Ctrl Pts',(7.89582310893144,1.55,4.17146359714073));
#11205=CARTESIAN_POINT('Ctrl Pts',(7.89582310893144,1.55,4.32589744361443));
#11206=CARTESIAN_POINT('',(7.97304003216829,1.54,4.08742551835579));
#11207=CARTESIAN_POINT('',(7.97304003216829,1.55,4.08742551835579));
#11208=CARTESIAN_POINT('Ctrl Pts',(7.97304003216829,1.54,4.08742551835579));
#11209=CARTESIAN_POINT('Ctrl Pts',(7.89582310893144,1.54,4.17146359714073));
#11210=CARTESIAN_POINT('Ctrl Pts',(7.89582310893144,1.54,4.32589744361443));
#11211=CARTESIAN_POINT('Ctrl Pts',(8.16976590730752,1.55,4.00338714154763));
#11212=CARTESIAN_POINT('Ctrl Pts',(8.16976590730752,1.54,4.00338714154763));
#11213=CARTESIAN_POINT('Ctrl Pts',(8.05025695540513,1.55,4.00338714154763));
#11214=CARTESIAN_POINT('Ctrl Pts',(8.05025695540513,1.54,4.00338714154763));
#11215=CARTESIAN_POINT('Ctrl Pts',(7.97304003216829,1.55,4.08742551835579));
#11216=CARTESIAN_POINT('Ctrl Pts',(7.97304003216829,1.54,4.08742551835579));
#11217=CARTESIAN_POINT('',(8.16976590730752,1.55,4.00338714154763));
#11218=CARTESIAN_POINT('Ctrl Pts',(8.16976590730752,1.55,4.00338714154763));
#11219=CARTESIAN_POINT('Ctrl Pts',(8.05025695540513,1.55,4.00338714154763));
#11220=CARTESIAN_POINT('Ctrl Pts',(7.97304003216829,1.55,4.08742551835579));
#11221=CARTESIAN_POINT('',(8.16976590730752,1.54,4.00338714154763));
#11222=CARTESIAN_POINT('',(8.16976590730752,1.55,4.00338714154763));
#11223=CARTESIAN_POINT('Ctrl Pts',(8.16976590730752,1.54,4.00338714154763));
#11224=CARTESIAN_POINT('Ctrl Pts',(8.05025695540513,1.54,4.00338714154763));
#11225=CARTESIAN_POINT('Ctrl Pts',(7.97304003216829,1.54,4.08742551835579));
#11226=CARTESIAN_POINT('Ctrl Pts',(8.36485459186639,1.55,4.0866068485598));
#11227=CARTESIAN_POINT('Ctrl Pts',(8.36485459186639,1.54,4.0866068485598));
#11228=CARTESIAN_POINT('Ctrl Pts',(8.28709198810662,1.55,4.00338714154763));
#11229=CARTESIAN_POINT('Ctrl Pts',(8.28709198810662,1.54,4.00338714154763));
#11230=CARTESIAN_POINT('Ctrl Pts',(8.16976590730752,1.55,4.00338714154763));
#11231=CARTESIAN_POINT('Ctrl Pts',(8.16976590730752,1.54,4.00338714154763));
#11232=CARTESIAN_POINT('',(8.36485459186639,1.55,4.0866068485598));
#11233=CARTESIAN_POINT('Ctrl Pts',(8.36485459186639,1.55,4.0866068485598));
#11234=CARTESIAN_POINT('Ctrl Pts',(8.28709198810662,1.55,4.00338714154763));
#11235=CARTESIAN_POINT('Ctrl Pts',(8.16976590730752,1.55,4.00338714154763));
#11236=CARTESIAN_POINT('',(8.36485459186639,1.54,4.0866068485598));
#11237=CARTESIAN_POINT('',(8.36485459186639,1.55,4.0866068485598));
#11238=CARTESIAN_POINT('Ctrl Pts',(8.36485459186639,1.54,4.0866068485598));
#11239=CARTESIAN_POINT('Ctrl Pts',(8.28709198810662,1.54,4.00338714154763));
#11240=CARTESIAN_POINT('Ctrl Pts',(8.16976590730752,1.54,4.00338714154763));
#11241=CARTESIAN_POINT('Ctrl Pts',(8.44261719562616,1.55,4.3144377055983));
#11242=CARTESIAN_POINT('Ctrl Pts',(8.44261719562616,1.54,4.3144377055983));
#11243=CARTESIAN_POINT('Ctrl Pts',(8.44261719562616,1.55,4.16982655557198));
#11244=CARTESIAN_POINT('Ctrl Pts',(8.44261719562616,1.54,4.16982655557198));
#11245=CARTESIAN_POINT('Ctrl Pts',(8.36485459186639,1.55,4.0866068485598));
#11246=CARTESIAN_POINT('Ctrl Pts',(8.36485459186639,1.54,4.0866068485598));
#11247=CARTESIAN_POINT('',(8.44261719562616,1.55,4.3144377055983));
#11248=CARTESIAN_POINT('Ctrl Pts',(8.44261719562616,1.55,4.3144377055983));
#11249=CARTESIAN_POINT('Ctrl Pts',(8.44261719562616,1.55,4.16982655557198));
#11250=CARTESIAN_POINT('Ctrl Pts',(8.36485459186639,1.55,4.0866068485598));
#11251=CARTESIAN_POINT('',(8.44261719562616,1.54,4.3144377055983));
#11252=CARTESIAN_POINT('',(8.44261719562616,1.55,4.3144377055983));
#11253=CARTESIAN_POINT('Ctrl Pts',(8.44261719562616,1.54,4.3144377055983));
#11254=CARTESIAN_POINT('Ctrl Pts',(8.44261719562616,1.54,4.16982655557198));
#11255=CARTESIAN_POINT('Ctrl Pts',(8.36485459186639,1.54,4.0866068485598));
#11256=CARTESIAN_POINT('Ctrl Pts',(8.36158035971727,1.55,4.57228218349022));
#11257=CARTESIAN_POINT('Ctrl Pts',(8.36158035971727,1.54,4.57228218349022));
#11258=CARTESIAN_POINT('Ctrl Pts',(8.44261719562616,1.55,4.49506526025337));
#11259=CARTESIAN_POINT('Ctrl Pts',(8.44261719562616,1.54,4.49506526025337));
#11260=CARTESIAN_POINT('Ctrl Pts',(8.44261719562616,1.55,4.3144377055983));
#11261=CARTESIAN_POINT('Ctrl Pts',(8.44261719562616,1.54,4.3144377055983));
#11262=CARTESIAN_POINT('Ctrl Pts',(8.36158035971727,1.55,4.57228218349022));
#11263=CARTESIAN_POINT('Ctrl Pts',(8.44261719562616,1.55,4.49506526025337));
#11264=CARTESIAN_POINT('Ctrl Pts',(8.44261719562616,1.55,4.3144377055983));
#11265=CARTESIAN_POINT('Ctrl Pts',(8.36158035971727,1.54,4.57228218349022));
#11266=CARTESIAN_POINT('Ctrl Pts',(8.44261719562616,1.54,4.49506526025337));
#11267=CARTESIAN_POINT('Ctrl Pts',(8.44261719562616,1.54,4.3144377055983));
#11268=CARTESIAN_POINT('Ctrl Pts',(8.37113014139737,1.55,3.9673710349421));
#11269=CARTESIAN_POINT('Ctrl Pts',(8.37113014139737,1.54,3.9673710349421));
#11270=CARTESIAN_POINT('Ctrl Pts',(8.46007964291181,1.55,4.02194117339653));
#11271=CARTESIAN_POINT('Ctrl Pts',(8.46007964291181,1.54,4.02194117339653));
#11272=CARTESIAN_POINT('Ctrl Pts',(8.50591866948213,1.55,4.11634762915177));
#11273=CARTESIAN_POINT('Ctrl Pts',(8.50591866948213,1.54,4.11634762915177));
#11274=CARTESIAN_POINT('',(8.37113014139737,1.55,3.9673710349421));
#11275=CARTESIAN_POINT('',(8.50591866948213,1.55,4.11634762915177));
#11276=CARTESIAN_POINT('Ctrl Pts',(8.37113014139737,1.55,3.9673710349421));
#11277=CARTESIAN_POINT('Ctrl Pts',(8.46007964291181,1.55,4.02194117339653));
#11278=CARTESIAN_POINT('Ctrl Pts',(8.50591866948213,1.55,4.11634762915177));
#11279=CARTESIAN_POINT('',(8.37113014139737,1.54,3.9673710349421));
#11280=CARTESIAN_POINT('',(8.37113014139737,1.55,3.9673710349421));
#11281=CARTESIAN_POINT('',(8.50591866948213,1.54,4.11634762915177));
#11282=CARTESIAN_POINT('Ctrl Pts',(8.37113014139737,1.54,3.9673710349421));
#11283=CARTESIAN_POINT('Ctrl Pts',(8.46007964291181,1.54,4.02194117339653));
#11284=CARTESIAN_POINT('Ctrl Pts',(8.50591866948213,1.54,4.11634762915177));
#11285=CARTESIAN_POINT('',(8.50591866948213,1.55,4.11634762915177));
#11286=CARTESIAN_POINT('Ctrl Pts',(8.1692202267846,1.55,3.91280059846443));
#11287=CARTESIAN_POINT('Ctrl Pts',(8.1692202267846,1.54,3.91280059846443));
#11288=CARTESIAN_POINT('Ctrl Pts',(8.28218063988294,1.55,3.91280059846443));
#11289=CARTESIAN_POINT('Ctrl Pts',(8.28218063988294,1.54,3.91280059846443));
#11290=CARTESIAN_POINT('Ctrl Pts',(8.37113014139737,1.55,3.9673710349421));
#11291=CARTESIAN_POINT('Ctrl Pts',(8.37113014139737,1.54,3.9673710349421));
#11292=CARTESIAN_POINT('',(8.1692202267846,1.55,3.91280059846443));
#11293=CARTESIAN_POINT('Ctrl Pts',(8.1692202267846,1.55,3.91280059846443));
#11294=CARTESIAN_POINT('Ctrl Pts',(8.28218063988294,1.55,3.91280059846443));
#11295=CARTESIAN_POINT('Ctrl Pts',(8.37113014139737,1.55,3.9673710349421));
#11296=CARTESIAN_POINT('',(8.1692202267846,1.54,3.91280059846443));
#11297=CARTESIAN_POINT('',(8.1692202267846,1.55,3.91280059846443));
#11298=CARTESIAN_POINT('Ctrl Pts',(8.1692202267846,1.54,3.91280059846443));
#11299=CARTESIAN_POINT('Ctrl Pts',(8.28218063988294,1.54,3.91280059846443));
#11300=CARTESIAN_POINT('Ctrl Pts',(8.37113014139737,1.54,3.9673710349421));
#11301=CARTESIAN_POINT('Ctrl Pts',(7.97495006301011,1.55,3.96218662293953));
#11302=CARTESIAN_POINT('Ctrl Pts',(7.97495006301011,1.54,3.96218662293953));
#11303=CARTESIAN_POINT('Ctrl Pts',(8.06499092557038,1.55,3.91280059846443));
#11304=CARTESIAN_POINT('Ctrl Pts',(8.06499092557038,1.54,3.91280059846443));
#11305=CARTESIAN_POINT('Ctrl Pts',(8.1692202267846,1.55,3.91280059846443));
#11306=CARTESIAN_POINT('Ctrl Pts',(8.1692202267846,1.54,3.91280059846443));
#11307=CARTESIAN_POINT('',(7.97495006301011,1.55,3.96218662293953));
#11308=CARTESIAN_POINT('Ctrl Pts',(7.97495006301011,1.55,3.96218662293953));
#11309=CARTESIAN_POINT('Ctrl Pts',(8.06499092557038,1.55,3.91280059846443));
#11310=CARTESIAN_POINT('Ctrl Pts',(8.1692202267846,1.55,3.91280059846443));
#11311=CARTESIAN_POINT('',(7.97495006301011,1.54,3.96218662293953));
#11312=CARTESIAN_POINT('',(7.97495006301011,1.55,3.96218662293953));
#11313=CARTESIAN_POINT('Ctrl Pts',(7.97495006301011,1.54,3.96218662293953));
#11314=CARTESIAN_POINT('Ctrl Pts',(8.06499092557038,1.54,3.91280059846443));
#11315=CARTESIAN_POINT('Ctrl Pts',(8.1692202267846,1.54,3.91280059846443));
#11316=CARTESIAN_POINT('Ctrl Pts',(7.83579586722459,1.55,4.10761644276184));
#11317=CARTESIAN_POINT('Ctrl Pts',(7.83579586722459,1.54,4.10761644276184));
#11318=CARTESIAN_POINT('Ctrl Pts',(7.88490920044984,1.55,4.01157294543785));
#11319=CARTESIAN_POINT('Ctrl Pts',(7.88490920044984,1.54,4.01157294543785));
#11320=CARTESIAN_POINT('Ctrl Pts',(7.97495006301011,1.55,3.96218662293953));
#11321=CARTESIAN_POINT('Ctrl Pts',(7.97495006301011,1.54,3.96218662293953));
#11322=CARTESIAN_POINT('',(7.83579586722459,1.55,4.10761644276184));
#11323=CARTESIAN_POINT('Ctrl Pts',(7.83579586722459,1.55,4.10761644276184));
#11324=CARTESIAN_POINT('Ctrl Pts',(7.88490920044984,1.55,4.01157294543785));
#11325=CARTESIAN_POINT('Ctrl Pts',(7.97495006301011,1.55,3.96218662293953));
#11326=CARTESIAN_POINT('',(7.83579586722459,1.54,4.10761644276184));
#11327=CARTESIAN_POINT('',(7.83579586722459,1.55,4.10761644276184));
#11328=CARTESIAN_POINT('Ctrl Pts',(7.83579586722459,1.54,4.10761644276184));
#11329=CARTESIAN_POINT('Ctrl Pts',(7.88490920044984,1.54,4.01157294543785));
#11330=CARTESIAN_POINT('Ctrl Pts',(7.97495006301011,1.54,3.96218662293953));
#11331=CARTESIAN_POINT('Ctrl Pts',(7.78668268301095,1.55,4.32535176309151));
#11332=CARTESIAN_POINT('Ctrl Pts',(7.78668268301095,1.54,4.32535176309151));
#11333=CARTESIAN_POINT('Ctrl Pts',(7.78668268301095,1.55,4.20366008909745));
#11334=CARTESIAN_POINT('Ctrl Pts',(7.78668268301095,1.54,4.20366008909745));
#11335=CARTESIAN_POINT('Ctrl Pts',(7.83579586722459,1.55,4.10761644276184));
#11336=CARTESIAN_POINT('Ctrl Pts',(7.83579586722459,1.54,4.10761644276184));
#11337=CARTESIAN_POINT('',(7.78668268301095,1.55,4.32535176309151));
#11338=CARTESIAN_POINT('Ctrl Pts',(7.78668268301095,1.55,4.32535176309151));
#11339=CARTESIAN_POINT('Ctrl Pts',(7.78668268301095,1.55,4.20366008909745));
#11340=CARTESIAN_POINT('Ctrl Pts',(7.83579586722459,1.55,4.10761644276184));
#11341=CARTESIAN_POINT('',(7.78668268301095,1.54,4.32535176309151));
#11342=CARTESIAN_POINT('',(7.78668268301095,1.55,4.32535176309151));
#11343=CARTESIAN_POINT('Ctrl Pts',(7.78668268301095,1.54,4.32535176309151));
#11344=CARTESIAN_POINT('Ctrl Pts',(7.78668268301095,1.54,4.20366008909745));
#11345=CARTESIAN_POINT('Ctrl Pts',(7.83579586722459,1.54,4.10761644276184));
#11346=CARTESIAN_POINT('Ctrl Pts',(7.83334015585984,1.55,4.54008569153351));
#11347=CARTESIAN_POINT('Ctrl Pts',(7.83334015585984,1.54,4.54008569153351));
#11348=CARTESIAN_POINT('Ctrl Pts',(7.78668268301095,1.55,4.44540639551682));
#11349=CARTESIAN_POINT('Ctrl Pts',(7.78668268301095,1.54,4.44540639551682));
#11350=CARTESIAN_POINT('Ctrl Pts',(7.78668268301095,1.55,4.32535176309151));
#11351=CARTESIAN_POINT('Ctrl Pts',(7.78668268301095,1.54,4.32535176309151));
#11352=CARTESIAN_POINT('',(7.83334015585984,1.55,4.54008569153351));
#11353=CARTESIAN_POINT('Ctrl Pts',(7.83334015585984,1.55,4.54008569153351));
#11354=CARTESIAN_POINT('Ctrl Pts',(7.78668268301095,1.55,4.44540639551682));
#11355=CARTESIAN_POINT('Ctrl Pts',(7.78668268301095,1.55,4.32535176309151));
#11356=CARTESIAN_POINT('',(7.83334015585984,1.54,4.54008569153351));
#11357=CARTESIAN_POINT('',(7.83334015585984,1.55,4.54008569153351));
#11358=CARTESIAN_POINT('Ctrl Pts',(7.83334015585984,1.54,4.54008569153351));
#11359=CARTESIAN_POINT('Ctrl Pts',(7.78668268301095,1.54,4.44540639551682));
#11360=CARTESIAN_POINT('Ctrl Pts',(7.78668268301095,1.54,4.32535176309151));
#11361=CARTESIAN_POINT('Ctrl Pts',(7.96894727923478,1.55,4.6876982334475));
#11362=CARTESIAN_POINT('Ctrl Pts',(7.96894727923478,1.54,4.6876982334475));
#11363=CARTESIAN_POINT('Ctrl Pts',(7.87999777772035,1.55,4.63476513656182));
#11364=CARTESIAN_POINT('Ctrl Pts',(7.87999777772035,1.54,4.63476513656182));
#11365=CARTESIAN_POINT('Ctrl Pts',(7.83334015585984,1.55,4.54008569153351));
#11366=CARTESIAN_POINT('Ctrl Pts',(7.83334015585984,1.54,4.54008569153351));
#11367=CARTESIAN_POINT('',(7.96894727923478,1.55,4.6876982334475));
#11368=CARTESIAN_POINT('Ctrl Pts',(7.96894727923478,1.55,4.6876982334475));
#11369=CARTESIAN_POINT('Ctrl Pts',(7.87999777772035,1.55,4.63476513656182));
#11370=CARTESIAN_POINT('Ctrl Pts',(7.83334015585984,1.55,4.54008569153351));
#11371=CARTESIAN_POINT('',(7.96894727923478,1.54,4.6876982334475));
#11372=CARTESIAN_POINT('',(7.96894727923478,1.55,4.6876982334475));
#11373=CARTESIAN_POINT('Ctrl Pts',(7.96894727923478,1.54,4.6876982334475));
#11374=CARTESIAN_POINT('Ctrl Pts',(7.87999777772035,1.54,4.63476513656182));
#11375=CARTESIAN_POINT('Ctrl Pts',(7.83334015585984,1.54,4.54008569153351));
#11376=CARTESIAN_POINT('Ctrl Pts',(8.16867454626168,1.55,4.74063147934479));
#11377=CARTESIAN_POINT('Ctrl Pts',(8.16867454626168,1.54,4.74063147934479));
#11378=CARTESIAN_POINT('Ctrl Pts',(8.05789678074922,1.55,4.74063147934479));
#11379=CARTESIAN_POINT('Ctrl Pts',(8.05789678074922,1.54,4.74063147934479));
#11380=CARTESIAN_POINT('Ctrl Pts',(7.96894727923478,1.55,4.6876982334475));
#11381=CARTESIAN_POINT('Ctrl Pts',(7.96894727923478,1.54,4.6876982334475));
#11382=CARTESIAN_POINT('',(8.16867454626168,1.55,4.74063147934479));
#11383=CARTESIAN_POINT('Ctrl Pts',(8.16867454626168,1.55,4.74063147934479));
#11384=CARTESIAN_POINT('Ctrl Pts',(8.05789678074922,1.55,4.74063147934479));
#11385=CARTESIAN_POINT('Ctrl Pts',(7.96894727923478,1.55,4.6876982334475));
#11386=CARTESIAN_POINT('',(8.16867454626168,1.54,4.74063147934479));
#11387=CARTESIAN_POINT('',(8.16867454626168,1.55,4.74063147934479));
#11388=CARTESIAN_POINT('Ctrl Pts',(8.16867454626168,1.54,4.74063147934479));
#11389=CARTESIAN_POINT('Ctrl Pts',(8.05789678074922,1.54,4.74063147934479));
#11390=CARTESIAN_POINT('Ctrl Pts',(7.96894727923478,1.54,4.6876982334475));
#11391=CARTESIAN_POINT('Ctrl Pts',(8.44479999222364,1.55,4.62794398101372));
#11392=CARTESIAN_POINT('Ctrl Pts',(8.44479999222364,1.54,4.62794398101372));
#11393=CARTESIAN_POINT('Ctrl Pts',(8.33784228839482,1.55,4.74063147934479));
#11394=CARTESIAN_POINT('Ctrl Pts',(8.33784228839482,1.54,4.74063147934479));
#11395=CARTESIAN_POINT('Ctrl Pts',(8.16867454626168,1.55,4.74063147934479));
#11396=CARTESIAN_POINT('Ctrl Pts',(8.16867454626168,1.54,4.74063147934479));
#11397=CARTESIAN_POINT('',(8.44479999222364,1.55,4.62794398101372));
#11398=CARTESIAN_POINT('Ctrl Pts',(8.44479999222364,1.55,4.62794398101372));
#11399=CARTESIAN_POINT('Ctrl Pts',(8.33784228839482,1.55,4.74063147934479));
#11400=CARTESIAN_POINT('Ctrl Pts',(8.16867454626168,1.55,4.74063147934479));
#11401=CARTESIAN_POINT('',(8.44479999222364,1.54,4.62794398101372));
#11402=CARTESIAN_POINT('',(8.44479999222364,1.55,4.62794398101372));
#11403=CARTESIAN_POINT('Ctrl Pts',(8.44479999222364,1.54,4.62794398101372));
#11404=CARTESIAN_POINT('Ctrl Pts',(8.33784228839482,1.54,4.74063147934479));
#11405=CARTESIAN_POINT('Ctrl Pts',(8.16867454626168,1.54,4.74063147934479));
#11406=CARTESIAN_POINT('Ctrl Pts',(8.55175769605245,1.55,4.31607489617867));
#11407=CARTESIAN_POINT('Ctrl Pts',(8.55175769605245,1.54,4.31607489617867));
#11408=CARTESIAN_POINT('Ctrl Pts',(8.55175769605245,1.55,4.51525633367104));
#11409=CARTESIAN_POINT('Ctrl Pts',(8.55175769605245,1.54,4.51525633367104));
#11410=CARTESIAN_POINT('Ctrl Pts',(8.44479999222364,1.55,4.62794398101372));
#11411=CARTESIAN_POINT('Ctrl Pts',(8.44479999222364,1.54,4.62794398101372));
#11412=CARTESIAN_POINT('',(8.55175769605245,1.55,4.31607489617867));
#11413=CARTESIAN_POINT('Ctrl Pts',(8.55175769605245,1.55,4.31607489617867));
#11414=CARTESIAN_POINT('Ctrl Pts',(8.55175769605245,1.55,4.51525633367104));
#11415=CARTESIAN_POINT('Ctrl Pts',(8.44479999222364,1.55,4.62794398101372));
#11416=CARTESIAN_POINT('',(8.55175769605245,1.54,4.31607489617867));
#11417=CARTESIAN_POINT('',(8.55175769605245,1.55,4.31607489617867));
#11418=CARTESIAN_POINT('Ctrl Pts',(8.55175769605245,1.54,4.31607489617867));
#11419=CARTESIAN_POINT('Ctrl Pts',(8.55175769605245,1.54,4.51525633367104));
#11420=CARTESIAN_POINT('Ctrl Pts',(8.44479999222364,1.54,4.62794398101372));
#11421=CARTESIAN_POINT('Ctrl Pts',(8.50591866948213,1.55,4.11634762915177));
#11422=CARTESIAN_POINT('Ctrl Pts',(8.50591866948213,1.54,4.11634762915177));
#11423=CARTESIAN_POINT('Ctrl Pts',(8.55175769605245,1.55,4.21075423391861));
#11424=CARTESIAN_POINT('Ctrl Pts',(8.55175769605245,1.54,4.21075423391861));
#11425=CARTESIAN_POINT('Ctrl Pts',(8.55175769605245,1.55,4.31607489617867));
#11426=CARTESIAN_POINT('Ctrl Pts',(8.55175769605245,1.54,4.31607489617867));
#11427=CARTESIAN_POINT('Ctrl Pts',(8.50591866948213,1.55,4.11634762915177));
#11428=CARTESIAN_POINT('Ctrl Pts',(8.55175769605245,1.55,4.21075423391861));
#11429=CARTESIAN_POINT('Ctrl Pts',(8.55175769605245,1.55,4.31607489617867));
#11430=CARTESIAN_POINT('Ctrl Pts',(8.50591866948213,1.54,4.11634762915177));
#11431=CARTESIAN_POINT('Ctrl Pts',(8.55175769605245,1.54,4.21075423391861));
#11432=CARTESIAN_POINT('Ctrl Pts',(8.55175769605245,1.54,4.31607489617867));
#11433=CARTESIAN_POINT('Origin',(4.35994378939773,1.54,3.7024323377232));
#11434=CARTESIAN_POINT('Origin',(6.74166231133546,1.55,4.20366008909745));
#11435=CARTESIAN_POINT('',(6.74166231133546,1.55,4.20366008909745));
#11436=CARTESIAN_POINT('',(6.74166231133546,1.55,3.92644320758385));
#11437=CARTESIAN_POINT('',(6.74166231133546,1.55,3.80183004454873));
#11438=CARTESIAN_POINT('',(6.74166231133546,1.54,4.20366008909745));
#11439=CARTESIAN_POINT('',(6.74166231133546,1.55,4.20366008909745));
#11440=CARTESIAN_POINT('',(6.74166231133546,1.54,3.92644320758385));
#11441=CARTESIAN_POINT('',(6.74166231133546,1.54,4.20366008909745));
#11442=CARTESIAN_POINT('',(6.74166231133546,1.55,3.92644320758385));
#11443=CARTESIAN_POINT('Origin',(6.61069362141694,1.55,4.33135454686684));
#11444=CARTESIAN_POINT('',(6.61069362141694,1.55,4.33135454686684));
#11445=CARTESIAN_POINT('',(6.12556109736564,1.55,4.80435870262017));
#11446=CARTESIAN_POINT('',(6.61069362141694,1.54,4.33135454686684));
#11447=CARTESIAN_POINT('',(6.61069362141694,1.55,4.33135454686684));
#11448=CARTESIAN_POINT('',(6.61069362141694,1.54,4.33135454686684));
#11449=CARTESIAN_POINT('Origin',(6.32583676554765,1.55,3.92644320758385));
#11450=CARTESIAN_POINT('',(6.32583676554765,1.55,3.92644320758385));
#11451=CARTESIAN_POINT('',(5.78551003420996,1.55,3.15839281340014));
#11452=CARTESIAN_POINT('',(6.32583676554765,1.54,3.92644320758385));
#11453=CARTESIAN_POINT('',(6.32583676554765,1.55,3.92644320758385));
#11454=CARTESIAN_POINT('',(6.32583676554765,1.54,3.92644320758385));
#11455=CARTESIAN_POINT('Origin',(6.18613688923921,1.55,3.92644320758385));
#11456=CARTESIAN_POINT('',(6.18613688923921,1.55,3.92644320758385));
#11457=CARTESIAN_POINT('',(4.9980684446196,1.55,3.92644320758385));
#11458=CARTESIAN_POINT('',(6.18613688923921,1.54,3.92644320758385));
#11459=CARTESIAN_POINT('',(6.18613688923921,1.55,3.92644320758385));
#11460=CARTESIAN_POINT('',(6.18613688923921,1.54,3.92644320758385));
#11461=CARTESIAN_POINT('Origin',(6.53647809006776,1.55,4.4022958460669));
#11462=CARTESIAN_POINT('',(6.53647809006776,1.55,4.4022958460669));
#11463=CARTESIAN_POINT('',(5.8180144990402,1.55,3.42643918223198));
#11464=CARTESIAN_POINT('',(6.53647809006776,1.54,4.4022958460669));
#11465=CARTESIAN_POINT('',(6.53647809006776,1.55,4.4022958460669));
#11466=CARTESIAN_POINT('',(6.53647809006776,1.54,4.4022958460669));
#11467=CARTESIAN_POINT('Origin',(6.20087085940446,1.55,4.72644318970246));
#11468=CARTESIAN_POINT('',(6.20087085940446,1.55,4.72644318970246));
#11469=CARTESIAN_POINT('',(5.91380553906049,1.55,5.00370617016769));
#11470=CARTESIAN_POINT('',(6.20087085940446,1.54,4.72644318970246));
#11471=CARTESIAN_POINT('',(6.20087085940446,1.55,4.72644318970246));
#11472=CARTESIAN_POINT('',(6.20087085940446,1.54,4.72644318970246));
#11473=CARTESIAN_POINT('Origin',(6.34439079739656,1.55,4.72644318970246));
#11474=CARTESIAN_POINT('',(6.34439079739656,1.55,4.72644318970246));
#11475=CARTESIAN_POINT('',(5.07719539869828,1.55,4.72644318970246));
#11476=CARTESIAN_POINT('',(6.34439079739656,1.54,4.72644318970246));
#11477=CARTESIAN_POINT('',(6.34439079739656,1.55,4.72644318970246));
#11478=CARTESIAN_POINT('',(6.34439079739656,1.54,4.72644318970246));
#11479=CARTESIAN_POINT('Origin',(6.74166231133546,1.55,4.32971735628647));
#11480=CARTESIAN_POINT('',(6.74166231133546,1.55,4.32971735628647));
#11481=CARTESIAN_POINT('',(6.24016845023165,1.55,4.83052238010201));
#11482=CARTESIAN_POINT('',(6.74166231133546,1.54,4.32971735628647));
#11483=CARTESIAN_POINT('',(6.74166231133546,1.55,4.32971735628647));
#11484=CARTESIAN_POINT('',(6.74166231133546,1.54,4.32971735628647));
#11485=CARTESIAN_POINT('Origin',(6.74166231133546,1.55,4.72644318970246));
#11486=CARTESIAN_POINT('',(6.74166231133546,1.55,4.72644318970246));
#11487=CARTESIAN_POINT('',(6.74166231133546,1.55,4.06322159485124));
#11488=CARTESIAN_POINT('',(6.74166231133546,1.54,4.72644318970246));
#11489=CARTESIAN_POINT('',(6.74166231133546,1.55,4.72644318970246));
#11490=CARTESIAN_POINT('',(6.74166231133546,1.54,4.72644318970246));
#11491=CARTESIAN_POINT('Origin',(6.84752850510682,1.55,4.72644318970246));
#11492=CARTESIAN_POINT('',(6.84752850510682,1.55,4.72644318970246));
#11493=CARTESIAN_POINT('',(5.32876425255341,1.55,4.72644318970246));
#11494=CARTESIAN_POINT('',(6.84752850510682,1.54,4.72644318970246));
#11495=CARTESIAN_POINT('',(6.84752850510682,1.55,4.72644318970246));
#11496=CARTESIAN_POINT('',(6.84752850510682,1.54,4.72644318970246));
#11497=CARTESIAN_POINT('Origin',(6.84752850510682,1.55,3.92644320758385));
#11498=CARTESIAN_POINT('',(6.84752850510682,1.55,3.92644320758385));
#11499=CARTESIAN_POINT('',(6.84752850510682,1.55,3.66322160379193));
#11500=CARTESIAN_POINT('',(6.84752850510682,1.54,3.92644320758385));
#11501=CARTESIAN_POINT('',(6.84752850510682,1.55,3.92644320758385));
#11502=CARTESIAN_POINT('',(6.84752850510682,1.54,3.92644320758385));
#11503=CARTESIAN_POINT('Origin',(6.74166231133546,1.55,3.92644320758385));
#11504=CARTESIAN_POINT('',(5.27583115566773,1.55,3.92644320758385));
#11505=CARTESIAN_POINT('',(6.74166231133546,1.54,3.92644320758385));
#11506=CARTESIAN_POINT('Origin',(4.35994378939773,1.54,3.7024323377232));
#11507=CARTESIAN_POINT('Origin',(5.25353132464494,1.55,4.60747991832299));
#11508=CARTESIAN_POINT('',(5.25353132464494,1.55,4.60747991832299));
#11509=CARTESIAN_POINT('',(5.25353132464494,1.55,3.92644320758385));
#11510=CARTESIAN_POINT('',(5.25353132464494,1.55,4.0037399591615));
#11511=CARTESIAN_POINT('',(5.25353132464494,1.54,4.60747991832299));
#11512=CARTESIAN_POINT('',(5.25353132464494,1.55,4.60747991832299));
#11513=CARTESIAN_POINT('',(5.25353132464494,1.54,3.92644320758385));
#11514=CARTESIAN_POINT('',(5.25353132464494,1.54,4.60747991832299));
#11515=CARTESIAN_POINT('',(5.25353132464494,1.55,3.92644320758385));
#11516=CARTESIAN_POINT('Origin',(5.02215354420747,1.55,3.92644320758385));
#11517=CARTESIAN_POINT('',(5.02215354420747,1.55,3.92644320758385));
#11518=CARTESIAN_POINT('',(4.87926224581667,1.55,3.50585736020767));
#11519=CARTESIAN_POINT('',(5.02215354420747,1.54,3.92644320758385));
#11520=CARTESIAN_POINT('',(5.02215354420747,1.55,3.92644320758385));
#11521=CARTESIAN_POINT('',(5.02215354420747,1.54,3.92644320758385));
#11522=CARTESIAN_POINT('Origin',(4.92665557839479,1.55,3.92644320758385));
#11523=CARTESIAN_POINT('',(4.92665557839479,1.55,3.92644320758385));
#11524=CARTESIAN_POINT('',(4.36832778919739,1.55,3.92644320758385));
#11525=CARTESIAN_POINT('',(4.92665557839479,1.54,3.92644320758385));
#11526=CARTESIAN_POINT('',(4.92665557839479,1.55,3.92644320758385));
#11527=CARTESIAN_POINT('',(4.92665557839479,1.54,3.92644320758385));
#11528=CARTESIAN_POINT('Origin',(4.69418613888826,1.55,4.59602032931847));
#11529=CARTESIAN_POINT('',(4.69418613888826,1.55,4.59602032931847));
#11530=CARTESIAN_POINT('',(4.83191654298245,1.55,4.19931817464171));
#11531=CARTESIAN_POINT('',(4.69418613888826,1.54,4.59602032931847));
#11532=CARTESIAN_POINT('',(4.69418613888826,1.55,4.59602032931847));
#11533=CARTESIAN_POINT('',(4.69418613888826,1.54,4.59602032931847));
#11534=CARTESIAN_POINT('Origin',(4.69418613888826,1.55,3.92644320758385));
#11535=CARTESIAN_POINT('',(4.69418613888826,1.55,3.92644320758385));
#11536=CARTESIAN_POINT('',(4.69418613888826,1.55,3.66322160379193));
#11537=CARTESIAN_POINT('',(4.69418613888826,1.54,3.92644320758385));
#11538=CARTESIAN_POINT('',(4.69418613888826,1.55,3.92644320758385));
#11539=CARTESIAN_POINT('',(4.69418613888826,1.54,3.92644320758385));
#11540=CARTESIAN_POINT('Origin',(4.59213970877733,1.55,3.92644320758385));
#11541=CARTESIAN_POINT('',(4.59213970877733,1.55,3.92644320758385));
#11542=CARTESIAN_POINT('',(4.20106985438866,1.55,3.92644320758385));
#11543=CARTESIAN_POINT('',(4.59213970877733,1.54,3.92644320758385));
#11544=CARTESIAN_POINT('',(4.59213970877733,1.55,3.92644320758385));
#11545=CARTESIAN_POINT('',(4.59213970877733,1.54,3.92644320758385));
#11546=CARTESIAN_POINT('Origin',(4.59213970877733,1.55,4.72644318970246));
#11547=CARTESIAN_POINT('',(4.59213970877733,1.55,4.72644318970246));
#11548=CARTESIAN_POINT('',(4.59213970877733,1.55,4.06322159485124));
#11549=CARTESIAN_POINT('',(4.59213970877733,1.54,4.72644318970246));
#11550=CARTESIAN_POINT('',(4.59213970877733,1.55,4.72644318970246));
#11551=CARTESIAN_POINT('',(4.59213970877733,1.54,4.72644318970246));
#11552=CARTESIAN_POINT('Origin',(4.73456828572358,1.55,4.72644318970246));
#11553=CARTESIAN_POINT('',(4.73456828572358,1.55,4.72644318970246));
#11554=CARTESIAN_POINT('',(4.27228414286179,1.55,4.72644318970246));
#11555=CARTESIAN_POINT('',(4.73456828572358,1.54,4.72644318970246));
#11556=CARTESIAN_POINT('',(4.73456828572358,1.55,4.72644318970246));
#11557=CARTESIAN_POINT('',(4.73456828572358,1.54,4.72644318970246));
#11558=CARTESIAN_POINT('Origin',(4.92610989787187,1.55,4.16982655557198));
#11559=CARTESIAN_POINT('',(4.92610989787187,1.55,4.16982655557198));
#11560=CARTESIAN_POINT('',(4.9854547450515,1.55,3.99737144923956));
#11561=CARTESIAN_POINT('',(4.92610989787187,1.54,4.16982655557198));
#11562=CARTESIAN_POINT('',(4.92610989787187,1.55,4.16982655557198));
#11563=CARTESIAN_POINT('',(4.92610989787187,1.54,4.16982655557198));
#11564=CARTESIAN_POINT('Ctrl Pts',(4.96867476679887,1.55,4.04158656629128));
#11565=CARTESIAN_POINT('Ctrl Pts',(4.96867476679887,1.54,4.04158656629128));
#11566=CARTESIAN_POINT('Ctrl Pts',(4.95503215767946,1.55,4.08524249824089));
#11567=CARTESIAN_POINT('Ctrl Pts',(4.95503215767946,1.54,4.08524249824089));
#11568=CARTESIAN_POINT('Ctrl Pts',(4.92610989787187,1.55,4.16982655557198));
#11569=CARTESIAN_POINT('Ctrl Pts',(4.92610989787187,1.54,4.16982655557198));
#11570=CARTESIAN_POINT('',(4.96867476679887,1.55,4.04158656629128));
#11571=CARTESIAN_POINT('Ctrl Pts',(4.96867476679887,1.55,4.04158656629128));
#11572=CARTESIAN_POINT('Ctrl Pts',(4.95503215767946,1.55,4.08524249824089));
#11573=CARTESIAN_POINT('Ctrl Pts',(4.92610989787187,1.55,4.16982655557198));
#11574=CARTESIAN_POINT('',(4.96867476679887,1.54,4.04158656629128));
#11575=CARTESIAN_POINT('',(4.96867476679887,1.55,4.04158656629128));
#11576=CARTESIAN_POINT('Ctrl Pts',(4.96867476679887,1.54,4.04158656629128));
#11577=CARTESIAN_POINT('Ctrl Pts',(4.95503215767946,1.54,4.08524249824089));
#11578=CARTESIAN_POINT('Ctrl Pts',(4.92610989787187,1.54,4.16982655557198));
#11579=CARTESIAN_POINT('Ctrl Pts',(5.0068738935193,1.55,4.16000385912461));
#11580=CARTESIAN_POINT('Ctrl Pts',(5.0068738935193,1.54,4.16000385912461));
#11581=CARTESIAN_POINT('Ctrl Pts',(4.98068003632631,1.55,4.08087705405754));
#11582=CARTESIAN_POINT('Ctrl Pts',(4.98068003632631,1.54,4.08087705405754));
#11583=CARTESIAN_POINT('Ctrl Pts',(4.96867476679887,1.55,4.04158656629128));
#11584=CARTESIAN_POINT('Ctrl Pts',(4.96867476679887,1.54,4.04158656629128));
#11585=CARTESIAN_POINT('',(5.0068738935193,1.55,4.16000385912461));
#11586=CARTESIAN_POINT('Ctrl Pts',(5.0068738935193,1.55,4.16000385912461));
#11587=CARTESIAN_POINT('Ctrl Pts',(4.98068003632631,1.55,4.08087705405754));
#11588=CARTESIAN_POINT('Ctrl Pts',(4.96867476679887,1.55,4.04158656629128));
#11589=CARTESIAN_POINT('',(5.0068738935193,1.54,4.16000385912461));
#11590=CARTESIAN_POINT('',(5.0068738935193,1.55,4.16000385912461));
#11591=CARTESIAN_POINT('Ctrl Pts',(5.0068738935193,1.54,4.16000385912461));
#11592=CARTESIAN_POINT('Ctrl Pts',(4.98068003632631,1.54,4.08087705405754));
#11593=CARTESIAN_POINT('Ctrl Pts',(4.96867476679887,1.54,4.04158656629128));
#11594=CARTESIAN_POINT('Origin',(5.19623248555269,1.55,4.72644318970246));
#11595=CARTESIAN_POINT('',(5.19623248555269,1.55,4.72644318970246));
#11596=CARTESIAN_POINT('',(4.92713421602811,1.55,3.92147394055277));
#11597=CARTESIAN_POINT('',(5.19623248555269,1.54,4.72644318970246));
#11598=CARTESIAN_POINT('',(5.19623248555269,1.55,4.72644318970246));
#11599=CARTESIAN_POINT('',(5.19623248555269,1.54,4.72644318970246));
#11600=CARTESIAN_POINT('Origin',(5.35557775475587,1.55,4.72644318970246));
#11601=CARTESIAN_POINT('',(5.35557775475587,1.55,4.72644318970246));
#11602=CARTESIAN_POINT('',(4.58278887737794,1.55,4.72644318970246));
#11603=CARTESIAN_POINT('',(5.35557775475587,1.54,4.72644318970246));
#11604=CARTESIAN_POINT('',(5.35557775475587,1.55,4.72644318970246));
#11605=CARTESIAN_POINT('',(5.35557775475587,1.54,4.72644318970246));
#11606=CARTESIAN_POINT('Origin',(5.35557775475587,1.55,3.92644320758385));
#11607=CARTESIAN_POINT('',(5.35557775475587,1.55,3.92644320758385));
#11608=CARTESIAN_POINT('',(5.35557775475587,1.55,3.66322160379193));
#11609=CARTESIAN_POINT('',(5.35557775475587,1.54,3.92644320758385));
#11610=CARTESIAN_POINT('',(5.35557775475587,1.55,3.92644320758385));
#11611=CARTESIAN_POINT('',(5.35557775475587,1.54,3.92644320758385));
#11612=CARTESIAN_POINT('Origin',(5.25353132464494,1.55,3.92644320758385));
#11613=CARTESIAN_POINT('',(4.53176566232247,1.55,3.92644320758385));
#11614=CARTESIAN_POINT('',(5.25353132464494,1.54,3.92644320758385));
#11615=CARTESIAN_POINT('Origin',(4.35994378939773,1.54,3.7024323377232));
#11616=CARTESIAN_POINT('Origin',(3.77413152434434,1.55,4.56873511107964));
#11617=CARTESIAN_POINT('',(3.77413152434434,1.55,4.56873511107964));
#11618=CARTESIAN_POINT('',(4.02460931517686,1.55,4.20802568229241));
#11619=CARTESIAN_POINT('',(4.05374000741498,1.55,4.16607499547716));
#11620=CARTESIAN_POINT('',(3.77413152434434,1.54,4.56873511107964));
#11621=CARTESIAN_POINT('',(3.77413152434434,1.55,4.56873511107964));
#11622=CARTESIAN_POINT('',(4.02460931517686,1.54,4.20802568229241));
#11623=CARTESIAN_POINT('',(3.77413152434434,1.54,4.56873511107964));
#11624=CARTESIAN_POINT('',(4.02460931517686,1.55,4.20802568229241));
#11625=CARTESIAN_POINT('Origin',(3.77413152434434,1.55,4.20802568229241));
#11626=CARTESIAN_POINT('',(3.77413152434434,1.55,4.20802568229241));
#11627=CARTESIAN_POINT('',(3.77413152434434,1.55,3.80401284114621));
#11628=CARTESIAN_POINT('',(3.77413152434434,1.54,4.20802568229241));
#11629=CARTESIAN_POINT('',(3.77413152434434,1.55,4.20802568229241));
#11630=CARTESIAN_POINT('',(3.77413152434434,1.54,4.20802568229241));
#11631=CARTESIAN_POINT('Origin',(4.02460931517686,1.55,4.20802568229241));
#11632=CARTESIAN_POINT('',(3.91730465758843,1.55,4.20802568229241));
#11633=CARTESIAN_POINT('',(4.02460931517686,1.54,4.20802568229241));
#11634=CARTESIAN_POINT('Origin',(3.67590545394029,1.55,4.11798481973213));
#11635=CARTESIAN_POINT('',(3.67590545394029,1.55,4.11798481973213));
#11636=CARTESIAN_POINT('',(3.67590545394029,1.55,3.92644320758385));
#11637=CARTESIAN_POINT('',(3.67590545394029,1.55,3.75899240986608));
#11638=CARTESIAN_POINT('',(3.67590545394029,1.54,4.11798481973213));
#11639=CARTESIAN_POINT('',(3.67590545394029,1.55,4.11798481973213));
#11640=CARTESIAN_POINT('',(3.67590545394029,1.54,3.92644320758385));
#11641=CARTESIAN_POINT('',(3.67590545394029,1.54,4.11798481973213));
#11642=CARTESIAN_POINT('',(3.67590545394029,1.55,3.92644320758385));
#11643=CARTESIAN_POINT('Origin',(3.56785653807725,1.55,4.11798481973213));
#11644=CARTESIAN_POINT('',(3.56785653807725,1.55,4.11798481973213));
#11645=CARTESIAN_POINT('',(3.68892826903863,1.55,4.11798481973213));
#11646=CARTESIAN_POINT('',(3.56785653807725,1.54,4.11798481973213));
#11647=CARTESIAN_POINT('',(3.56785653807725,1.55,4.11798481973213));
#11648=CARTESIAN_POINT('',(3.56785653807725,1.54,4.11798481973213));
#11649=CARTESIAN_POINT('Origin',(3.56785653807725,1.55,4.20802568229241));
#11650=CARTESIAN_POINT('',(3.56785653807725,1.55,4.20802568229241));
#11651=CARTESIAN_POINT('',(3.56785653807725,1.55,3.80401284114621));
#11652=CARTESIAN_POINT('',(3.56785653807725,1.54,4.20802568229241));
#11653=CARTESIAN_POINT('',(3.56785653807725,1.55,4.20802568229241));
#11654=CARTESIAN_POINT('',(3.56785653807725,1.54,4.20802568229241));
#11655=CARTESIAN_POINT('Origin',(3.67590545394029,1.55,4.20802568229241));
#11656=CARTESIAN_POINT('',(3.67590545394029,1.55,4.20802568229241));
#11657=CARTESIAN_POINT('',(3.74295272697014,1.55,4.20802568229241));
#11658=CARTESIAN_POINT('',(3.67590545394029,1.54,4.20802568229241));
#11659=CARTESIAN_POINT('',(3.67590545394029,1.55,4.20802568229241));
#11660=CARTESIAN_POINT('',(3.67590545394029,1.54,4.20802568229241));
#11661=CARTESIAN_POINT('Origin',(3.67590545394029,1.55,4.72644318970246));
#11662=CARTESIAN_POINT('',(3.67590545394029,1.55,4.72644318970246));
#11663=CARTESIAN_POINT('',(3.67590545394029,1.55,4.06322159485124));
#11664=CARTESIAN_POINT('',(3.67590545394029,1.54,4.72644318970246));
#11665=CARTESIAN_POINT('',(3.67590545394029,1.55,4.72644318970246));
#11666=CARTESIAN_POINT('',(3.67590545394029,1.54,4.72644318970246));
#11667=CARTESIAN_POINT('Origin',(3.7561237690648,1.55,4.72644318970246));
#11668=CARTESIAN_POINT('',(3.7561237690648,1.55,4.72644318970246));
#11669=CARTESIAN_POINT('',(3.7830618845324,1.55,4.72644318970246));
#11670=CARTESIAN_POINT('',(3.7561237690648,1.54,4.72644318970246));
#11671=CARTESIAN_POINT('',(3.7561237690648,1.55,4.72644318970246));
#11672=CARTESIAN_POINT('',(3.7561237690648,1.54,4.72644318970246));
#11673=CARTESIAN_POINT('Origin',(4.12119864203538,1.55,4.20802568229241));
#11674=CARTESIAN_POINT('',(4.12119864203538,1.55,4.20802568229241));
#11675=CARTESIAN_POINT('',(4.25980732486662,1.55,4.0111971049815));
#11676=CARTESIAN_POINT('',(4.12119864203538,1.54,4.20802568229241));
#11677=CARTESIAN_POINT('',(4.12119864203538,1.55,4.20802568229241));
#11678=CARTESIAN_POINT('',(4.12119864203538,1.54,4.20802568229241));
#11679=CARTESIAN_POINT('Origin',(4.12119864203538,1.55,4.11798481973213));
#11680=CARTESIAN_POINT('',(4.12119864203538,1.55,4.11798481973213));
#11681=CARTESIAN_POINT('',(4.12119864203538,1.55,3.75899240986608));
#11682=CARTESIAN_POINT('',(4.12119864203538,1.54,4.11798481973213));
#11683=CARTESIAN_POINT('',(4.12119864203538,1.55,4.11798481973213));
#11684=CARTESIAN_POINT('',(4.12119864203538,1.54,4.11798481973213));
#11685=CARTESIAN_POINT('Origin',(3.77413152434434,1.55,4.11798481973213));
#11686=CARTESIAN_POINT('',(3.77413152434434,1.55,4.11798481973213));
#11687=CARTESIAN_POINT('',(3.79206576217217,1.55,4.11798481973213));
#11688=CARTESIAN_POINT('',(3.77413152434434,1.54,4.11798481973213));
#11689=CARTESIAN_POINT('',(3.77413152434434,1.55,4.11798481973213));
#11690=CARTESIAN_POINT('',(3.77413152434434,1.54,4.11798481973213));
#11691=CARTESIAN_POINT('Origin',(3.77413152434434,1.55,3.92644320758385));
#11692=CARTESIAN_POINT('',(3.77413152434434,1.55,3.92644320758385));
#11693=CARTESIAN_POINT('',(3.77413152434434,1.55,3.66322160379193));
#11694=CARTESIAN_POINT('',(3.77413152434434,1.54,3.92644320758385));
#11695=CARTESIAN_POINT('',(3.77413152434434,1.55,3.92644320758385));
#11696=CARTESIAN_POINT('',(3.77413152434434,1.54,3.92644320758385));
#11697=CARTESIAN_POINT('Origin',(3.67590545394029,1.55,3.92644320758385));
#11698=CARTESIAN_POINT('',(3.74295272697014,1.55,3.92644320758385));
#11699=CARTESIAN_POINT('',(3.67590545394029,1.54,3.92644320758385));
#11700=CARTESIAN_POINT('Origin',(4.35994378939773,1.54,3.7024323377232));
#11701=CARTESIAN_POINT('Origin',(2.53920673110093,1.55,4.72971742185158));
#11702=CARTESIAN_POINT('',(2.53920673110093,1.55,4.72971742185158));
#11703=CARTESIAN_POINT('',(2.47590540625657,1.55,4.72971742185158));
#11704=CARTESIAN_POINT('',(3.17460336555047,1.55,4.72971742185158));
#11705=CARTESIAN_POINT('',(2.53920673110093,1.54,4.72971742185158));
#11706=CARTESIAN_POINT('',(2.53920673110093,1.55,4.72971742185158));
#11707=CARTESIAN_POINT('',(2.47590540625657,1.54,4.72971742185158));
#11708=CARTESIAN_POINT('',(2.53920673110093,1.54,4.72971742185158));
#11709=CARTESIAN_POINT('',(2.47590540625657,1.55,4.72971742185158));
#11710=CARTESIAN_POINT('Ctrl Pts',(2.62651919104661,1.55,4.62275971802277));
#11711=CARTESIAN_POINT('Ctrl Pts',(2.62651919104661,1.54,4.62275971802277));
#11712=CARTESIAN_POINT('Ctrl Pts',(2.56485520579423,1.55,4.67787568601174));
#11713=CARTESIAN_POINT('Ctrl Pts',(2.56485520579423,1.54,4.67787568601174));
#11714=CARTESIAN_POINT('Ctrl Pts',(2.53920673110093,1.55,4.72971742185158));
#11715=CARTESIAN_POINT('Ctrl Pts',(2.53920673110093,1.54,4.72971742185158));
#11716=CARTESIAN_POINT('',(2.62651919104661,1.55,4.62275971802277));
#11717=CARTESIAN_POINT('Ctrl Pts',(2.62651919104661,1.55,4.62275971802277));
#11718=CARTESIAN_POINT('Ctrl Pts',(2.56485520579423,1.55,4.67787568601174));
#11719=CARTESIAN_POINT('Ctrl Pts',(2.53920673110093,1.55,4.72971742185158));
#11720=CARTESIAN_POINT('',(2.62651919104661,1.54,4.62275971802277));
#11721=CARTESIAN_POINT('',(2.62651919104661,1.55,4.62275971802277));
#11722=CARTESIAN_POINT('Ctrl Pts',(2.62651919104661,1.54,4.62275971802277));
#11723=CARTESIAN_POINT('Ctrl Pts',(2.56485520579423,1.54,4.67787568601174));
#11724=CARTESIAN_POINT('Ctrl Pts',(2.53920673110093,1.54,4.72971742185158));
#11725=CARTESIAN_POINT('Ctrl Pts',(2.77058480956163,1.55,4.52889894279045));
#11726=CARTESIAN_POINT('Ctrl Pts',(2.77058480956163,1.54,4.52889894279045));
#11727=CARTESIAN_POINT('Ctrl Pts',(2.68818377234544,1.55,4.5676437500338));
#11728=CARTESIAN_POINT('Ctrl Pts',(2.68818377234544,1.54,4.5676437500338));
#11729=CARTESIAN_POINT('Ctrl Pts',(2.62651919104661,1.55,4.62275971802277));
#11730=CARTESIAN_POINT('Ctrl Pts',(2.62651919104661,1.54,4.62275971802277));
#11731=CARTESIAN_POINT('',(2.77058480956163,1.55,4.52889894279045));
#11732=CARTESIAN_POINT('Ctrl Pts',(2.77058480956163,1.55,4.52889894279045));
#11733=CARTESIAN_POINT('Ctrl Pts',(2.68818377234544,1.55,4.5676437500338));
#11734=CARTESIAN_POINT('Ctrl Pts',(2.62651919104661,1.55,4.62275971802277));
#11735=CARTESIAN_POINT('',(2.77058480956163,1.54,4.52889894279045));
#11736=CARTESIAN_POINT('',(2.77058480956163,1.55,4.52889894279045));
#11737=CARTESIAN_POINT('Ctrl Pts',(2.77058480956163,1.54,4.52889894279045));
#11738=CARTESIAN_POINT('Ctrl Pts',(2.68818377234544,1.54,4.5676437500338));
#11739=CARTESIAN_POINT('Ctrl Pts',(2.62651919104661,1.54,4.62275971802277));
#11740=CARTESIAN_POINT('Origin',(2.77058480956163,1.55,4.43394665750069));
#11741=CARTESIAN_POINT('',(2.77058480956163,1.55,4.43394665750069));
#11742=CARTESIAN_POINT('',(2.77058480956163,1.55,3.91697332875035));
#11743=CARTESIAN_POINT('',(2.77058480956163,1.54,4.43394665750069));
#11744=CARTESIAN_POINT('',(2.77058480956163,1.55,4.43394665750069));
#11745=CARTESIAN_POINT('',(2.77058480956163,1.54,4.43394665750069));
#11746=CARTESIAN_POINT('Ctrl Pts',(2.66717432715501,1.55,4.4846970322947));
#11747=CARTESIAN_POINT('Ctrl Pts',(2.66717432715501,1.54,4.4846970322947));
#11748=CARTESIAN_POINT('Ctrl Pts',(2.72474585749711,1.55,4.45086334975762));
#11749=CARTESIAN_POINT('Ctrl Pts',(2.72474585749711,1.54,4.45086334975762));
#11750=CARTESIAN_POINT('Ctrl Pts',(2.77058480956163,1.55,4.43394665750069));
#11751=CARTESIAN_POINT('Ctrl Pts',(2.77058480956163,1.54,4.43394665750069));
#11752=CARTESIAN_POINT('',(2.66717432715501,1.55,4.4846970322947));
#11753=CARTESIAN_POINT('Ctrl Pts',(2.66717432715501,1.55,4.4846970322947));
#11754=CARTESIAN_POINT('Ctrl Pts',(2.72474585749711,1.55,4.45086334975762));
#11755=CARTESIAN_POINT('Ctrl Pts',(2.77058480956163,1.55,4.43394665750069));
#11756=CARTESIAN_POINT('',(2.66717432715501,1.54,4.4846970322947));
#11757=CARTESIAN_POINT('',(2.66717432715501,1.55,4.4846970322947));
#11758=CARTESIAN_POINT('Ctrl Pts',(2.66717432715501,1.54,4.4846970322947));
#11759=CARTESIAN_POINT('Ctrl Pts',(2.72474585749711,1.54,4.45086334975762));
#11760=CARTESIAN_POINT('Ctrl Pts',(2.77058480956163,1.54,4.43394665750069));
#11761=CARTESIAN_POINT('Ctrl Pts',(2.57413207270707,1.55,4.55236409934563));
#11762=CARTESIAN_POINT('Ctrl Pts',(2.57413207270707,1.54,4.55236409934563));
#11763=CARTESIAN_POINT('Ctrl Pts',(2.60960279681291,1.55,4.51853056582016));
#11764=CARTESIAN_POINT('Ctrl Pts',(2.60960279681291,1.54,4.51853056582016));
#11765=CARTESIAN_POINT('Ctrl Pts',(2.66717432715501,1.55,4.4846970322947));
#11766=CARTESIAN_POINT('Ctrl Pts',(2.66717432715501,1.54,4.4846970322947));
#11767=CARTESIAN_POINT('',(2.57413207270707,1.55,4.55236409934563));
#11768=CARTESIAN_POINT('Ctrl Pts',(2.57413207270707,1.55,4.55236409934563));
#11769=CARTESIAN_POINT('Ctrl Pts',(2.60960279681291,1.55,4.51853056582016));
#11770=CARTESIAN_POINT('Ctrl Pts',(2.66717432715501,1.55,4.4846970322947));
#11771=CARTESIAN_POINT('',(2.57413207270707,1.54,4.55236409934563));
#11772=CARTESIAN_POINT('',(2.57413207270707,1.55,4.55236409934563));
#11773=CARTESIAN_POINT('Ctrl Pts',(2.57413207270707,1.54,4.55236409934563));
#11774=CARTESIAN_POINT('Ctrl Pts',(2.60960279681291,1.54,4.51853056582016));
#11775=CARTESIAN_POINT('Ctrl Pts',(2.66717432715501,1.54,4.4846970322947));
#11776=CARTESIAN_POINT('Origin',(2.57413207270707,1.55,3.92644320758385));
#11777=CARTESIAN_POINT('',(2.57413207270707,1.55,3.92644320758385));
#11778=CARTESIAN_POINT('',(2.57413207270707,1.55,3.66322160379193));
#11779=CARTESIAN_POINT('',(2.57413207270707,1.54,3.92644320758385));
#11780=CARTESIAN_POINT('',(2.57413207270707,1.55,3.92644320758385));
#11781=CARTESIAN_POINT('',(2.57413207270707,1.54,3.92644320758385));
#11782=CARTESIAN_POINT('Origin',(2.47590540625657,1.55,3.92644320758385));
#11783=CARTESIAN_POINT('',(2.47590540625657,1.55,3.92644320758385));
#11784=CARTESIAN_POINT('',(3.14295270312829,1.55,3.92644320758385));
#11785=CARTESIAN_POINT('',(2.47590540625657,1.54,3.92644320758385));
#11786=CARTESIAN_POINT('',(2.47590540625657,1.55,3.92644320758385));
#11787=CARTESIAN_POINT('',(2.47590540625657,1.54,3.92644320758385));
#11788=CARTESIAN_POINT('Origin',(2.47590540625657,1.55,4.72971742185158));
#11789=CARTESIAN_POINT('',(2.47590540625657,1.55,4.0648587109258));
#11790=CARTESIAN_POINT('',(2.47590540625657,1.54,4.72971742185158));
#11791=CARTESIAN_POINT('Origin',(4.35994378939773,1.54,3.7024323377232));
#11792=CARTESIAN_POINT('Ctrl Pts',(5.37740586974229,1.55,3.39984034331841));
#11793=CARTESIAN_POINT('Ctrl Pts',(5.37740586974229,1.54,3.39984034331841));
#11794=CARTESIAN_POINT('Ctrl Pts',(5.44507293679322,1.55,3.39984034331841));
#11795=CARTESIAN_POINT('Ctrl Pts',(5.44507293679322,1.54,3.39984034331841));
#11796=CARTESIAN_POINT('Ctrl Pts',(5.48545478560533,1.55,3.34254150422615));
#11797=CARTESIAN_POINT('Ctrl Pts',(5.48545478560533,1.54,3.34254150422615));
#11798=CARTESIAN_POINT('',(5.37740586974229,1.55,3.39984034331841));
#11799=CARTESIAN_POINT('',(5.48545478560533,1.55,3.34254150422615));
#11800=CARTESIAN_POINT('Ctrl Pts',(5.37740586974229,1.55,3.39984034331841));
#11801=CARTESIAN_POINT('Ctrl Pts',(5.44507293679322,1.55,3.39984034331841));
#11802=CARTESIAN_POINT('Ctrl Pts',(5.48545478560533,1.55,3.34254150422615));
#11803=CARTESIAN_POINT('',(5.37740586974229,1.54,3.39984034331841));
#11804=CARTESIAN_POINT('',(5.37740586974229,1.55,3.39984034331841));
#11805=CARTESIAN_POINT('',(5.48545478560533,1.54,3.34254150422615));
#11806=CARTESIAN_POINT('Ctrl Pts',(5.37740586974229,1.54,3.39984034331841));
#11807=CARTESIAN_POINT('Ctrl Pts',(5.44507293679322,1.54,3.39984034331841));
#11808=CARTESIAN_POINT('Ctrl Pts',(5.48545478560533,1.54,3.34254150422615));
#11809=CARTESIAN_POINT('',(5.48545478560533,1.55,3.34254150422615));
#11810=CARTESIAN_POINT('Ctrl Pts',(5.26253550030793,1.55,3.33490167888207));
#11811=CARTESIAN_POINT('Ctrl Pts',(5.26253550030793,1.54,3.33490167888207));
#11812=CARTESIAN_POINT('Ctrl Pts',(5.3086471436223,1.55,3.39984034331841));
#11813=CARTESIAN_POINT('Ctrl Pts',(5.3086471436223,1.54,3.39984034331841));
#11814=CARTESIAN_POINT('Ctrl Pts',(5.37740586974229,1.55,3.39984034331841));
#11815=CARTESIAN_POINT('Ctrl Pts',(5.37740586974229,1.54,3.39984034331841));
#11816=CARTESIAN_POINT('',(5.26253550030793,1.55,3.33490167888207));
#11817=CARTESIAN_POINT('Ctrl Pts',(5.26253550030793,1.55,3.33490167888207));
#11818=CARTESIAN_POINT('Ctrl Pts',(5.3086471436223,1.55,3.39984034331841));
#11819=CARTESIAN_POINT('Ctrl Pts',(5.37740586974229,1.55,3.39984034331841));
#11820=CARTESIAN_POINT('',(5.26253550030793,1.54,3.33490167888207));
#11821=CARTESIAN_POINT('',(5.26253550030793,1.55,3.33490167888207));
#11822=CARTESIAN_POINT('Ctrl Pts',(5.26253550030793,1.54,3.33490167888207));
#11823=CARTESIAN_POINT('Ctrl Pts',(5.3086471436223,1.54,3.39984034331841));
#11824=CARTESIAN_POINT('Ctrl Pts',(5.37740586974229,1.54,3.39984034331841));
#11825=CARTESIAN_POINT('Ctrl Pts',(5.21642355897035,1.55,3.07241891654534));
#11826=CARTESIAN_POINT('Ctrl Pts',(5.21642355897035,1.54,3.07241891654534));
#11827=CARTESIAN_POINT('Ctrl Pts',(5.21642355897035,1.55,3.26996301444573));
#11828=CARTESIAN_POINT('Ctrl Pts',(5.21642355897035,1.54,3.26996301444573));
#11829=CARTESIAN_POINT('Ctrl Pts',(5.26253550030793,1.55,3.33490167888207));
#11830=CARTESIAN_POINT('Ctrl Pts',(5.26253550030793,1.54,3.33490167888207));
#11831=CARTESIAN_POINT('',(5.21642355897035,1.55,3.07241891654534));
#11832=CARTESIAN_POINT('Ctrl Pts',(5.21642355897035,1.55,3.07241891654534));
#11833=CARTESIAN_POINT('Ctrl Pts',(5.21642355897035,1.55,3.26996301444573));
#11834=CARTESIAN_POINT('Ctrl Pts',(5.26253550030793,1.55,3.33490167888207));
#11835=CARTESIAN_POINT('',(5.21642355897035,1.54,3.07241891654534));
#11836=CARTESIAN_POINT('',(5.21642355897035,1.55,3.07241891654534));
#11837=CARTESIAN_POINT('Ctrl Pts',(5.21642355897035,1.54,3.07241891654534));
#11838=CARTESIAN_POINT('Ctrl Pts',(5.21642355897035,1.54,3.26996301444573));
#11839=CARTESIAN_POINT('Ctrl Pts',(5.26253550030793,1.54,3.33490167888207));
#11840=CARTESIAN_POINT('Ctrl Pts',(5.26253550030793,1.55,2.8104815367083));
#11841=CARTESIAN_POINT('Ctrl Pts',(5.26253550030793,1.54,2.8104815367083));
#11842=CARTESIAN_POINT('Ctrl Pts',(5.21642355897035,1.55,2.87596588166756));
#11843=CARTESIAN_POINT('Ctrl Pts',(5.21642355897035,1.54,2.87596588166756));
#11844=CARTESIAN_POINT('Ctrl Pts',(5.21642355897035,1.55,3.07241891654534));
#11845=CARTESIAN_POINT('Ctrl Pts',(5.21642355897035,1.54,3.07241891654534));
#11846=CARTESIAN_POINT('',(5.26253550030793,1.55,2.8104815367083));
#11847=CARTESIAN_POINT('Ctrl Pts',(5.26253550030793,1.55,2.8104815367083));
#11848=CARTESIAN_POINT('Ctrl Pts',(5.21642355897035,1.55,2.87596588166756));
#11849=CARTESIAN_POINT('Ctrl Pts',(5.21642355897035,1.55,3.07241891654534));
#11850=CARTESIAN_POINT('',(5.26253550030793,1.54,2.8104815367083));
#11851=CARTESIAN_POINT('',(5.26253550030793,1.55,2.8104815367083));
#11852=CARTESIAN_POINT('Ctrl Pts',(5.26253550030793,1.54,2.8104815367083));
#11853=CARTESIAN_POINT('Ctrl Pts',(5.21642355897035,1.54,2.87596588166756));
#11854=CARTESIAN_POINT('Ctrl Pts',(5.21642355897035,1.54,3.07241891654534));
#11855=CARTESIAN_POINT('Ctrl Pts',(5.37631450869645,1.55,2.74499719174904));
#11856=CARTESIAN_POINT('Ctrl Pts',(5.37631450869645,1.54,2.74499719174904));
#11857=CARTESIAN_POINT('Ctrl Pts',(5.3086471436223,1.55,2.74499719174904));
#11858=CARTESIAN_POINT('Ctrl Pts',(5.3086471436223,1.54,2.74499719174904));
#11859=CARTESIAN_POINT('Ctrl Pts',(5.26253550030793,1.55,2.8104815367083));
#11860=CARTESIAN_POINT('Ctrl Pts',(5.26253550030793,1.54,2.8104815367083));
#11861=CARTESIAN_POINT('',(5.37631450869645,1.55,2.74499719174904));
#11862=CARTESIAN_POINT('Ctrl Pts',(5.37631450869645,1.55,2.74499719174904));
#11863=CARTESIAN_POINT('Ctrl Pts',(5.3086471436223,1.55,2.74499719174904));
#11864=CARTESIAN_POINT('Ctrl Pts',(5.26253550030793,1.55,2.8104815367083));
#11865=CARTESIAN_POINT('',(5.37631450869645,1.54,2.74499719174904));
#11866=CARTESIAN_POINT('',(5.37631450869645,1.55,2.74499719174904));
#11867=CARTESIAN_POINT('Ctrl Pts',(5.37631450869645,1.54,2.74499719174904));
#11868=CARTESIAN_POINT('Ctrl Pts',(5.3086471436223,1.54,2.74499719174904));
#11869=CARTESIAN_POINT('Ctrl Pts',(5.26253550030793,1.54,2.8104815367083));
#11870=CARTESIAN_POINT('Ctrl Pts',(5.49009351708497,1.55,2.81020854743523));
#11871=CARTESIAN_POINT('Ctrl Pts',(5.49009351708497,1.54,2.81020854743523));
#11872=CARTESIAN_POINT('Ctrl Pts',(5.44398157574739,1.55,2.74499719174904));
#11873=CARTESIAN_POINT('Ctrl Pts',(5.44398157574739,1.54,2.74499719174904));
#11874=CARTESIAN_POINT('Ctrl Pts',(5.37631450869645,1.55,2.74499719174904));
#11875=CARTESIAN_POINT('Ctrl Pts',(5.37631450869645,1.54,2.74499719174904));
#11876=CARTESIAN_POINT('',(5.49009351708497,1.55,2.81020854743523));
#11877=CARTESIAN_POINT('Ctrl Pts',(5.49009351708497,1.55,2.81020854743523));
#11878=CARTESIAN_POINT('Ctrl Pts',(5.44398157574739,1.55,2.74499719174904));
#11879=CARTESIAN_POINT('Ctrl Pts',(5.37631450869645,1.55,2.74499719174904));
#11880=CARTESIAN_POINT('',(5.49009351708497,1.54,2.81020854743523));
#11881=CARTESIAN_POINT('',(5.49009351708497,1.55,2.81020854743523));
#11882=CARTESIAN_POINT('Ctrl Pts',(5.49009351708497,1.54,2.81020854743523));
#11883=CARTESIAN_POINT('Ctrl Pts',(5.44398157574739,1.54,2.74499719174904));
#11884=CARTESIAN_POINT('Ctrl Pts',(5.37631450869645,1.54,2.74499719174904));
#11885=CARTESIAN_POINT('Ctrl Pts',(5.53620516039933,1.55,3.07241891654534));
#11886=CARTESIAN_POINT('Ctrl Pts',(5.53620516039933,1.54,3.07241891654534));
#11887=CARTESIAN_POINT('Ctrl Pts',(5.53620516039933,1.55,2.87542020114464));
#11888=CARTESIAN_POINT('Ctrl Pts',(5.53620516039933,1.54,2.87542020114464));
#11889=CARTESIAN_POINT('Ctrl Pts',(5.49009351708497,1.55,2.81020854743523));
#11890=CARTESIAN_POINT('Ctrl Pts',(5.49009351708497,1.54,2.81020854743523));
#11891=CARTESIAN_POINT('',(5.53620516039933,1.55,3.07241891654534));
#11892=CARTESIAN_POINT('Ctrl Pts',(5.53620516039933,1.55,3.07241891654534));
#11893=CARTESIAN_POINT('Ctrl Pts',(5.53620516039933,1.55,2.87542020114464));
#11894=CARTESIAN_POINT('Ctrl Pts',(5.49009351708497,1.55,2.81020854743523));
#11895=CARTESIAN_POINT('',(5.53620516039933,1.54,3.07241891654534));
#11896=CARTESIAN_POINT('',(5.53620516039933,1.55,3.07241891654534));
#11897=CARTESIAN_POINT('Ctrl Pts',(5.53620516039933,1.54,3.07241891654534));
#11898=CARTESIAN_POINT('Ctrl Pts',(5.53620516039933,1.54,2.87542020114464));
#11899=CARTESIAN_POINT('Ctrl Pts',(5.49009351708497,1.54,2.81020854743523));
#11900=CARTESIAN_POINT('Ctrl Pts',(5.48545478560533,1.55,3.34254150422615));
#11901=CARTESIAN_POINT('Ctrl Pts',(5.48545478560533,1.54,3.34254150422615));
#11902=CARTESIAN_POINT('Ctrl Pts',(5.53620516039933,1.55,3.26941733392281));
#11903=CARTESIAN_POINT('Ctrl Pts',(5.53620516039933,1.54,3.26941733392281));
#11904=CARTESIAN_POINT('Ctrl Pts',(5.53620516039933,1.55,3.07241891654534));
#11905=CARTESIAN_POINT('Ctrl Pts',(5.53620516039933,1.54,3.07241891654534));
#11906=CARTESIAN_POINT('Ctrl Pts',(5.48545478560533,1.55,3.34254150422615));
#11907=CARTESIAN_POINT('Ctrl Pts',(5.53620516039933,1.55,3.26941733392281));
#11908=CARTESIAN_POINT('Ctrl Pts',(5.53620516039933,1.55,3.07241891654534));
#11909=CARTESIAN_POINT('Ctrl Pts',(5.48545478560533,1.54,3.34254150422615));
#11910=CARTESIAN_POINT('Ctrl Pts',(5.53620516039933,1.54,3.26941733392281));
#11911=CARTESIAN_POINT('Ctrl Pts',(5.53620516039933,1.54,3.07241891654534));
#11912=CARTESIAN_POINT('Ctrl Pts',(5.37631450869645,1.55,2.66423319610161));
#11913=CARTESIAN_POINT('Ctrl Pts',(5.37631450869645,1.54,2.66423319610161));
#11914=CARTESIAN_POINT('Ctrl Pts',(5.49200324990358,1.55,2.66423319610161));
#11915=CARTESIAN_POINT('Ctrl Pts',(5.49200324990358,1.54,2.66423319610161));
#11916=CARTESIAN_POINT('Ctrl Pts',(5.55803327538575,1.55,2.74717991384072));
#11917=CARTESIAN_POINT('Ctrl Pts',(5.55803327538575,1.54,2.74717991384072));
#11918=CARTESIAN_POINT('',(5.37631450869645,1.55,2.66423319610161));
#11919=CARTESIAN_POINT('',(5.55803327538575,1.55,2.74717991384072));
#11920=CARTESIAN_POINT('Ctrl Pts',(5.37631450869645,1.55,2.66423319610161));
#11921=CARTESIAN_POINT('Ctrl Pts',(5.49200324990358,1.55,2.66423319610161));
#11922=CARTESIAN_POINT('Ctrl Pts',(5.55803327538575,1.55,2.74717991384072));
#11923=CARTESIAN_POINT('',(5.37631450869645,1.54,2.66423319610161));
#11924=CARTESIAN_POINT('',(5.37631450869645,1.55,2.66423319610161));
#11925=CARTESIAN_POINT('',(5.55803327538575,1.54,2.74717991384072));
#11926=CARTESIAN_POINT('Ctrl Pts',(5.37631450869645,1.54,2.66423319610161));
#11927=CARTESIAN_POINT('Ctrl Pts',(5.49200324990358,1.54,2.66423319610161));
#11928=CARTESIAN_POINT('Ctrl Pts',(5.55803327538575,1.54,2.74717991384072));
#11929=CARTESIAN_POINT('',(5.55803327538575,1.55,2.74717991384072));
#11930=CARTESIAN_POINT('Ctrl Pts',(5.23088453986253,1.55,2.71143649848503));
#11931=CARTESIAN_POINT('Ctrl Pts',(5.23088453986253,1.54,2.71143649848503));
#11932=CARTESIAN_POINT('Ctrl Pts',(5.28845636822786,1.55,2.66423319610161));
#11933=CARTESIAN_POINT('Ctrl Pts',(5.28845636822786,1.54,2.66423319610161));
#11934=CARTESIAN_POINT('Ctrl Pts',(5.37631450869645,1.55,2.66423319610161));
#11935=CARTESIAN_POINT('Ctrl Pts',(5.37631450869645,1.54,2.66423319610161));
#11936=CARTESIAN_POINT('',(5.23088453986253,1.55,2.71143649848503));
#11937=CARTESIAN_POINT('Ctrl Pts',(5.23088453986253,1.55,2.71143649848503));
#11938=CARTESIAN_POINT('Ctrl Pts',(5.28845636822786,1.55,2.66423319610161));
#11939=CARTESIAN_POINT('Ctrl Pts',(5.37631450869645,1.55,2.66423319610161));
#11940=CARTESIAN_POINT('',(5.23088453986253,1.54,2.71143649848503));
#11941=CARTESIAN_POINT('',(5.23088453986253,1.55,2.71143649848503));
#11942=CARTESIAN_POINT('Ctrl Pts',(5.23088453986253,1.54,2.71143649848503));
#11943=CARTESIAN_POINT('Ctrl Pts',(5.28845636822786,1.54,2.66423319610161));
#11944=CARTESIAN_POINT('Ctrl Pts',(5.37631450869645,1.54,2.66423319610161));
#11945=CARTESIAN_POINT('Ctrl Pts',(5.14439074971284,1.55,2.84513359101815));
#11946=CARTESIAN_POINT('Ctrl Pts',(5.14439074971284,1.54,2.84513359101815));
#11947=CARTESIAN_POINT('Ctrl Pts',(5.17331300952043,1.55,2.75863980086846));
#11948=CARTESIAN_POINT('Ctrl Pts',(5.17331300952043,1.54,2.75863980086846));
#11949=CARTESIAN_POINT('Ctrl Pts',(5.23088453986253,1.55,2.71143649848503));
#11950=CARTESIAN_POINT('Ctrl Pts',(5.23088453986253,1.54,2.71143649848503));
#11951=CARTESIAN_POINT('',(5.14439074971284,1.55,2.84513359101815));
#11952=CARTESIAN_POINT('Ctrl Pts',(5.14439074971284,1.55,2.84513359101815));
#11953=CARTESIAN_POINT('Ctrl Pts',(5.17331300952043,1.55,2.75863980086846));
#11954=CARTESIAN_POINT('Ctrl Pts',(5.23088453986253,1.55,2.71143649848503));
#11955=CARTESIAN_POINT('',(5.14439074971284,1.54,2.84513359101815));
#11956=CARTESIAN_POINT('',(5.14439074971284,1.55,2.84513359101815));
#11957=CARTESIAN_POINT('Ctrl Pts',(5.14439074971284,1.54,2.84513359101815));
#11958=CARTESIAN_POINT('Ctrl Pts',(5.17331300952043,1.54,2.75863980086846));
#11959=CARTESIAN_POINT('Ctrl Pts',(5.23088453986253,1.54,2.71143649848503));
#11960=CARTESIAN_POINT('Ctrl Pts',(5.11546848990525,1.55,3.07241891654534));
#11961=CARTESIAN_POINT('Ctrl Pts',(5.11546848990525,1.54,3.07241891654534));
#11962=CARTESIAN_POINT('Ctrl Pts',(5.11546848990525,1.55,2.93162738116783));
#11963=CARTESIAN_POINT('Ctrl Pts',(5.11546848990525,1.54,2.93162738116783));
#11964=CARTESIAN_POINT('Ctrl Pts',(5.14439074971284,1.55,2.84513359101815));
#11965=CARTESIAN_POINT('Ctrl Pts',(5.14439074971284,1.54,2.84513359101815));
#11966=CARTESIAN_POINT('',(5.11546848990525,1.55,3.07241891654534));
#11967=CARTESIAN_POINT('Ctrl Pts',(5.11546848990525,1.55,3.07241891654534));
#11968=CARTESIAN_POINT('Ctrl Pts',(5.11546848990525,1.55,2.93162738116783));
#11969=CARTESIAN_POINT('Ctrl Pts',(5.14439074971284,1.55,2.84513359101815));
#11970=CARTESIAN_POINT('',(5.11546848990525,1.54,3.07241891654534));
#11971=CARTESIAN_POINT('',(5.11546848990525,1.55,3.07241891654534));
#11972=CARTESIAN_POINT('Ctrl Pts',(5.11546848990525,1.54,3.07241891654534));
#11973=CARTESIAN_POINT('Ctrl Pts',(5.11546848990525,1.54,2.93162738116783));
#11974=CARTESIAN_POINT('Ctrl Pts',(5.14439074971284,1.54,2.84513359101815));
#11975=CARTESIAN_POINT('Ctrl Pts',(5.13347684123124,1.55,3.26150481732888));
#11976=CARTESIAN_POINT('Ctrl Pts',(5.13347684123124,1.54,3.26150481732888));
#11977=CARTESIAN_POINT('Ctrl Pts',(5.11546848990525,1.55,3.1913820389132));
#11978=CARTESIAN_POINT('Ctrl Pts',(5.11546848990525,1.54,3.1913820389132));
#11979=CARTESIAN_POINT('Ctrl Pts',(5.11546848990525,1.55,3.07241891654534));
#11980=CARTESIAN_POINT('Ctrl Pts',(5.11546848990525,1.54,3.07241891654534));
#11981=CARTESIAN_POINT('',(5.13347684123124,1.55,3.26150481732888));
#11982=CARTESIAN_POINT('Ctrl Pts',(5.13347684123124,1.55,3.26150481732888));
#11983=CARTESIAN_POINT('Ctrl Pts',(5.11546848990525,1.55,3.1913820389132));
#11984=CARTESIAN_POINT('Ctrl Pts',(5.11546848990525,1.55,3.07241891654534));
#11985=CARTESIAN_POINT('',(5.13347684123124,1.54,3.26150481732888));
#11986=CARTESIAN_POINT('',(5.13347684123124,1.55,3.26150481732888));
#11987=CARTESIAN_POINT('Ctrl Pts',(5.13347684123124,1.54,3.26150481732888));
#11988=CARTESIAN_POINT('Ctrl Pts',(5.11546848990525,1.54,3.1913820389132));
#11989=CARTESIAN_POINT('Ctrl Pts',(5.11546848990525,1.54,3.07241891654534));
#11990=CARTESIAN_POINT('Ctrl Pts',(5.18313585497941,1.55,3.38046793969673));
#11991=CARTESIAN_POINT('Ctrl Pts',(5.18313585497941,1.54,3.38046793969673));
#11992=CARTESIAN_POINT('Ctrl Pts',(5.15148489453401,1.55,3.33162759574456));
#11993=CARTESIAN_POINT('Ctrl Pts',(5.15148489453401,1.54,3.33162759574456));
#11994=CARTESIAN_POINT('Ctrl Pts',(5.13347684123124,1.55,3.26150481732888));
#11995=CARTESIAN_POINT('Ctrl Pts',(5.13347684123124,1.54,3.26150481732888));
#11996=CARTESIAN_POINT('',(5.18313585497941,1.55,3.38046793969673));
#11997=CARTESIAN_POINT('Ctrl Pts',(5.18313585497941,1.55,3.38046793969673));
#11998=CARTESIAN_POINT('Ctrl Pts',(5.15148489453401,1.55,3.33162759574456));
#11999=CARTESIAN_POINT('Ctrl Pts',(5.13347684123124,1.55,3.26150481732888));
#12000=CARTESIAN_POINT('',(5.18313585497941,1.54,3.38046793969673));
#12001=CARTESIAN_POINT('',(5.18313585497941,1.55,3.38046793969673));
#12002=CARTESIAN_POINT('Ctrl Pts',(5.18313585497941,1.54,3.38046793969673));
#12003=CARTESIAN_POINT('Ctrl Pts',(5.15148489453401,1.54,3.33162759574456));
#12004=CARTESIAN_POINT('Ctrl Pts',(5.13347684123124,1.54,3.26150481732888));
#12005=CARTESIAN_POINT('Ctrl Pts',(5.2633538720807,1.55,3.45522915156883));
#12006=CARTESIAN_POINT('Ctrl Pts',(5.2633538720807,1.54,3.45522915156883));
#12007=CARTESIAN_POINT('Ctrl Pts',(5.21478651740159,1.55,3.42930828364891));
#12008=CARTESIAN_POINT('Ctrl Pts',(5.21478651740159,1.54,3.42930828364891));
#12009=CARTESIAN_POINT('Ctrl Pts',(5.18313585497941,1.55,3.38046793969673));
#12010=CARTESIAN_POINT('Ctrl Pts',(5.18313585497941,1.54,3.38046793969673));
#12011=CARTESIAN_POINT('',(5.2633538720807,1.55,3.45522915156883));
#12012=CARTESIAN_POINT('Ctrl Pts',(5.2633538720807,1.55,3.45522915156883));
#12013=CARTESIAN_POINT('Ctrl Pts',(5.21478651740159,1.55,3.42930828364891));
#12014=CARTESIAN_POINT('Ctrl Pts',(5.18313585497941,1.55,3.38046793969673));
#12015=CARTESIAN_POINT('',(5.2633538720807,1.54,3.45522915156883));
#12016=CARTESIAN_POINT('',(5.2633538720807,1.55,3.45522915156883));
#12017=CARTESIAN_POINT('Ctrl Pts',(5.2633538720807,1.54,3.45522915156883));
#12018=CARTESIAN_POINT('Ctrl Pts',(5.21478651740159,1.54,3.42930828364891));
#12019=CARTESIAN_POINT('Ctrl Pts',(5.18313585497941,1.54,3.38046793969673));
#12020=CARTESIAN_POINT('Ctrl Pts',(5.37631450869645,1.55,3.48115001948876));
#12021=CARTESIAN_POINT('Ctrl Pts',(5.37631450869645,1.54,3.48115001948876));
#12022=CARTESIAN_POINT('Ctrl Pts',(5.31192152478303,1.55,3.48115001948876));
#12023=CARTESIAN_POINT('Ctrl Pts',(5.31192152478303,1.54,3.48115001948876));
#12024=CARTESIAN_POINT('Ctrl Pts',(5.2633538720807,1.55,3.45522915156883));
#12025=CARTESIAN_POINT('Ctrl Pts',(5.2633538720807,1.54,3.45522915156883));
#12026=CARTESIAN_POINT('',(5.37631450869645,1.55,3.48115001948876));
#12027=CARTESIAN_POINT('Ctrl Pts',(5.37631450869645,1.55,3.48115001948876));
#12028=CARTESIAN_POINT('Ctrl Pts',(5.31192152478303,1.55,3.48115001948876));
#12029=CARTESIAN_POINT('Ctrl Pts',(5.2633538720807,1.55,3.45522915156883));
#12030=CARTESIAN_POINT('',(5.37631450869645,1.54,3.48115001948876));
#12031=CARTESIAN_POINT('',(5.37631450869645,1.55,3.48115001948876));
#12032=CARTESIAN_POINT('Ctrl Pts',(5.37631450869645,1.54,3.48115001948876));
#12033=CARTESIAN_POINT('Ctrl Pts',(5.31192152478303,1.54,3.48115001948876));
#12034=CARTESIAN_POINT('Ctrl Pts',(5.2633538720807,1.54,3.45522915156883));
#12035=CARTESIAN_POINT('Ctrl Pts',(5.52119849898423,1.55,3.43421970637841));
#12036=CARTESIAN_POINT('Ctrl Pts',(5.52119849898423,1.54,3.43421970637841));
#12037=CARTESIAN_POINT('Ctrl Pts',(5.46362696864213,1.55,3.48115001948876));
#12038=CARTESIAN_POINT('Ctrl Pts',(5.46362696864213,1.54,3.48115001948876));
#12039=CARTESIAN_POINT('Ctrl Pts',(5.37631450869645,1.55,3.48115001948876));
#12040=CARTESIAN_POINT('Ctrl Pts',(5.37631450869645,1.54,3.48115001948876));
#12041=CARTESIAN_POINT('',(5.52119849898423,1.55,3.43421970637841));
#12042=CARTESIAN_POINT('Ctrl Pts',(5.52119849898423,1.55,3.43421970637841));
#12043=CARTESIAN_POINT('Ctrl Pts',(5.46362696864213,1.55,3.48115001948876));
#12044=CARTESIAN_POINT('Ctrl Pts',(5.37631450869645,1.55,3.48115001948876));
#12045=CARTESIAN_POINT('',(5.52119849898423,1.54,3.43421970637841));
#12046=CARTESIAN_POINT('',(5.52119849898423,1.55,3.43421970637841));
#12047=CARTESIAN_POINT('Ctrl Pts',(5.52119849898423,1.54,3.43421970637841));
#12048=CARTESIAN_POINT('Ctrl Pts',(5.46362696864213,1.54,3.48115001948876));
#12049=CARTESIAN_POINT('Ctrl Pts',(5.37631450869645,1.54,3.48115001948876));
#12050=CARTESIAN_POINT('Ctrl Pts',(5.60796527840699,1.55,3.30079530509514));
#12051=CARTESIAN_POINT('Ctrl Pts',(5.60796527840699,1.54,3.30079530509514));
#12052=CARTESIAN_POINT('Ctrl Pts',(5.57877002932634,1.55,3.38728909524483));
#12053=CARTESIAN_POINT('Ctrl Pts',(5.57877002932634,1.54,3.38728909524483));
#12054=CARTESIAN_POINT('Ctrl Pts',(5.52119849898423,1.55,3.43421970637841));
#12055=CARTESIAN_POINT('Ctrl Pts',(5.52119849898423,1.54,3.43421970637841));
#12056=CARTESIAN_POINT('',(5.60796527840699,1.55,3.30079530509514));
#12057=CARTESIAN_POINT('Ctrl Pts',(5.60796527840699,1.55,3.30079530509514));
#12058=CARTESIAN_POINT('Ctrl Pts',(5.57877002932634,1.55,3.38728909524483));
#12059=CARTESIAN_POINT('Ctrl Pts',(5.52119849898423,1.55,3.43421970637841));
#12060=CARTESIAN_POINT('',(5.60796527840699,1.54,3.30079530509514));
#12061=CARTESIAN_POINT('',(5.60796527840699,1.55,3.30079530509514));
#12062=CARTESIAN_POINT('Ctrl Pts',(5.60796527840699,1.54,3.30079530509514));
#12063=CARTESIAN_POINT('Ctrl Pts',(5.57877002932634,1.54,3.38728909524483));
#12064=CARTESIAN_POINT('Ctrl Pts',(5.52119849898423,1.54,3.43421970637841));
#12065=CARTESIAN_POINT('Ctrl Pts',(5.63716022946443,1.55,3.07241891654534));
#12066=CARTESIAN_POINT('Ctrl Pts',(5.63716022946443,1.54,3.07241891654534));
#12067=CARTESIAN_POINT('Ctrl Pts',(5.63716022946443,1.55,3.21430151494545));
#12068=CARTESIAN_POINT('Ctrl Pts',(5.63716022946443,1.54,3.21430151494545));
#12069=CARTESIAN_POINT('Ctrl Pts',(5.60796527840699,1.55,3.30079530509514));
#12070=CARTESIAN_POINT('Ctrl Pts',(5.60796527840699,1.54,3.30079530509514));
#12071=CARTESIAN_POINT('',(5.63716022946443,1.55,3.07241891654534));
#12072=CARTESIAN_POINT('Ctrl Pts',(5.63716022946443,1.55,3.07241891654534));
#12073=CARTESIAN_POINT('Ctrl Pts',(5.63716022946443,1.55,3.21430151494545));
#12074=CARTESIAN_POINT('Ctrl Pts',(5.60796527840699,1.55,3.30079530509514));
#12075=CARTESIAN_POINT('',(5.63716022946443,1.54,3.07241891654534));
#12076=CARTESIAN_POINT('',(5.63716022946443,1.55,3.07241891654534));
#12077=CARTESIAN_POINT('Ctrl Pts',(5.63716022946443,1.54,3.07241891654534));
#12078=CARTESIAN_POINT('Ctrl Pts',(5.63716022946443,1.54,3.21430151494545));
#12079=CARTESIAN_POINT('Ctrl Pts',(5.60796527840699,1.54,3.30079530509514));
#12080=CARTESIAN_POINT('Ctrl Pts',(5.55803327538575,1.55,2.74717991384072));
#12081=CARTESIAN_POINT('Ctrl Pts',(5.55803327538575,1.54,2.74717991384072));
#12082=CARTESIAN_POINT('Ctrl Pts',(5.63716022946443,1.55,2.84704362185997));
#12083=CARTESIAN_POINT('Ctrl Pts',(5.63716022946443,1.54,2.84704362185997));
#12084=CARTESIAN_POINT('Ctrl Pts',(5.63716022946443,1.55,3.07241891654534));
#12085=CARTESIAN_POINT('Ctrl Pts',(5.63716022946443,1.54,3.07241891654534));
#12086=CARTESIAN_POINT('Ctrl Pts',(5.55803327538575,1.55,2.74717991384072));
#12087=CARTESIAN_POINT('Ctrl Pts',(5.63716022946443,1.55,2.84704362185997));
#12088=CARTESIAN_POINT('Ctrl Pts',(5.63716022946443,1.55,3.07241891654534));
#12089=CARTESIAN_POINT('Ctrl Pts',(5.55803327538575,1.54,2.74717991384072));
#12090=CARTESIAN_POINT('Ctrl Pts',(5.63716022946443,1.54,2.84704362185997));
#12091=CARTESIAN_POINT('Ctrl Pts',(5.63716022946443,1.54,3.07241891654534));
#12092=CARTESIAN_POINT('Origin',(4.35994378939773,1.54,3.7024323377232));
#12093=CARTESIAN_POINT('Ctrl Pts',(0.916833269377606,1.55,4.6424049619059));
#12094=CARTESIAN_POINT('Ctrl Pts',(0.916833269377606,1.54,4.6424049619059));
#12095=CARTESIAN_POINT('Ctrl Pts',(0.932112920065777,1.55,4.56546087893051));
#12096=CARTESIAN_POINT('Ctrl Pts',(0.932112920065777,1.54,4.56546087893051));
#12097=CARTESIAN_POINT('Ctrl Pts',(0.959943520804303,1.55,4.48960830601258));
#12098=CARTESIAN_POINT('Ctrl Pts',(0.959943520804303,1.54,4.48960830601258));
#12099=CARTESIAN_POINT('',(0.916833269377606,1.55,4.6424049619059));
#12100=CARTESIAN_POINT('',(0.959943520804303,1.55,4.48960830601258));
#12101=CARTESIAN_POINT('Ctrl Pts',(0.916833269377606,1.55,4.6424049619059));
#12102=CARTESIAN_POINT('Ctrl Pts',(0.932112920065777,1.55,4.56546087893051));
#12103=CARTESIAN_POINT('Ctrl Pts',(0.959943520804303,1.55,4.48960830601258));
#12104=CARTESIAN_POINT('',(0.916833269377606,1.54,4.6424049619059));
#12105=CARTESIAN_POINT('',(0.916833269377606,1.55,4.6424049619059));
#12106=CARTESIAN_POINT('',(0.959943520804303,1.54,4.48960830601258));
#12107=CARTESIAN_POINT('Ctrl Pts',(0.916833269377606,1.54,4.6424049619059));
#12108=CARTESIAN_POINT('Ctrl Pts',(0.932112920065777,1.54,4.56546087893051));
#12109=CARTESIAN_POINT('Ctrl Pts',(0.959943520804303,1.54,4.48960830601258));
#12110=CARTESIAN_POINT('',(0.959943520804303,1.55,4.48960830601258));
#12111=CARTESIAN_POINT('Ctrl Pts',(0.86008011080827,1.55,4.47651137741608));
#12112=CARTESIAN_POINT('Ctrl Pts',(0.86008011080827,1.54,4.47651137741608));
#12113=CARTESIAN_POINT('Ctrl Pts',(0.898279535551922,1.55,4.57746629746956));
#12114=CARTESIAN_POINT('Ctrl Pts',(0.898279535551922,1.54,4.57746629746956));
#12115=CARTESIAN_POINT('Ctrl Pts',(0.916833269377606,1.55,4.6424049619059));
#12116=CARTESIAN_POINT('Ctrl Pts',(0.916833269377606,1.54,4.6424049619059));
#12117=CARTESIAN_POINT('',(0.86008011080827,1.55,4.47651137741608));
#12118=CARTESIAN_POINT('Ctrl Pts',(0.86008011080827,1.55,4.47651137741608));
#12119=CARTESIAN_POINT('Ctrl Pts',(0.898279535551922,1.55,4.57746629746956));
#12120=CARTESIAN_POINT('Ctrl Pts',(0.916833269377606,1.55,4.6424049619059));
#12121=CARTESIAN_POINT('',(0.86008011080827,1.54,4.47651137741608));
#12122=CARTESIAN_POINT('',(0.86008011080827,1.55,4.47651137741608));
#12123=CARTESIAN_POINT('Ctrl Pts',(0.86008011080827,1.54,4.47651137741608));
#12124=CARTESIAN_POINT('Ctrl Pts',(0.898279535551922,1.54,4.57746629746956));
#12125=CARTESIAN_POINT('Ctrl Pts',(0.916833269377606,1.54,4.6424049619059));
#12126=CARTESIAN_POINT('Origin',(0.776587712546246,1.55,4.25495614441437));
#12127=CARTESIAN_POINT('',(0.776587712546246,1.55,4.25495614441437));
#12128=CARTESIAN_POINT('',(0.824134500997097,1.55,4.38112619118499));
#12129=CARTESIAN_POINT('',(0.776587712546246,1.54,4.25495614441437));
#12130=CARTESIAN_POINT('',(0.776587712546246,1.55,4.25495614441437));
#12131=CARTESIAN_POINT('',(0.776587712546246,1.54,4.25495614441437));
#12132=CARTESIAN_POINT('Origin',(1.04780195929612,1.55,4.25495614441437));
#12133=CARTESIAN_POINT('',(1.04780195929612,1.55,4.25495614441437));
#12134=CARTESIAN_POINT('',(2.42890097964806,1.55,4.25495614441437));
#12135=CARTESIAN_POINT('',(1.04780195929612,1.54,4.25495614441437));
#12136=CARTESIAN_POINT('',(1.04780195929612,1.55,4.25495614441437));
#12137=CARTESIAN_POINT('',(1.04780195929612,1.54,4.25495614441437));
#12138=CARTESIAN_POINT('Origin',(0.959943520804303,1.55,4.48960830601258));
#12139=CARTESIAN_POINT('',(1.31406038135193,1.55,3.54383362332678));
#12140=CARTESIAN_POINT('',(0.959943520804303,1.54,4.48960830601258));
#12141=CARTESIAN_POINT('Origin',(1.07836126067247,1.55,4.16873519452614));
#12142=CARTESIAN_POINT('',(1.07836126067247,1.55,4.16873519452614));
#12143=CARTESIAN_POINT('',(1.16621910311784,1.55,3.92644320758385));
#12144=CARTESIAN_POINT('',(1.3602589952415,1.55,3.39132522949395));
#12145=CARTESIAN_POINT('',(1.07836126067247,1.54,4.16873519452614));
#12146=CARTESIAN_POINT('',(1.07836126067247,1.55,4.16873519452614));
#12147=CARTESIAN_POINT('',(1.16621910311784,1.54,3.92644320758385));
#12148=CARTESIAN_POINT('',(1.07836126067247,1.54,4.16873519452614));
#12149=CARTESIAN_POINT('',(1.16621910311784,1.55,3.92644320758385));
#12150=CARTESIAN_POINT('Origin',(0.743845689078229,1.55,4.16873519452614));
#12151=CARTESIAN_POINT('',(0.743845689078229,1.55,4.16873519452614));
#12152=CARTESIAN_POINT('',(2.27692284453911,1.55,4.16873519452614));
#12153=CARTESIAN_POINT('',(0.743845689078229,1.54,4.16873519452614));
#12154=CARTESIAN_POINT('',(0.743845689078229,1.55,4.16873519452614));
#12155=CARTESIAN_POINT('',(0.743845689078229,1.54,4.16873519452614));
#12156=CARTESIAN_POINT('Origin',(0.65053044535722,1.55,3.92644320758385));
#12157=CARTESIAN_POINT('',(0.65053044535722,1.55,3.92644320758385));
#12158=CARTESIAN_POINT('',(0.76630302153111,1.55,4.22704540713942));
#12159=CARTESIAN_POINT('',(0.65053044535722,1.54,3.92644320758385));
#12160=CARTESIAN_POINT('',(0.65053044535722,1.55,3.92644320758385));
#12161=CARTESIAN_POINT('',(0.65053044535722,1.54,3.92644320758385));
#12162=CARTESIAN_POINT('Origin',(0.529929983397381,1.55,3.92644320758385));
#12163=CARTESIAN_POINT('',(0.529929983397381,1.55,3.92644320758385));
#12164=CARTESIAN_POINT('',(2.16996499169869,1.55,3.92644320758385));
#12165=CARTESIAN_POINT('',(0.529929983397381,1.54,3.92644320758385));
#12166=CARTESIAN_POINT('',(0.529929983397381,1.55,3.92644320758385));
#12167=CARTESIAN_POINT('',(0.529929983397381,1.54,3.92644320758385));
#12168=CARTESIAN_POINT('Origin',(0.857351410170453,1.55,4.72644318970246));
#12169=CARTESIAN_POINT('',(0.857351410170453,1.55,4.72644318970246));
#12170=CARTESIAN_POINT('',(0.836669893501183,1.55,4.67591133194145));
#12171=CARTESIAN_POINT('',(0.857351410170453,1.54,4.72644318970246));
#12172=CARTESIAN_POINT('',(0.857351410170453,1.55,4.72644318970246));
#12173=CARTESIAN_POINT('',(0.857351410170453,1.54,4.72644318970246));
#12174=CARTESIAN_POINT('Origin',(0.971403705855267,1.55,4.72644318970246));
#12175=CARTESIAN_POINT('',(0.971403705855267,1.55,4.72644318970246));
#12176=CARTESIAN_POINT('',(2.39070185292763,1.55,4.72644318970246));
#12177=CARTESIAN_POINT('',(0.971403705855267,1.54,4.72644318970246));
#12178=CARTESIAN_POINT('',(0.971403705855267,1.55,4.72644318970246));
#12179=CARTESIAN_POINT('',(0.971403705855267,1.54,4.72644318970246));
#12180=CARTESIAN_POINT('Origin',(1.27863405921067,1.55,3.92644320758385));
#12181=CARTESIAN_POINT('',(1.27863405921067,1.55,3.92644320758385));
#12182=CARTESIAN_POINT('',(1.52940551812079,1.55,3.27345706720768));
#12183=CARTESIAN_POINT('',(1.27863405921067,1.54,3.92644320758385));
#12184=CARTESIAN_POINT('',(1.27863405921067,1.55,3.92644320758385));
#12185=CARTESIAN_POINT('',(1.27863405921067,1.54,3.92644320758385));
#12186=CARTESIAN_POINT('Origin',(1.16621910311784,1.55,3.92644320758385));
#12187=CARTESIAN_POINT('',(2.48810955155892,1.55,3.92644320758385));
#12188=CARTESIAN_POINT('',(1.16621910311784,1.54,3.92644320758385));
#12189=CARTESIAN_POINT('Origin',(4.35994378939773,1.54,3.7024323377232));
#12190=CARTESIAN_POINT('Ctrl Pts',(-0.404312622765644,1.55,4.35863961609406));
#12191=CARTESIAN_POINT('Ctrl Pts',(-0.404312622765644,1.54,4.35863961609406));
#12192=CARTESIAN_POINT('Ctrl Pts',(-0.337736618737323,1.55,4.35863961609406));
#12193=CARTESIAN_POINT('Ctrl Pts',(-0.337736618737323,1.54,4.35863961609406));
#12194=CARTESIAN_POINT('Ctrl Pts',(-0.291352284173114,1.55,4.31089063318772));
#12195=CARTESIAN_POINT('Ctrl Pts',(-0.291352284173114,1.54,4.31089063318772));
#12196=CARTESIAN_POINT('',(-0.404312622765644,1.55,4.35863961609406));
#12197=CARTESIAN_POINT('',(-0.291352284173114,1.55,4.31089063318772));
#12198=CARTESIAN_POINT('Ctrl Pts',(-0.404312622765644,1.55,4.35863961609406));
#12199=CARTESIAN_POINT('Ctrl Pts',(-0.337736618737323,1.55,4.35863961609406));
#12200=CARTESIAN_POINT('Ctrl Pts',(-0.291352284173114,1.55,4.31089063318772));
#12201=CARTESIAN_POINT('',(-0.404312622765644,1.54,4.35863961609406));
#12202=CARTESIAN_POINT('',(-0.404312622765644,1.55,4.35863961609406));
#12203=CARTESIAN_POINT('',(-0.291352284173114,1.54,4.31089063318772));
#12204=CARTESIAN_POINT('Ctrl Pts',(-0.404312622765644,1.54,4.35863961609406));
#12205=CARTESIAN_POINT('Ctrl Pts',(-0.337736618737323,1.54,4.35863961609406));
#12206=CARTESIAN_POINT('Ctrl Pts',(-0.291352284173114,1.54,4.31089063318772));
#12207=CARTESIAN_POINT('',(-0.291352284173114,1.55,4.31089063318772));
#12208=CARTESIAN_POINT('Ctrl Pts',(-0.515636217812641,1.55,4.31089063318772));
#12209=CARTESIAN_POINT('Ctrl Pts',(-0.515636217812641,1.54,4.31089063318772));
#12210=CARTESIAN_POINT('Ctrl Pts',(-0.471434009293659,1.55,4.35863961609406));
#12211=CARTESIAN_POINT('Ctrl Pts',(-0.471434009293659,1.54,4.35863961609406));
#12212=CARTESIAN_POINT('Ctrl Pts',(-0.404312622765644,1.55,4.35863961609406));
#12213=CARTESIAN_POINT('Ctrl Pts',(-0.404312622765644,1.54,4.35863961609406));
#12214=CARTESIAN_POINT('',(-0.515636217812641,1.55,4.31089063318772));
#12215=CARTESIAN_POINT('Ctrl Pts',(-0.515636217812641,1.55,4.31089063318772));
#12216=CARTESIAN_POINT('Ctrl Pts',(-0.471434009293659,1.55,4.35863961609406));
#12217=CARTESIAN_POINT('Ctrl Pts',(-0.404312622765644,1.55,4.35863961609406));
#12218=CARTESIAN_POINT('',(-0.515636217812641,1.54,4.31089063318772));
#12219=CARTESIAN_POINT('',(-0.515636217812641,1.55,4.31089063318772));
#12220=CARTESIAN_POINT('Ctrl Pts',(-0.515636217812641,1.54,4.31089063318772));
#12221=CARTESIAN_POINT('Ctrl Pts',(-0.471434009293659,1.54,4.35863961609406));
#12222=CARTESIAN_POINT('Ctrl Pts',(-0.404312622765644,1.54,4.35863961609406));
#12223=CARTESIAN_POINT('Ctrl Pts',(-0.559837830285175,1.55,4.18019493254227));
#12224=CARTESIAN_POINT('Ctrl Pts',(-0.559837830285175,1.54,4.18019493254227));
#12225=CARTESIAN_POINT('Ctrl Pts',(-0.559837830285175,1.55,4.26314165028137));
#12226=CARTESIAN_POINT('Ctrl Pts',(-0.559837830285175,1.54,4.26314165028137));
#12227=CARTESIAN_POINT('Ctrl Pts',(-0.515636217812641,1.55,4.31089063318772));
#12228=CARTESIAN_POINT('Ctrl Pts',(-0.515636217812641,1.54,4.31089063318772));
#12229=CARTESIAN_POINT('',(-0.559837830285175,1.55,4.18019493254227));
#12230=CARTESIAN_POINT('Ctrl Pts',(-0.559837830285175,1.55,4.18019493254227));
#12231=CARTESIAN_POINT('Ctrl Pts',(-0.559837830285175,1.55,4.26314165028137));
#12232=CARTESIAN_POINT('Ctrl Pts',(-0.515636217812641,1.55,4.31089063318772));
#12233=CARTESIAN_POINT('',(-0.559837830285175,1.54,4.18019493254227));
#12234=CARTESIAN_POINT('',(-0.559837830285175,1.55,4.18019493254227));
#12235=CARTESIAN_POINT('Ctrl Pts',(-0.559837830285175,1.54,4.18019493254227));
#12236=CARTESIAN_POINT('Ctrl Pts',(-0.559837830285175,1.54,4.26314165028137));
#12237=CARTESIAN_POINT('Ctrl Pts',(-0.515636217812641,1.54,4.31089063318772));
#12238=CARTESIAN_POINT('Ctrl Pts',(-0.515090239266498,1.55,4.04376928838295));
#12239=CARTESIAN_POINT('Ctrl Pts',(-0.515090239266498,1.54,4.04376928838295));
#12240=CARTESIAN_POINT('Ctrl Pts',(-0.559837830285175,1.55,4.09397383364243));
#12241=CARTESIAN_POINT('Ctrl Pts',(-0.559837830285175,1.54,4.09397383364243));
#12242=CARTESIAN_POINT('Ctrl Pts',(-0.559837830285175,1.55,4.18019493254227));
#12243=CARTESIAN_POINT('Ctrl Pts',(-0.559837830285175,1.54,4.18019493254227));
#12244=CARTESIAN_POINT('',(-0.515090239266498,1.55,4.04376928838295));
#12245=CARTESIAN_POINT('Ctrl Pts',(-0.515090239266498,1.55,4.04376928838295));
#12246=CARTESIAN_POINT('Ctrl Pts',(-0.559837830285175,1.55,4.09397383364243));
#12247=CARTESIAN_POINT('Ctrl Pts',(-0.559837830285175,1.55,4.18019493254227));
#12248=CARTESIAN_POINT('',(-0.515090239266498,1.54,4.04376928838295));
#12249=CARTESIAN_POINT('',(-0.515090239266498,1.55,4.04376928838295));
#12250=CARTESIAN_POINT('Ctrl Pts',(-0.515090239266498,1.54,4.04376928838295));
#12251=CARTESIAN_POINT('Ctrl Pts',(-0.559837830285175,1.54,4.09397383364243));
#12252=CARTESIAN_POINT('Ctrl Pts',(-0.559837830285175,1.54,4.18019493254227));
#12253=CARTESIAN_POINT('Ctrl Pts',(-0.408132684449298,1.55,3.99356459411186));
#12254=CARTESIAN_POINT('Ctrl Pts',(-0.408132684449298,1.54,3.99356459411186));
#12255=CARTESIAN_POINT('Ctrl Pts',(-0.470342648247821,1.55,3.99356459411186));
#12256=CARTESIAN_POINT('Ctrl Pts',(-0.470342648247821,1.54,3.99356459411186));
#12257=CARTESIAN_POINT('Ctrl Pts',(-0.515090239266498,1.55,4.04376928838295));
#12258=CARTESIAN_POINT('Ctrl Pts',(-0.515090239266498,1.54,4.04376928838295));
#12259=CARTESIAN_POINT('',(-0.408132684449298,1.55,3.99356459411186));
#12260=CARTESIAN_POINT('Ctrl Pts',(-0.408132684449298,1.55,3.99356459411186));
#12261=CARTESIAN_POINT('Ctrl Pts',(-0.470342648247821,1.55,3.99356459411186));
#12262=CARTESIAN_POINT('Ctrl Pts',(-0.515090239266498,1.55,4.04376928838295));
#12263=CARTESIAN_POINT('',(-0.408132684449298,1.54,3.99356459411186));
#12264=CARTESIAN_POINT('',(-0.408132684449298,1.55,3.99356459411186));
#12265=CARTESIAN_POINT('Ctrl Pts',(-0.408132684449298,1.54,3.99356459411186));
#12266=CARTESIAN_POINT('Ctrl Pts',(-0.470342648247821,1.54,3.99356459411186));
#12267=CARTESIAN_POINT('Ctrl Pts',(-0.515090239266498,1.54,4.04376928838295));
#12268=CARTESIAN_POINT('Ctrl Pts',(-0.326823008278949,1.55,4.01784842046303));
#12269=CARTESIAN_POINT('Ctrl Pts',(-0.326823008278949,1.54,4.01784842046303));
#12270=CARTESIAN_POINT('Ctrl Pts',(-0.365567815522296,1.55,3.99356459411186));
#12271=CARTESIAN_POINT('Ctrl Pts',(-0.365567815522296,1.54,3.99356459411186));
#12272=CARTESIAN_POINT('Ctrl Pts',(-0.408132684449298,1.55,3.99356459411186));
#12273=CARTESIAN_POINT('Ctrl Pts',(-0.408132684449298,1.54,3.99356459411186));
#12274=CARTESIAN_POINT('',(-0.326823008278949,1.55,4.01784842046303));
#12275=CARTESIAN_POINT('Ctrl Pts',(-0.326823008278949,1.55,4.01784842046303));
#12276=CARTESIAN_POINT('Ctrl Pts',(-0.365567815522296,1.55,3.99356459411186));
#12277=CARTESIAN_POINT('Ctrl Pts',(-0.408132684449298,1.55,3.99356459411186));
#12278=CARTESIAN_POINT('',(-0.326823008278949,1.54,4.01784842046303));
#12279=CARTESIAN_POINT('',(-0.326823008278949,1.55,4.01784842046303));
#12280=CARTESIAN_POINT('Ctrl Pts',(-0.326823008278949,1.54,4.01784842046303));
#12281=CARTESIAN_POINT('Ctrl Pts',(-0.365567815522296,1.54,3.99356459411186));
#12282=CARTESIAN_POINT('Ctrl Pts',(-0.408132684449298,1.54,3.99356459411186));
#12283=CARTESIAN_POINT('Ctrl Pts',(-0.26652277729903,1.55,4.08851687940163));
#12284=CARTESIAN_POINT('Ctrl Pts',(-0.26652277729903,1.54,4.08851687940163));
#12285=CARTESIAN_POINT('Ctrl Pts',(-0.288078201035602,1.55,4.0421322468142));
#12286=CARTESIAN_POINT('Ctrl Pts',(-0.288078201035602,1.54,4.0421322468142));
#12287=CARTESIAN_POINT('Ctrl Pts',(-0.326823008278949,1.55,4.01784842046303));
#12288=CARTESIAN_POINT('Ctrl Pts',(-0.326823008278949,1.54,4.01784842046303));
#12289=CARTESIAN_POINT('',(-0.26652277729903,1.55,4.08851687940163));
#12290=CARTESIAN_POINT('Ctrl Pts',(-0.26652277729903,1.55,4.08851687940163));
#12291=CARTESIAN_POINT('Ctrl Pts',(-0.288078201035602,1.55,4.0421322468142));
#12292=CARTESIAN_POINT('Ctrl Pts',(-0.326823008278949,1.55,4.01784842046303));
#12293=CARTESIAN_POINT('',(-0.26652277729903,1.54,4.08851687940163));
#12294=CARTESIAN_POINT('',(-0.26652277729903,1.55,4.08851687940163));
#12295=CARTESIAN_POINT('Ctrl Pts',(-0.26652277729903,1.54,4.08851687940163));
#12296=CARTESIAN_POINT('Ctrl Pts',(-0.288078201035602,1.54,4.0421322468142));
#12297=CARTESIAN_POINT('Ctrl Pts',(-0.326823008278949,1.54,4.01784842046303));
#12298=CARTESIAN_POINT('Ctrl Pts',(-0.244967353562457,1.55,4.18565188678307));
#12299=CARTESIAN_POINT('Ctrl Pts',(-0.244967353562457,1.54,4.18565188678307));
#12300=CARTESIAN_POINT('Ctrl Pts',(-0.244967353562457,1.55,4.13490151198906));
#12301=CARTESIAN_POINT('Ctrl Pts',(-0.244967353562457,1.54,4.13490151198906));
#12302=CARTESIAN_POINT('Ctrl Pts',(-0.26652277729903,1.55,4.08851687940163));
#12303=CARTESIAN_POINT('Ctrl Pts',(-0.26652277729903,1.54,4.08851687940163));
#12304=CARTESIAN_POINT('',(-0.244967353562457,1.55,4.18565188678307));
#12305=CARTESIAN_POINT('Ctrl Pts',(-0.244967353562457,1.55,4.18565188678307));
#12306=CARTESIAN_POINT('Ctrl Pts',(-0.244967353562457,1.55,4.13490151198906));
#12307=CARTESIAN_POINT('Ctrl Pts',(-0.26652277729903,1.55,4.08851687940163));
#12308=CARTESIAN_POINT('',(-0.244967353562457,1.54,4.18565188678307));
#12309=CARTESIAN_POINT('',(-0.244967353562457,1.55,4.18565188678307));
#12310=CARTESIAN_POINT('Ctrl Pts',(-0.244967353562457,1.54,4.18565188678307));
#12311=CARTESIAN_POINT('Ctrl Pts',(-0.244967353562457,1.54,4.13490151198906));
#12312=CARTESIAN_POINT('Ctrl Pts',(-0.26652277729903,1.54,4.08851687940163));
#12313=CARTESIAN_POINT('Ctrl Pts',(-0.291352284173114,1.55,4.31089063318772));
#12314=CARTESIAN_POINT('Ctrl Pts',(-0.291352284173114,1.54,4.31089063318772));
#12315=CARTESIAN_POINT('Ctrl Pts',(-0.244967353562457,1.55,4.26314165028137));
#12316=CARTESIAN_POINT('Ctrl Pts',(-0.244967353562457,1.54,4.26314165028137));
#12317=CARTESIAN_POINT('Ctrl Pts',(-0.244967353562457,1.55,4.18565188678307));
#12318=CARTESIAN_POINT('Ctrl Pts',(-0.244967353562457,1.54,4.18565188678307));
#12319=CARTESIAN_POINT('Ctrl Pts',(-0.291352284173114,1.55,4.31089063318772));
#12320=CARTESIAN_POINT('Ctrl Pts',(-0.244967353562457,1.55,4.26314165028137));
#12321=CARTESIAN_POINT('Ctrl Pts',(-0.244967353562457,1.55,4.18565188678307));
#12322=CARTESIAN_POINT('Ctrl Pts',(-0.291352284173114,1.54,4.31089063318772));
#12323=CARTESIAN_POINT('Ctrl Pts',(-0.244967353562457,1.54,4.26314165028137));
#12324=CARTESIAN_POINT('Ctrl Pts',(-0.244967353562457,1.54,4.18565188678307));
#12325=CARTESIAN_POINT('Ctrl Pts',(-0.419046294907672,1.55,4.72971742185158));
#12326=CARTESIAN_POINT('Ctrl Pts',(-0.419046294907672,1.54,4.72971742185158));
#12327=CARTESIAN_POINT('Ctrl Pts',(-0.513452899674518,1.55,4.72971742185158));
#12328=CARTESIAN_POINT('Ctrl Pts',(-0.513452899674518,1.54,4.72971742185158));
#12329=CARTESIAN_POINT('Ctrl Pts',(-0.573753130654437,1.55,4.6767843249659));
#12330=CARTESIAN_POINT('Ctrl Pts',(-0.573753130654437,1.54,4.6767843249659));
#12331=CARTESIAN_POINT('',(-0.419046294907672,1.55,4.72971742185158));
#12332=CARTESIAN_POINT('',(-0.573753130654437,1.55,4.6767843249659));
#12333=CARTESIAN_POINT('Ctrl Pts',(-0.419046294907672,1.55,4.72971742185158));
#12334=CARTESIAN_POINT('Ctrl Pts',(-0.513452899674518,1.55,4.72971742185158));
#12335=CARTESIAN_POINT('Ctrl Pts',(-0.573753130654437,1.55,4.6767843249659));
#12336=CARTESIAN_POINT('',(-0.419046294907672,1.54,4.72971742185158));
#12337=CARTESIAN_POINT('',(-0.419046294907672,1.55,4.72971742185158));
#12338=CARTESIAN_POINT('',(-0.573753130654437,1.54,4.6767843249659));
#12339=CARTESIAN_POINT('Ctrl Pts',(-0.419046294907672,1.54,4.72971742185158));
#12340=CARTESIAN_POINT('Ctrl Pts',(-0.513452899674518,1.54,4.72971742185158));
#12341=CARTESIAN_POINT('Ctrl Pts',(-0.573753130654437,1.54,4.6767843249659));
#12342=CARTESIAN_POINT('',(-0.573753130654437,1.55,4.6767843249659));
#12343=CARTESIAN_POINT('Ctrl Pts',(-0.217682135323627,1.55,4.63803936871094));
#12344=CARTESIAN_POINT('Ctrl Pts',(-0.217682135323627,1.54,4.63803936871094));
#12345=CARTESIAN_POINT('Ctrl Pts',(-0.292443645218952,1.55,4.72971742185158));
#12346=CARTESIAN_POINT('Ctrl Pts',(-0.292443645218952,1.54,4.72971742185158));
#12347=CARTESIAN_POINT('Ctrl Pts',(-0.419046294907672,1.55,4.72971742185158));
#12348=CARTESIAN_POINT('Ctrl Pts',(-0.419046294907672,1.54,4.72971742185158));
#12349=CARTESIAN_POINT('',(-0.217682135323627,1.55,4.63803936871094));
#12350=CARTESIAN_POINT('Ctrl Pts',(-0.217682135323627,1.55,4.63803936871094));
#12351=CARTESIAN_POINT('Ctrl Pts',(-0.292443645218952,1.55,4.72971742185158));
#12352=CARTESIAN_POINT('Ctrl Pts',(-0.419046294907672,1.55,4.72971742185158));
#12353=CARTESIAN_POINT('',(-0.217682135323627,1.54,4.63803936871094));
#12354=CARTESIAN_POINT('',(-0.217682135323627,1.55,4.63803936871094));
#12355=CARTESIAN_POINT('Ctrl Pts',(-0.217682135323627,1.54,4.63803936871094));
#12356=CARTESIAN_POINT('Ctrl Pts',(-0.292443645218952,1.54,4.72971742185158));
#12357=CARTESIAN_POINT('Ctrl Pts',(-0.419046294907672,1.54,4.72971742185158));
#12358=CARTESIAN_POINT('Ctrl Pts',(-0.132007014969928,1.55,4.3007952454905));
#12359=CARTESIAN_POINT('Ctrl Pts',(-0.132007014969928,1.54,4.3007952454905));
#12360=CARTESIAN_POINT('Ctrl Pts',(-0.132007014969928,1.55,4.53271870645088));
#12361=CARTESIAN_POINT('Ctrl Pts',(-0.132007014969928,1.54,4.53271870645088));
#12362=CARTESIAN_POINT('Ctrl Pts',(-0.217682135323627,1.55,4.63803936871094));
#12363=CARTESIAN_POINT('Ctrl Pts',(-0.217682135323627,1.54,4.63803936871094));
#12364=CARTESIAN_POINT('',(-0.132007014969928,1.55,4.3007952454905));
#12365=CARTESIAN_POINT('Ctrl Pts',(-0.132007014969928,1.55,4.3007952454905));
#12366=CARTESIAN_POINT('Ctrl Pts',(-0.132007014969928,1.55,4.53271870645088));
#12367=CARTESIAN_POINT('Ctrl Pts',(-0.217682135323627,1.55,4.63803936871094));
#12368=CARTESIAN_POINT('',(-0.132007014969928,1.54,4.3007952454905));
#12369=CARTESIAN_POINT('',(-0.132007014969928,1.55,4.3007952454905));
#12370=CARTESIAN_POINT('Ctrl Pts',(-0.132007014969928,1.54,4.3007952454905));
#12371=CARTESIAN_POINT('Ctrl Pts',(-0.132007014969928,1.54,4.53271870645088));
#12372=CARTESIAN_POINT('Ctrl Pts',(-0.217682135323627,1.54,4.63803936871094));
#12373=CARTESIAN_POINT('Ctrl Pts',(-0.209496629456623,1.55,4.00311445029778));
#12374=CARTESIAN_POINT('Ctrl Pts',(-0.209496629456623,1.54,4.00311445029778));
#12375=CARTESIAN_POINT('Ctrl Pts',(-0.132007014969928,1.55,4.09342815311951));
#12376=CARTESIAN_POINT('Ctrl Pts',(-0.132007014969928,1.54,4.09342815311951));
#12377=CARTESIAN_POINT('Ctrl Pts',(-0.132007014969928,1.55,4.3007952454905));
#12378=CARTESIAN_POINT('Ctrl Pts',(-0.132007014969928,1.54,4.3007952454905));
#12379=CARTESIAN_POINT('',(-0.209496629456623,1.55,4.00311445029778));
#12380=CARTESIAN_POINT('Ctrl Pts',(-0.209496629456623,1.55,4.00311445029778));
#12381=CARTESIAN_POINT('Ctrl Pts',(-0.132007014969928,1.55,4.09342815311951));
#12382=CARTESIAN_POINT('Ctrl Pts',(-0.132007014969928,1.55,4.3007952454905));
#12383=CARTESIAN_POINT('',(-0.209496629456623,1.54,4.00311445029778));
#12384=CARTESIAN_POINT('',(-0.209496629456623,1.55,4.00311445029778));
#12385=CARTESIAN_POINT('Ctrl Pts',(-0.209496629456623,1.54,4.00311445029778));
#12386=CARTESIAN_POINT('Ctrl Pts',(-0.132007014969928,1.54,4.09342815311951));
#12387=CARTESIAN_POINT('Ctrl Pts',(-0.132007014969928,1.54,4.3007952454905));
#12388=CARTESIAN_POINT('Ctrl Pts',(-0.409769427994831,1.55,3.91280059846443));
#12389=CARTESIAN_POINT('Ctrl Pts',(-0.409769427994831,1.54,3.91280059846443));
#12390=CARTESIAN_POINT('Ctrl Pts',(-0.286986839989765,1.55,3.91280059846443));
#12391=CARTESIAN_POINT('Ctrl Pts',(-0.286986839989765,1.54,3.91280059846443));
#12392=CARTESIAN_POINT('Ctrl Pts',(-0.209496629456623,1.55,4.00311445029778));
#12393=CARTESIAN_POINT('Ctrl Pts',(-0.209496629456623,1.54,4.00311445029778));
#12394=CARTESIAN_POINT('',(-0.409769427994831,1.55,3.91280059846443));
#12395=CARTESIAN_POINT('Ctrl Pts',(-0.409769427994831,1.55,3.91280059846443));
#12396=CARTESIAN_POINT('Ctrl Pts',(-0.286986839989765,1.55,3.91280059846443));
#12397=CARTESIAN_POINT('Ctrl Pts',(-0.209496629456623,1.55,4.00311445029778));
#12398=CARTESIAN_POINT('',(-0.409769427994831,1.54,3.91280059846443));
#12399=CARTESIAN_POINT('',(-0.409769427994831,1.55,3.91280059846443));
#12400=CARTESIAN_POINT('Ctrl Pts',(-0.409769427994831,1.54,3.91280059846443));
#12401=CARTESIAN_POINT('Ctrl Pts',(-0.286986839989765,1.54,3.91280059846443));
#12402=CARTESIAN_POINT('Ctrl Pts',(-0.209496629456623,1.54,4.00311445029778));
#12403=CARTESIAN_POINT('Ctrl Pts',(-0.538555395821674,1.55,3.94717996152443));
#12404=CARTESIAN_POINT('Ctrl Pts',(-0.538555395821674,1.54,3.94717996152443));
#12405=CARTESIAN_POINT('Ctrl Pts',(-0.481802237252338,1.55,3.91280059846443));
#12406=CARTESIAN_POINT('Ctrl Pts',(-0.481802237252338,1.54,3.91280059846443));
#12407=CARTESIAN_POINT('Ctrl Pts',(-0.409769427994831,1.55,3.91280059846443));
#12408=CARTESIAN_POINT('Ctrl Pts',(-0.409769427994831,1.54,3.91280059846443));
#12409=CARTESIAN_POINT('',(-0.538555395821674,1.55,3.94717996152443));
#12410=CARTESIAN_POINT('Ctrl Pts',(-0.538555395821674,1.55,3.94717996152443));
#12411=CARTESIAN_POINT('Ctrl Pts',(-0.481802237252338,1.55,3.91280059846443));
#12412=CARTESIAN_POINT('Ctrl Pts',(-0.409769427994831,1.55,3.91280059846443));
#12413=CARTESIAN_POINT('',(-0.538555395821674,1.54,3.94717996152443));
#12414=CARTESIAN_POINT('',(-0.538555395821674,1.55,3.94717996152443));
#12415=CARTESIAN_POINT('Ctrl Pts',(-0.538555395821674,1.54,3.94717996152443));
#12416=CARTESIAN_POINT('Ctrl Pts',(-0.481802237252338,1.54,3.91280059846443));
#12417=CARTESIAN_POINT('Ctrl Pts',(-0.409769427994831,1.54,3.91280059846443));
#12418=CARTESIAN_POINT('Ctrl Pts',(-0.627777588585956,1.55,4.0462249997477));
#12419=CARTESIAN_POINT('Ctrl Pts',(-0.627777588585956,1.54,4.0462249997477));
#12420=CARTESIAN_POINT('Ctrl Pts',(-0.59530855439101,1.55,3.98155902656121));
#12421=CARTESIAN_POINT('Ctrl Pts',(-0.59530855439101,1.54,3.98155902656121));
#12422=CARTESIAN_POINT('Ctrl Pts',(-0.538555395821674,1.55,3.94717996152443));
#12423=CARTESIAN_POINT('Ctrl Pts',(-0.538555395821674,1.54,3.94717996152443));
#12424=CARTESIAN_POINT('',(-0.627777588585956,1.55,4.0462249997477));
#12425=CARTESIAN_POINT('Ctrl Pts',(-0.627777588585956,1.55,4.0462249997477));
#12426=CARTESIAN_POINT('Ctrl Pts',(-0.59530855439101,1.55,3.98155902656121));
#12427=CARTESIAN_POINT('Ctrl Pts',(-0.538555395821674,1.55,3.94717996152443));
#12428=CARTESIAN_POINT('',(-0.627777588585956,1.54,4.0462249997477));
#12429=CARTESIAN_POINT('',(-0.627777588585956,1.55,4.0462249997477));
#12430=CARTESIAN_POINT('Ctrl Pts',(-0.627777588585956,1.54,4.0462249997477));
#12431=CARTESIAN_POINT('Ctrl Pts',(-0.59530855439101,1.54,3.98155902656121));
#12432=CARTESIAN_POINT('Ctrl Pts',(-0.538555395821674,1.54,3.94717996152443));
#12433=CARTESIAN_POINT('Ctrl Pts',(-0.660246622780902,1.55,4.18619756730599));
#12434=CARTESIAN_POINT('Ctrl Pts',(-0.660246622780902,1.54,4.18619756730599));
#12435=CARTESIAN_POINT('Ctrl Pts',(-0.660246622780902,1.55,4.11089067491097));
#12436=CARTESIAN_POINT('Ctrl Pts',(-0.660246622780902,1.54,4.11089067491097));
#12437=CARTESIAN_POINT('Ctrl Pts',(-0.627777588585956,1.55,4.0462249997477));
#12438=CARTESIAN_POINT('Ctrl Pts',(-0.627777588585956,1.54,4.0462249997477));
#12439=CARTESIAN_POINT('',(-0.660246622780902,1.55,4.18619756730599));
#12440=CARTESIAN_POINT('Ctrl Pts',(-0.660246622780902,1.55,4.18619756730599));
#12441=CARTESIAN_POINT('Ctrl Pts',(-0.660246622780902,1.55,4.11089067491097));
#12442=CARTESIAN_POINT('Ctrl Pts',(-0.627777588585956,1.55,4.0462249997477));
#12443=CARTESIAN_POINT('',(-0.660246622780902,1.54,4.18619756730599));
#12444=CARTESIAN_POINT('',(-0.660246622780902,1.55,4.18619756730599));
#12445=CARTESIAN_POINT('Ctrl Pts',(-0.660246622780902,1.54,4.18619756730599));
#12446=CARTESIAN_POINT('Ctrl Pts',(-0.660246622780902,1.54,4.11089067491097));
#12447=CARTESIAN_POINT('Ctrl Pts',(-0.627777588585956,1.54,4.0462249997477));
#12448=CARTESIAN_POINT('Ctrl Pts',(-0.591216099480731,1.55,4.37310074599785));
#12449=CARTESIAN_POINT('Ctrl Pts',(-0.591216099480731,1.54,4.37310074599785));
#12450=CARTESIAN_POINT('Ctrl Pts',(-0.660246622780902,1.55,4.3007952454905));
#12451=CARTESIAN_POINT('Ctrl Pts',(-0.660246622780902,1.54,4.3007952454905));
#12452=CARTESIAN_POINT('Ctrl Pts',(-0.660246622780902,1.55,4.18619756730599));
#12453=CARTESIAN_POINT('Ctrl Pts',(-0.660246622780902,1.54,4.18619756730599));
#12454=CARTESIAN_POINT('',(-0.591216099480731,1.55,4.37310074599785));
#12455=CARTESIAN_POINT('Ctrl Pts',(-0.591216099480731,1.55,4.37310074599785));
#12456=CARTESIAN_POINT('Ctrl Pts',(-0.660246622780902,1.55,4.3007952454905));
#12457=CARTESIAN_POINT('Ctrl Pts',(-0.660246622780902,1.55,4.18619756730599));
#12458=CARTESIAN_POINT('',(-0.591216099480731,1.54,4.37310074599785));
#12459=CARTESIAN_POINT('',(-0.591216099480731,1.55,4.37310074599785));
#12460=CARTESIAN_POINT('Ctrl Pts',(-0.591216099480731,1.54,4.37310074599785));
#12461=CARTESIAN_POINT('Ctrl Pts',(-0.660246622780902,1.54,4.3007952454905));
#12462=CARTESIAN_POINT('Ctrl Pts',(-0.660246622780902,1.54,4.18619756730599));
#12463=CARTESIAN_POINT('Ctrl Pts',(-0.423957717637164,1.55,4.44540639551682));
#12464=CARTESIAN_POINT('Ctrl Pts',(-0.423957717637164,1.54,4.44540639551682));
#12465=CARTESIAN_POINT('Ctrl Pts',(-0.522184384087665,1.55,4.44540639551682));
#12466=CARTESIAN_POINT('Ctrl Pts',(-0.522184384087665,1.54,4.44540639551682));
#12467=CARTESIAN_POINT('Ctrl Pts',(-0.591216099480731,1.55,4.37310074599785));
#12468=CARTESIAN_POINT('Ctrl Pts',(-0.591216099480731,1.54,4.37310074599785));
#12469=CARTESIAN_POINT('',(-0.423957717637164,1.55,4.44540639551682));
#12470=CARTESIAN_POINT('Ctrl Pts',(-0.423957717637164,1.55,4.44540639551682));
#12471=CARTESIAN_POINT('Ctrl Pts',(-0.522184384087665,1.55,4.44540639551682));
#12472=CARTESIAN_POINT('Ctrl Pts',(-0.591216099480731,1.55,4.37310074599785));
#12473=CARTESIAN_POINT('',(-0.423957717637164,1.54,4.44540639551682));
#12474=CARTESIAN_POINT('',(-0.423957717637164,1.55,4.44540639551682));
#12475=CARTESIAN_POINT('Ctrl Pts',(-0.423957717637164,1.54,4.44540639551682));
#12476=CARTESIAN_POINT('Ctrl Pts',(-0.522184384087665,1.54,4.44540639551682));
#12477=CARTESIAN_POINT('Ctrl Pts',(-0.591216099480731,1.54,4.37310074599785));
#12478=CARTESIAN_POINT('Ctrl Pts',(-0.316454184273822,1.55,4.41921268733544));
#12479=CARTESIAN_POINT('Ctrl Pts',(-0.316454184273822,1.54,4.41921268733544));
#12480=CARTESIAN_POINT('Ctrl Pts',(-0.367750537613971,1.55,4.44540639551682));
#12481=CARTESIAN_POINT('Ctrl Pts',(-0.367750537613971,1.54,4.44540639551682));
#12482=CARTESIAN_POINT('Ctrl Pts',(-0.423957717637164,1.55,4.44540639551682));
#12483=CARTESIAN_POINT('Ctrl Pts',(-0.423957717637164,1.54,4.44540639551682));
#12484=CARTESIAN_POINT('',(-0.316454184273822,1.55,4.41921268733544));
#12485=CARTESIAN_POINT('Ctrl Pts',(-0.316454184273822,1.55,4.41921268733544));
#12486=CARTESIAN_POINT('Ctrl Pts',(-0.367750537613971,1.55,4.44540639551682));
#12487=CARTESIAN_POINT('Ctrl Pts',(-0.423957717637164,1.55,4.44540639551682));
#12488=CARTESIAN_POINT('',(-0.316454184273822,1.54,4.41921268733544));
#12489=CARTESIAN_POINT('',(-0.316454184273822,1.55,4.41921268733544));
#12490=CARTESIAN_POINT('Ctrl Pts',(-0.316454184273822,1.54,4.41921268733544));
#12491=CARTESIAN_POINT('Ctrl Pts',(-0.367750537613971,1.54,4.44540639551682));
#12492=CARTESIAN_POINT('Ctrl Pts',(-0.423957717637164,1.54,4.44540639551682));
#12493=CARTESIAN_POINT('Ctrl Pts',(-0.229687702874286,1.55,4.33899437221092));
#12494=CARTESIAN_POINT('Ctrl Pts',(-0.229687702874286,1.54,4.33899437221092));
#12495=CARTESIAN_POINT('Ctrl Pts',(-0.265158426980121,1.55,4.39301883014244));
#12496=CARTESIAN_POINT('Ctrl Pts',(-0.265158426980121,1.54,4.39301883014244));
#12497=CARTESIAN_POINT('Ctrl Pts',(-0.316454184273822,1.55,4.41921268733544));
#12498=CARTESIAN_POINT('Ctrl Pts',(-0.316454184273822,1.54,4.41921268733544));
#12499=CARTESIAN_POINT('',(-0.229687702874286,1.55,4.33899437221092));
#12500=CARTESIAN_POINT('Ctrl Pts',(-0.229687702874286,1.55,4.33899437221092));
#12501=CARTESIAN_POINT('Ctrl Pts',(-0.265158426980121,1.55,4.39301883014244));
#12502=CARTESIAN_POINT('Ctrl Pts',(-0.316454184273822,1.55,4.41921268733544));
#12503=CARTESIAN_POINT('',(-0.229687702874286,1.54,4.33899437221092));
#12504=CARTESIAN_POINT('',(-0.229687702874286,1.55,4.33899437221092));
#12505=CARTESIAN_POINT('Ctrl Pts',(-0.229687702874286,1.54,4.33899437221092));
#12506=CARTESIAN_POINT('Ctrl Pts',(-0.265158426980121,1.54,4.39301883014244));
#12507=CARTESIAN_POINT('Ctrl Pts',(-0.316454184273822,1.54,4.41921268733544));
#12508=CARTESIAN_POINT('Ctrl Pts',(-0.257518303612811,1.55,4.52398752006096));
#12509=CARTESIAN_POINT('Ctrl Pts',(-0.257518303612811,1.54,4.52398752006096));
#12510=CARTESIAN_POINT('Ctrl Pts',(-0.230779063920123,1.55,4.45904885562462));
#12511=CARTESIAN_POINT('Ctrl Pts',(-0.230779063920123,1.54,4.45904885562462));
#12512=CARTESIAN_POINT('Ctrl Pts',(-0.229687702874286,1.55,4.33899437221092));
#12513=CARTESIAN_POINT('Ctrl Pts',(-0.229687702874286,1.54,4.33899437221092));
#12514=CARTESIAN_POINT('',(-0.257518303612811,1.55,4.52398752006096));
#12515=CARTESIAN_POINT('Ctrl Pts',(-0.257518303612811,1.55,4.52398752006096));
#12516=CARTESIAN_POINT('Ctrl Pts',(-0.230779063920123,1.55,4.45904885562462));
#12517=CARTESIAN_POINT('Ctrl Pts',(-0.229687702874286,1.55,4.33899437221092));
#12518=CARTESIAN_POINT('',(-0.257518303612811,1.54,4.52398752006096));
#12519=CARTESIAN_POINT('',(-0.257518303612811,1.55,4.52398752006096));
#12520=CARTESIAN_POINT('Ctrl Pts',(-0.257518303612811,1.54,4.52398752006096));
#12521=CARTESIAN_POINT('Ctrl Pts',(-0.230779063920123,1.54,4.45904885562462));
#12522=CARTESIAN_POINT('Ctrl Pts',(-0.229687702874286,1.54,4.33899437221092));
#12523=CARTESIAN_POINT('Ctrl Pts',(-0.330642473916156,1.55,4.62275971802277));
#12524=CARTESIAN_POINT('Ctrl Pts',(-0.330642473916156,1.54,4.62275971802277));
#12525=CARTESIAN_POINT('Ctrl Pts',(-0.284258139351947,1.55,4.5889261844973));
#12526=CARTESIAN_POINT('Ctrl Pts',(-0.284258139351947,1.54,4.5889261844973));
#12527=CARTESIAN_POINT('Ctrl Pts',(-0.257518303612811,1.55,4.52398752006096));
#12528=CARTESIAN_POINT('Ctrl Pts',(-0.257518303612811,1.54,4.52398752006096));
#12529=CARTESIAN_POINT('',(-0.330642473916156,1.55,4.62275971802277));
#12530=CARTESIAN_POINT('Ctrl Pts',(-0.330642473916156,1.55,4.62275971802277));
#12531=CARTESIAN_POINT('Ctrl Pts',(-0.284258139351947,1.55,4.5889261844973));
#12532=CARTESIAN_POINT('Ctrl Pts',(-0.257518303612811,1.55,4.52398752006096));
#12533=CARTESIAN_POINT('',(-0.330642473916156,1.54,4.62275971802277));
#12534=CARTESIAN_POINT('',(-0.330642473916156,1.55,4.62275971802277));
#12535=CARTESIAN_POINT('Ctrl Pts',(-0.330642473916156,1.54,4.62275971802277));
#12536=CARTESIAN_POINT('Ctrl Pts',(-0.284258139351947,1.54,4.5889261844973));
#12537=CARTESIAN_POINT('Ctrl Pts',(-0.257518303612811,1.54,4.52398752006096));
#12538=CARTESIAN_POINT('Ctrl Pts',(-0.41304410717879,1.55,4.64895342620415));
#12539=CARTESIAN_POINT('Ctrl Pts',(-0.41304410717879,1.54,4.64895342620415));
#12540=CARTESIAN_POINT('Ctrl Pts',(-0.366113198021991,1.55,4.64895342620415));
#12541=CARTESIAN_POINT('Ctrl Pts',(-0.366113198021991,1.54,4.64895342620415));
#12542=CARTESIAN_POINT('Ctrl Pts',(-0.330642473916156,1.55,4.62275971802277));
#12543=CARTESIAN_POINT('Ctrl Pts',(-0.330642473916156,1.54,4.62275971802277));
#12544=CARTESIAN_POINT('',(-0.41304410717879,1.55,4.64895342620415));
#12545=CARTESIAN_POINT('Ctrl Pts',(-0.41304410717879,1.55,4.64895342620415));
#12546=CARTESIAN_POINT('Ctrl Pts',(-0.366113198021991,1.55,4.64895342620415));
#12547=CARTESIAN_POINT('Ctrl Pts',(-0.330642473916156,1.55,4.62275971802277));
#12548=CARTESIAN_POINT('',(-0.41304410717879,1.54,4.64895342620415));
#12549=CARTESIAN_POINT('',(-0.41304410717879,1.55,4.64895342620415));
#12550=CARTESIAN_POINT('Ctrl Pts',(-0.41304410717879,1.54,4.64895342620415));
#12551=CARTESIAN_POINT('Ctrl Pts',(-0.366113198021991,1.54,4.64895342620415));
#12552=CARTESIAN_POINT('Ctrl Pts',(-0.330642473916156,1.54,4.62275971802277));
#12553=CARTESIAN_POINT('Ctrl Pts',(-0.511270177582843,1.55,4.60693423780007));
#12554=CARTESIAN_POINT('Ctrl Pts',(-0.511270177582843,1.54,4.60693423780007));
#12555=CARTESIAN_POINT('Ctrl Pts',(-0.471434009293659,1.55,4.64895342620415));
#12556=CARTESIAN_POINT('Ctrl Pts',(-0.471434009293659,1.54,4.64895342620415));
#12557=CARTESIAN_POINT('Ctrl Pts',(-0.41304410717879,1.55,4.64895342620415));
#12558=CARTESIAN_POINT('Ctrl Pts',(-0.41304410717879,1.54,4.64895342620415));
#12559=CARTESIAN_POINT('',(-0.511270177582843,1.55,4.60693423780007));
#12560=CARTESIAN_POINT('Ctrl Pts',(-0.511270177582843,1.55,4.60693423780007));
#12561=CARTESIAN_POINT('Ctrl Pts',(-0.471434009293659,1.55,4.64895342620415));
#12562=CARTESIAN_POINT('Ctrl Pts',(-0.41304410717879,1.55,4.64895342620415));
#12563=CARTESIAN_POINT('',(-0.511270177582843,1.54,4.60693423780007));
#12564=CARTESIAN_POINT('',(-0.511270177582843,1.55,4.60693423780007));
#12565=CARTESIAN_POINT('Ctrl Pts',(-0.511270177582843,1.54,4.60693423780007));
#12566=CARTESIAN_POINT('Ctrl Pts',(-0.471434009293659,1.54,4.64895342620415));
#12567=CARTESIAN_POINT('Ctrl Pts',(-0.41304410717879,1.54,4.64895342620415));
#12568=CARTESIAN_POINT('Ctrl Pts',(-0.548378241280658,1.55,4.52289615901512));
#12569=CARTESIAN_POINT('Ctrl Pts',(-0.548378241280658,1.54,4.52289615901512));
#12570=CARTESIAN_POINT('Ctrl Pts',(-0.535281312684162,1.55,4.5807406786303));
#12571=CARTESIAN_POINT('Ctrl Pts',(-0.535281312684162,1.54,4.5807406786303));
#12572=CARTESIAN_POINT('Ctrl Pts',(-0.511270177582843,1.55,4.60693423780007));
#12573=CARTESIAN_POINT('Ctrl Pts',(-0.511270177582843,1.54,4.60693423780007));
#12574=CARTESIAN_POINT('',(-0.548378241280658,1.55,4.52289615901512));
#12575=CARTESIAN_POINT('Ctrl Pts',(-0.548378241280658,1.55,4.52289615901512));
#12576=CARTESIAN_POINT('Ctrl Pts',(-0.535281312684162,1.55,4.5807406786303));
#12577=CARTESIAN_POINT('Ctrl Pts',(-0.511270177582843,1.55,4.60693423780007));
#12578=CARTESIAN_POINT('',(-0.548378241280658,1.54,4.52289615901512));
#12579=CARTESIAN_POINT('',(-0.548378241280658,1.55,4.52289615901512));
#12580=CARTESIAN_POINT('Ctrl Pts',(-0.548378241280658,1.54,4.52289615901512));
#12581=CARTESIAN_POINT('Ctrl Pts',(-0.535281312684162,1.54,4.5807406786303));
#12582=CARTESIAN_POINT('Ctrl Pts',(-0.511270177582843,1.54,4.60693423780007));
#12583=CARTESIAN_POINT('Origin',(-0.646058333138568,1.55,4.53053598435921));
#12584=CARTESIAN_POINT('',(-0.646058333138568,1.55,4.53053598435921));
#12585=CARTESIAN_POINT('',(1.61236667566685,1.55,4.35389842913366));
#12586=CARTESIAN_POINT('',(-0.646058333138568,1.54,4.53053598435921));
#12587=CARTESIAN_POINT('',(-0.646058333138568,1.55,4.53053598435921));
#12588=CARTESIAN_POINT('',(-0.646058333138568,1.54,4.53053598435921));
#12589=CARTESIAN_POINT('Ctrl Pts',(-0.573753130654437,1.55,4.6767843249659));
#12590=CARTESIAN_POINT('Ctrl Pts',(-0.573753130654437,1.54,4.6767843249659));
#12591=CARTESIAN_POINT('Ctrl Pts',(-0.634053957680805,1.55,4.62385122808022));
#12592=CARTESIAN_POINT('Ctrl Pts',(-0.634053957680805,1.54,4.62385122808022));
#12593=CARTESIAN_POINT('Ctrl Pts',(-0.646058333138568,1.55,4.53053598435921));
#12594=CARTESIAN_POINT('Ctrl Pts',(-0.646058333138568,1.54,4.53053598435921));
#12595=CARTESIAN_POINT('Ctrl Pts',(-0.573753130654437,1.55,4.6767843249659));
#12596=CARTESIAN_POINT('Ctrl Pts',(-0.634053957680805,1.55,4.62385122808022));
#12597=CARTESIAN_POINT('Ctrl Pts',(-0.646058333138568,1.55,4.53053598435921));
#12598=CARTESIAN_POINT('Ctrl Pts',(-0.573753130654437,1.54,4.6767843249659));
#12599=CARTESIAN_POINT('Ctrl Pts',(-0.634053957680805,1.54,4.62385122808022));
#12600=CARTESIAN_POINT('Ctrl Pts',(-0.646058333138568,1.54,4.53053598435921));
#12601=CARTESIAN_POINT('Origin',(4.35994378939773,1.54,3.7024323377232));
#12602=CARTESIAN_POINT('Ctrl Pts',(8.48518199004735,1.55,3.39984034331841));
#12603=CARTESIAN_POINT('Ctrl Pts',(8.48518199004735,1.54,3.39984034331841));
#12604=CARTESIAN_POINT('Ctrl Pts',(8.55284913160409,1.55,3.39984034331841));
#12605=CARTESIAN_POINT('Ctrl Pts',(8.55284913160409,1.54,3.39984034331841));
#12606=CARTESIAN_POINT('Ctrl Pts',(8.59323112942781,1.55,3.34254150422615));
#12607=CARTESIAN_POINT('Ctrl Pts',(8.59323112942781,1.54,3.34254150422615));
#12608=CARTESIAN_POINT('',(8.48518199004735,1.55,3.39984034331841));
#12609=CARTESIAN_POINT('',(8.59323112942781,1.55,3.34254150422615));
#12610=CARTESIAN_POINT('Ctrl Pts',(8.48518199004735,1.55,3.39984034331841));
#12611=CARTESIAN_POINT('Ctrl Pts',(8.55284913160409,1.55,3.39984034331841));
#12612=CARTESIAN_POINT('Ctrl Pts',(8.59323112942781,1.55,3.34254150422615));
#12613=CARTESIAN_POINT('',(8.48518199004735,1.54,3.39984034331841));
#12614=CARTESIAN_POINT('',(8.48518199004735,1.55,3.39984034331841));
#12615=CARTESIAN_POINT('',(8.59323112942781,1.54,3.34254150422615));
#12616=CARTESIAN_POINT('Ctrl Pts',(8.48518199004735,1.54,3.39984034331841));
#12617=CARTESIAN_POINT('Ctrl Pts',(8.55284913160409,1.54,3.39984034331841));
#12618=CARTESIAN_POINT('Ctrl Pts',(8.59323112942781,1.54,3.34254150422615));
#12619=CARTESIAN_POINT('',(8.59323112942781,1.55,3.34254150422615));
#12620=CARTESIAN_POINT('Ctrl Pts',(8.37031162061299,1.55,3.33490167888207));
#12621=CARTESIAN_POINT('Ctrl Pts',(8.37031162061299,1.54,3.33490167888207));
#12622=CARTESIAN_POINT('Ctrl Pts',(8.41642348744477,1.55,3.39984034331841));
#12623=CARTESIAN_POINT('Ctrl Pts',(8.41642348744477,1.54,3.39984034331841));
#12624=CARTESIAN_POINT('Ctrl Pts',(8.48518199004735,1.55,3.39984034331841));
#12625=CARTESIAN_POINT('Ctrl Pts',(8.48518199004735,1.54,3.39984034331841));
#12626=CARTESIAN_POINT('',(8.37031162061299,1.55,3.33490167888207));
#12627=CARTESIAN_POINT('Ctrl Pts',(8.37031162061299,1.55,3.33490167888207));
#12628=CARTESIAN_POINT('Ctrl Pts',(8.41642348744477,1.55,3.39984034331841));
#12629=CARTESIAN_POINT('Ctrl Pts',(8.48518199004735,1.55,3.39984034331841));
#12630=CARTESIAN_POINT('',(8.37031162061299,1.54,3.33490167888207));
#12631=CARTESIAN_POINT('',(8.37031162061299,1.55,3.33490167888207));
#12632=CARTESIAN_POINT('Ctrl Pts',(8.37031162061299,1.54,3.33490167888207));
#12633=CARTESIAN_POINT('Ctrl Pts',(8.41642348744477,1.54,3.39984034331841));
#12634=CARTESIAN_POINT('Ctrl Pts',(8.48518199004735,1.54,3.39984034331841));
#12635=CARTESIAN_POINT('Ctrl Pts',(8.32419975378122,1.55,3.07241891654534));
#12636=CARTESIAN_POINT('Ctrl Pts',(8.32419975378122,1.54,3.07241891654534));
#12637=CARTESIAN_POINT('Ctrl Pts',(8.32419975378122,1.55,3.26996301444573));
#12638=CARTESIAN_POINT('Ctrl Pts',(8.32419975378122,1.54,3.26996301444573));
#12639=CARTESIAN_POINT('Ctrl Pts',(8.37031162061299,1.55,3.33490167888207));
#12640=CARTESIAN_POINT('Ctrl Pts',(8.37031162061299,1.54,3.33490167888207));
#12641=CARTESIAN_POINT('',(8.32419975378122,1.55,3.07241891654534));
#12642=CARTESIAN_POINT('Ctrl Pts',(8.32419975378122,1.55,3.07241891654534));
#12643=CARTESIAN_POINT('Ctrl Pts',(8.32419975378122,1.55,3.26996301444573));
#12644=CARTESIAN_POINT('Ctrl Pts',(8.37031162061299,1.55,3.33490167888207));
#12645=CARTESIAN_POINT('',(8.32419975378122,1.54,3.07241891654534));
#12646=CARTESIAN_POINT('',(8.32419975378122,1.55,3.07241891654534));
#12647=CARTESIAN_POINT('Ctrl Pts',(8.32419975378122,1.54,3.07241891654534));
#12648=CARTESIAN_POINT('Ctrl Pts',(8.32419975378122,1.54,3.26996301444573));
#12649=CARTESIAN_POINT('Ctrl Pts',(8.37031162061299,1.54,3.33490167888207));
#12650=CARTESIAN_POINT('Ctrl Pts',(8.37031162061299,1.55,2.8104815367083));
#12651=CARTESIAN_POINT('Ctrl Pts',(8.37031162061299,1.54,2.8104815367083));
#12652=CARTESIAN_POINT('Ctrl Pts',(8.32419975378122,1.55,2.87596588166756));
#12653=CARTESIAN_POINT('Ctrl Pts',(8.32419975378122,1.54,2.87596588166756));
#12654=CARTESIAN_POINT('Ctrl Pts',(8.32419975378122,1.55,3.07241891654534));
#12655=CARTESIAN_POINT('Ctrl Pts',(8.32419975378122,1.54,3.07241891654534));
#12656=CARTESIAN_POINT('',(8.37031162061299,1.55,2.8104815367083));
#12657=CARTESIAN_POINT('Ctrl Pts',(8.37031162061299,1.55,2.8104815367083));
#12658=CARTESIAN_POINT('Ctrl Pts',(8.32419975378122,1.55,2.87596588166756));
#12659=CARTESIAN_POINT('Ctrl Pts',(8.32419975378122,1.55,3.07241891654534));
#12660=CARTESIAN_POINT('',(8.37031162061299,1.54,2.8104815367083));
#12661=CARTESIAN_POINT('',(8.37031162061299,1.55,2.8104815367083));
#12662=CARTESIAN_POINT('Ctrl Pts',(8.37031162061299,1.54,2.8104815367083));
#12663=CARTESIAN_POINT('Ctrl Pts',(8.32419975378122,1.54,2.87596588166756));
#12664=CARTESIAN_POINT('Ctrl Pts',(8.32419975378122,1.54,3.07241891654534));
#12665=CARTESIAN_POINT('Ctrl Pts',(8.48409055449571,1.55,2.74499719174904));
#12666=CARTESIAN_POINT('Ctrl Pts',(8.48409055449571,1.54,2.74499719174904));
#12667=CARTESIAN_POINT('Ctrl Pts',(8.41642348744477,1.55,2.74499719174904));
#12668=CARTESIAN_POINT('Ctrl Pts',(8.41642348744477,1.54,2.74499719174904));
#12669=CARTESIAN_POINT('Ctrl Pts',(8.37031162061299,1.55,2.8104815367083));
#12670=CARTESIAN_POINT('Ctrl Pts',(8.37031162061299,1.54,2.8104815367083));
#12671=CARTESIAN_POINT('',(8.48409055449571,1.55,2.74499719174904));
#12672=CARTESIAN_POINT('Ctrl Pts',(8.48409055449571,1.55,2.74499719174904));
#12673=CARTESIAN_POINT('Ctrl Pts',(8.41642348744477,1.55,2.74499719174904));
#12674=CARTESIAN_POINT('Ctrl Pts',(8.37031162061299,1.55,2.8104815367083));
#12675=CARTESIAN_POINT('',(8.48409055449571,1.54,2.74499719174904));
#12676=CARTESIAN_POINT('',(8.48409055449571,1.55,2.74499719174904));
#12677=CARTESIAN_POINT('Ctrl Pts',(8.48409055449571,1.54,2.74499719174904));
#12678=CARTESIAN_POINT('Ctrl Pts',(8.41642348744477,1.54,2.74499719174904));
#12679=CARTESIAN_POINT('Ctrl Pts',(8.37031162061299,1.54,2.8104815367083));
#12680=CARTESIAN_POINT('Ctrl Pts',(8.59786956288423,1.55,2.81020854743523));
#12681=CARTESIAN_POINT('Ctrl Pts',(8.59786956288423,1.54,2.81020854743523));
#12682=CARTESIAN_POINT('Ctrl Pts',(8.55175769605245,1.55,2.74499719174904));
#12683=CARTESIAN_POINT('Ctrl Pts',(8.55175769605245,1.54,2.74499719174904));
#12684=CARTESIAN_POINT('Ctrl Pts',(8.48409055449571,1.55,2.74499719174904));
#12685=CARTESIAN_POINT('Ctrl Pts',(8.48409055449571,1.54,2.74499719174904));
#12686=CARTESIAN_POINT('',(8.59786956288423,1.55,2.81020854743523));
#12687=CARTESIAN_POINT('Ctrl Pts',(8.59786956288423,1.55,2.81020854743523));
#12688=CARTESIAN_POINT('Ctrl Pts',(8.55175769605245,1.55,2.74499719174904));
#12689=CARTESIAN_POINT('Ctrl Pts',(8.48409055449571,1.55,2.74499719174904));
#12690=CARTESIAN_POINT('',(8.59786956288423,1.54,2.81020854743523));
#12691=CARTESIAN_POINT('',(8.59786956288423,1.55,2.81020854743523));
#12692=CARTESIAN_POINT('Ctrl Pts',(8.59786956288423,1.54,2.81020854743523));
#12693=CARTESIAN_POINT('Ctrl Pts',(8.55175769605245,1.54,2.74499719174904));
#12694=CARTESIAN_POINT('Ctrl Pts',(8.48409055449571,1.54,2.74499719174904));
#12695=CARTESIAN_POINT('Ctrl Pts',(8.64398142971601,1.55,3.07241891654534));
#12696=CARTESIAN_POINT('Ctrl Pts',(8.64398142971601,1.54,3.07241891654534));
#12697=CARTESIAN_POINT('Ctrl Pts',(8.64398142971601,1.55,2.87542020114464));
#12698=CARTESIAN_POINT('Ctrl Pts',(8.64398142971601,1.54,2.87542020114464));
#12699=CARTESIAN_POINT('Ctrl Pts',(8.59786956288423,1.55,2.81020854743523));
#12700=CARTESIAN_POINT('Ctrl Pts',(8.59786956288423,1.54,2.81020854743523));
#12701=CARTESIAN_POINT('',(8.64398142971601,1.55,3.07241891654534));
#12702=CARTESIAN_POINT('Ctrl Pts',(8.64398142971601,1.55,3.07241891654534));
#12703=CARTESIAN_POINT('Ctrl Pts',(8.64398142971601,1.55,2.87542020114464));
#12704=CARTESIAN_POINT('Ctrl Pts',(8.59786956288423,1.55,2.81020854743523));
#12705=CARTESIAN_POINT('',(8.64398142971601,1.54,3.07241891654534));
#12706=CARTESIAN_POINT('',(8.64398142971601,1.55,3.07241891654534));
#12707=CARTESIAN_POINT('Ctrl Pts',(8.64398142971601,1.54,3.07241891654534));
#12708=CARTESIAN_POINT('Ctrl Pts',(8.64398142971601,1.54,2.87542020114464));
#12709=CARTESIAN_POINT('Ctrl Pts',(8.59786956288423,1.54,2.81020854743523));
#12710=CARTESIAN_POINT('Ctrl Pts',(8.59323112942781,1.55,3.34254150422615));
#12711=CARTESIAN_POINT('Ctrl Pts',(8.59323112942781,1.54,3.34254150422615));
#12712=CARTESIAN_POINT('Ctrl Pts',(8.64398142971601,1.55,3.26941733392281));
#12713=CARTESIAN_POINT('Ctrl Pts',(8.64398142971601,1.54,3.26941733392281));
#12714=CARTESIAN_POINT('Ctrl Pts',(8.64398142971601,1.55,3.07241891654534));
#12715=CARTESIAN_POINT('Ctrl Pts',(8.64398142971601,1.54,3.07241891654534));
#12716=CARTESIAN_POINT('Ctrl Pts',(8.59323112942781,1.55,3.34254150422615));
#12717=CARTESIAN_POINT('Ctrl Pts',(8.64398142971601,1.55,3.26941733392281));
#12718=CARTESIAN_POINT('Ctrl Pts',(8.64398142971601,1.55,3.07241891654534));
#12719=CARTESIAN_POINT('Ctrl Pts',(8.59323112942781,1.54,3.34254150422615));
#12720=CARTESIAN_POINT('Ctrl Pts',(8.64398142971601,1.54,3.26941733392281));
#12721=CARTESIAN_POINT('Ctrl Pts',(8.64398142971601,1.54,3.07241891654534));
#12722=CARTESIAN_POINT('Ctrl Pts',(8.48409055449571,1.55,2.66423319610161));
#12723=CARTESIAN_POINT('Ctrl Pts',(8.48409055449571,1.54,2.66423319610161));
#12724=CARTESIAN_POINT('Ctrl Pts',(8.59977951922025,1.55,2.66423319610161));
#12725=CARTESIAN_POINT('Ctrl Pts',(8.59977951922025,1.54,2.66423319610161));
#12726=CARTESIAN_POINT('Ctrl Pts',(8.66580954470243,1.55,2.74717991384072));
#12727=CARTESIAN_POINT('Ctrl Pts',(8.66580954470243,1.54,2.74717991384072));
#12728=CARTESIAN_POINT('',(8.48409055449571,1.55,2.66423319610161));
#12729=CARTESIAN_POINT('',(8.66580954470243,1.55,2.74717991384072));
#12730=CARTESIAN_POINT('Ctrl Pts',(8.48409055449571,1.55,2.66423319610161));
#12731=CARTESIAN_POINT('Ctrl Pts',(8.59977951922025,1.55,2.66423319610161));
#12732=CARTESIAN_POINT('Ctrl Pts',(8.66580954470243,1.55,2.74717991384072));
#12733=CARTESIAN_POINT('',(8.48409055449571,1.54,2.66423319610161));
#12734=CARTESIAN_POINT('',(8.48409055449571,1.55,2.66423319610161));
#12735=CARTESIAN_POINT('',(8.66580954470243,1.54,2.74717991384072));
#12736=CARTESIAN_POINT('Ctrl Pts',(8.48409055449571,1.54,2.66423319610161));
#12737=CARTESIAN_POINT('Ctrl Pts',(8.59977951922025,1.54,2.66423319610161));
#12738=CARTESIAN_POINT('Ctrl Pts',(8.66580954470243,1.54,2.74717991384072));
#12739=CARTESIAN_POINT('',(8.66580954470243,1.55,2.74717991384072));
#12740=CARTESIAN_POINT('Ctrl Pts',(8.33866088368501,1.55,2.71143649848503));
#12741=CARTESIAN_POINT('Ctrl Pts',(8.33866088368501,1.54,2.71143649848503));
#12742=CARTESIAN_POINT('Ctrl Pts',(8.39623248853292,1.55,2.66423319610161));
#12743=CARTESIAN_POINT('Ctrl Pts',(8.39623248853292,1.54,2.66423319610161));
#12744=CARTESIAN_POINT('Ctrl Pts',(8.48409055449571,1.55,2.66423319610161));
#12745=CARTESIAN_POINT('Ctrl Pts',(8.48409055449571,1.54,2.66423319610161));
#12746=CARTESIAN_POINT('',(8.33866088368501,1.55,2.71143649848503));
#12747=CARTESIAN_POINT('Ctrl Pts',(8.33866088368501,1.55,2.71143649848503));
#12748=CARTESIAN_POINT('Ctrl Pts',(8.39623248853292,1.55,2.66423319610161));
#12749=CARTESIAN_POINT('Ctrl Pts',(8.48409055449571,1.55,2.66423319610161));
#12750=CARTESIAN_POINT('',(8.33866088368501,1.54,2.71143649848503));
#12751=CARTESIAN_POINT('',(8.33866088368501,1.55,2.71143649848503));
#12752=CARTESIAN_POINT('Ctrl Pts',(8.33866088368501,1.54,2.71143649848503));
#12753=CARTESIAN_POINT('Ctrl Pts',(8.39623248853292,1.54,2.66423319610161));
#12754=CARTESIAN_POINT('Ctrl Pts',(8.48409055449571,1.54,2.66423319610161));
#12755=CARTESIAN_POINT('Ctrl Pts',(8.25216701902951,1.55,2.84513359101815));
#12756=CARTESIAN_POINT('Ctrl Pts',(8.25216701902951,1.54,2.84513359101815));
#12757=CARTESIAN_POINT('Ctrl Pts',(8.28108920433129,1.55,2.75863980086846));
#12758=CARTESIAN_POINT('Ctrl Pts',(8.28108920433129,1.54,2.75863980086846));
#12759=CARTESIAN_POINT('Ctrl Pts',(8.33866088368501,1.55,2.71143649848503));
#12760=CARTESIAN_POINT('Ctrl Pts',(8.33866088368501,1.54,2.71143649848503));
#12761=CARTESIAN_POINT('',(8.25216701902951,1.55,2.84513359101815));
#12762=CARTESIAN_POINT('Ctrl Pts',(8.25216701902951,1.55,2.84513359101815));
#12763=CARTESIAN_POINT('Ctrl Pts',(8.28108920433129,1.55,2.75863980086846));
#12764=CARTESIAN_POINT('Ctrl Pts',(8.33866088368501,1.55,2.71143649848503));
#12765=CARTESIAN_POINT('',(8.25216701902951,1.54,2.84513359101815));
#12766=CARTESIAN_POINT('',(8.25216701902951,1.55,2.84513359101815));
#12767=CARTESIAN_POINT('Ctrl Pts',(8.25216701902951,1.54,2.84513359101815));
#12768=CARTESIAN_POINT('Ctrl Pts',(8.28108920433129,1.54,2.75863980086846));
#12769=CARTESIAN_POINT('Ctrl Pts',(8.33866088368501,1.54,2.71143649848503));
#12770=CARTESIAN_POINT('Ctrl Pts',(8.22324475922193,1.55,3.07241891654534));
#12771=CARTESIAN_POINT('Ctrl Pts',(8.22324475922193,1.54,3.07241891654534));
#12772=CARTESIAN_POINT('Ctrl Pts',(8.22324475922193,1.55,2.93162738116783));
#12773=CARTESIAN_POINT('Ctrl Pts',(8.22324475922193,1.54,2.93162738116783));
#12774=CARTESIAN_POINT('Ctrl Pts',(8.25216701902951,1.55,2.84513359101815));
#12775=CARTESIAN_POINT('Ctrl Pts',(8.25216701902951,1.54,2.84513359101815));
#12776=CARTESIAN_POINT('',(8.22324475922193,1.55,3.07241891654534));
#12777=CARTESIAN_POINT('Ctrl Pts',(8.22324475922193,1.55,3.07241891654534));
#12778=CARTESIAN_POINT('Ctrl Pts',(8.22324475922193,1.55,2.93162738116783));
#12779=CARTESIAN_POINT('Ctrl Pts',(8.25216701902951,1.55,2.84513359101815));
#12780=CARTESIAN_POINT('',(8.22324475922193,1.54,3.07241891654534));
#12781=CARTESIAN_POINT('',(8.22324475922193,1.55,3.07241891654534));
#12782=CARTESIAN_POINT('Ctrl Pts',(8.22324475922193,1.54,3.07241891654534));
#12783=CARTESIAN_POINT('Ctrl Pts',(8.22324475922193,1.54,2.93162738116783));
#12784=CARTESIAN_POINT('Ctrl Pts',(8.25216701902951,1.54,2.84513359101815));
#12785=CARTESIAN_POINT('Ctrl Pts',(8.2412529615363,1.55,3.26150481732888));
#12786=CARTESIAN_POINT('Ctrl Pts',(8.2412529615363,1.54,3.26150481732888));
#12787=CARTESIAN_POINT('Ctrl Pts',(8.22324475922193,1.55,3.1913820389132));
#12788=CARTESIAN_POINT('Ctrl Pts',(8.22324475922193,1.54,3.1913820389132));
#12789=CARTESIAN_POINT('Ctrl Pts',(8.22324475922193,1.55,3.07241891654534));
#12790=CARTESIAN_POINT('Ctrl Pts',(8.22324475922193,1.54,3.07241891654534));
#12791=CARTESIAN_POINT('',(8.2412529615363,1.55,3.26150481732888));
#12792=CARTESIAN_POINT('Ctrl Pts',(8.2412529615363,1.55,3.26150481732888));
#12793=CARTESIAN_POINT('Ctrl Pts',(8.22324475922193,1.55,3.1913820389132));
#12794=CARTESIAN_POINT('Ctrl Pts',(8.22324475922193,1.55,3.07241891654534));
#12795=CARTESIAN_POINT('',(8.2412529615363,1.54,3.26150481732888));
#12796=CARTESIAN_POINT('',(8.2412529615363,1.55,3.26150481732888));
#12797=CARTESIAN_POINT('Ctrl Pts',(8.2412529615363,1.54,3.26150481732888));
#12798=CARTESIAN_POINT('Ctrl Pts',(8.22324475922193,1.54,3.1913820389132));
#12799=CARTESIAN_POINT('Ctrl Pts',(8.22324475922193,1.54,3.07241891654534));
#12800=CARTESIAN_POINT('Ctrl Pts',(8.29091190077867,1.55,3.38046793969673));
#12801=CARTESIAN_POINT('Ctrl Pts',(8.29091190077867,1.54,3.38046793969673));
#12802=CARTESIAN_POINT('Ctrl Pts',(8.25926108934488,1.55,3.33162759574456));
#12803=CARTESIAN_POINT('Ctrl Pts',(8.25926108934488,1.54,3.33162759574456));
#12804=CARTESIAN_POINT('Ctrl Pts',(8.2412529615363,1.55,3.26150481732888));
#12805=CARTESIAN_POINT('Ctrl Pts',(8.2412529615363,1.54,3.26150481732888));
#12806=CARTESIAN_POINT('',(8.29091190077867,1.55,3.38046793969673));
#12807=CARTESIAN_POINT('Ctrl Pts',(8.29091190077867,1.55,3.38046793969673));
#12808=CARTESIAN_POINT('Ctrl Pts',(8.25926108934488,1.55,3.33162759574456));
#12809=CARTESIAN_POINT('Ctrl Pts',(8.2412529615363,1.55,3.26150481732888));
#12810=CARTESIAN_POINT('',(8.29091190077867,1.54,3.38046793969673));
#12811=CARTESIAN_POINT('',(8.29091190077867,1.55,3.38046793969673));
#12812=CARTESIAN_POINT('Ctrl Pts',(8.29091190077867,1.54,3.38046793969673));
#12813=CARTESIAN_POINT('Ctrl Pts',(8.25926108934488,1.54,3.33162759574456));
#12814=CARTESIAN_POINT('Ctrl Pts',(8.2412529615363,1.54,3.26150481732888));
#12815=CARTESIAN_POINT('Ctrl Pts',(8.37113021590318,1.55,3.45522915156883));
#12816=CARTESIAN_POINT('Ctrl Pts',(8.37113021590318,1.54,3.45522915156883));
#12817=CARTESIAN_POINT('Ctrl Pts',(8.32256263770665,1.55,3.42930828364891));
#12818=CARTESIAN_POINT('Ctrl Pts',(8.32256263770665,1.54,3.42930828364891));
#12819=CARTESIAN_POINT('Ctrl Pts',(8.29091190077867,1.55,3.38046793969673));
#12820=CARTESIAN_POINT('Ctrl Pts',(8.29091190077867,1.54,3.38046793969673));
#12821=CARTESIAN_POINT('',(8.37113021590318,1.55,3.45522915156883));
#12822=CARTESIAN_POINT('Ctrl Pts',(8.37113021590318,1.55,3.45522915156883));
#12823=CARTESIAN_POINT('Ctrl Pts',(8.32256263770665,1.55,3.42930828364891));
#12824=CARTESIAN_POINT('Ctrl Pts',(8.29091190077867,1.55,3.38046793969673));
#12825=CARTESIAN_POINT('',(8.37113021590318,1.54,3.45522915156883));
#12826=CARTESIAN_POINT('',(8.37113021590318,1.55,3.45522915156883));
#12827=CARTESIAN_POINT('Ctrl Pts',(8.37113021590318,1.54,3.45522915156883));
#12828=CARTESIAN_POINT('Ctrl Pts',(8.32256263770665,1.54,3.42930828364891));
#12829=CARTESIAN_POINT('Ctrl Pts',(8.29091190077867,1.54,3.38046793969673));
#12830=CARTESIAN_POINT('Ctrl Pts',(8.48409055449571,1.55,3.48115001948876));
#12831=CARTESIAN_POINT('Ctrl Pts',(8.48409055449571,1.54,3.48115001948876));
#12832=CARTESIAN_POINT('Ctrl Pts',(8.4196977195939,1.55,3.48115001948876));
#12833=CARTESIAN_POINT('Ctrl Pts',(8.4196977195939,1.54,3.48115001948876));
#12834=CARTESIAN_POINT('Ctrl Pts',(8.37113021590318,1.55,3.45522915156883));
#12835=CARTESIAN_POINT('Ctrl Pts',(8.37113021590318,1.54,3.45522915156883));
#12836=CARTESIAN_POINT('',(8.48409055449571,1.55,3.48115001948876));
#12837=CARTESIAN_POINT('Ctrl Pts',(8.48409055449571,1.55,3.48115001948876));
#12838=CARTESIAN_POINT('Ctrl Pts',(8.4196977195939,1.55,3.48115001948876));
#12839=CARTESIAN_POINT('Ctrl Pts',(8.37113021590318,1.55,3.45522915156883));
#12840=CARTESIAN_POINT('',(8.48409055449571,1.54,3.48115001948876));
#12841=CARTESIAN_POINT('',(8.48409055449571,1.55,3.48115001948876));
#12842=CARTESIAN_POINT('Ctrl Pts',(8.48409055449571,1.54,3.48115001948876));
#12843=CARTESIAN_POINT('Ctrl Pts',(8.4196977195939,1.54,3.48115001948876));
#12844=CARTESIAN_POINT('Ctrl Pts',(8.37113021590318,1.54,3.45522915156883));
#12845=CARTESIAN_POINT('Ctrl Pts',(8.62897461928929,1.55,3.43421970637841));
#12846=CARTESIAN_POINT('Ctrl Pts',(8.62897461928929,1.54,3.43421970637841));
#12847=CARTESIAN_POINT('Ctrl Pts',(8.57140301444139,1.55,3.48115001948876));
#12848=CARTESIAN_POINT('Ctrl Pts',(8.57140301444139,1.54,3.48115001948876));
#12849=CARTESIAN_POINT('Ctrl Pts',(8.48409055449571,1.55,3.48115001948876));
#12850=CARTESIAN_POINT('Ctrl Pts',(8.48409055449571,1.54,3.48115001948876));
#12851=CARTESIAN_POINT('',(8.62897461928929,1.55,3.43421970637841));
#12852=CARTESIAN_POINT('Ctrl Pts',(8.62897461928929,1.55,3.43421970637841));
#12853=CARTESIAN_POINT('Ctrl Pts',(8.57140301444139,1.55,3.48115001948876));
#12854=CARTESIAN_POINT('Ctrl Pts',(8.48409055449571,1.55,3.48115001948876));
#12855=CARTESIAN_POINT('',(8.62897461928929,1.54,3.43421970637841));
#12856=CARTESIAN_POINT('',(8.62897461928929,1.55,3.43421970637841));
#12857=CARTESIAN_POINT('Ctrl Pts',(8.62897461928929,1.54,3.43421970637841));
#12858=CARTESIAN_POINT('Ctrl Pts',(8.57140301444139,1.54,3.48115001948876));
#12859=CARTESIAN_POINT('Ctrl Pts',(8.48409055449571,1.54,3.48115001948876));
#12860=CARTESIAN_POINT('Ctrl Pts',(8.71574132420625,1.55,3.30079530509514));
#12861=CARTESIAN_POINT('Ctrl Pts',(8.71574132420625,1.54,3.30079530509514));
#12862=CARTESIAN_POINT('Ctrl Pts',(8.6865462241372,1.55,3.38728909524483));
#12863=CARTESIAN_POINT('Ctrl Pts',(8.6865462241372,1.54,3.38728909524483));
#12864=CARTESIAN_POINT('Ctrl Pts',(8.62897461928929,1.55,3.43421970637841));
#12865=CARTESIAN_POINT('Ctrl Pts',(8.62897461928929,1.54,3.43421970637841));
#12866=CARTESIAN_POINT('',(8.71574132420625,1.55,3.30079530509514));
#12867=CARTESIAN_POINT('Ctrl Pts',(8.71574132420625,1.55,3.30079530509514));
#12868=CARTESIAN_POINT('Ctrl Pts',(8.6865462241372,1.55,3.38728909524483));
#12869=CARTESIAN_POINT('Ctrl Pts',(8.62897461928929,1.55,3.43421970637841));
#12870=CARTESIAN_POINT('',(8.71574132420625,1.54,3.30079530509514));
#12871=CARTESIAN_POINT('',(8.71574132420625,1.55,3.30079530509514));
#12872=CARTESIAN_POINT('Ctrl Pts',(8.71574132420625,1.54,3.30079530509514));
#12873=CARTESIAN_POINT('Ctrl Pts',(8.6865462241372,1.54,3.38728909524483));
#12874=CARTESIAN_POINT('Ctrl Pts',(8.62897461928929,1.54,3.43421970637841));
#12875=CARTESIAN_POINT('Ctrl Pts',(8.74493642427529,1.55,3.07241891654534));
#12876=CARTESIAN_POINT('Ctrl Pts',(8.74493642427529,1.54,3.07241891654534));
#12877=CARTESIAN_POINT('Ctrl Pts',(8.74493642427529,1.55,3.21430151494545));
#12878=CARTESIAN_POINT('Ctrl Pts',(8.74493642427529,1.54,3.21430151494545));
#12879=CARTESIAN_POINT('Ctrl Pts',(8.71574132420625,1.55,3.30079530509514));
#12880=CARTESIAN_POINT('Ctrl Pts',(8.71574132420625,1.54,3.30079530509514));
#12881=CARTESIAN_POINT('',(8.74493642427529,1.55,3.07241891654534));
#12882=CARTESIAN_POINT('Ctrl Pts',(8.74493642427529,1.55,3.07241891654534));
#12883=CARTESIAN_POINT('Ctrl Pts',(8.74493642427529,1.55,3.21430151494545));
#12884=CARTESIAN_POINT('Ctrl Pts',(8.71574132420625,1.55,3.30079530509514));
#12885=CARTESIAN_POINT('',(8.74493642427529,1.54,3.07241891654534));
#12886=CARTESIAN_POINT('',(8.74493642427529,1.55,3.07241891654534));
#12887=CARTESIAN_POINT('Ctrl Pts',(8.74493642427529,1.54,3.07241891654534));
#12888=CARTESIAN_POINT('Ctrl Pts',(8.74493642427529,1.54,3.21430151494545));
#12889=CARTESIAN_POINT('Ctrl Pts',(8.71574132420625,1.54,3.30079530509514));
#12890=CARTESIAN_POINT('Ctrl Pts',(8.66580954470243,1.55,2.74717991384072));
#12891=CARTESIAN_POINT('Ctrl Pts',(8.66580954470243,1.54,2.74717991384072));
#12892=CARTESIAN_POINT('Ctrl Pts',(8.74493642427529,1.55,2.84704362185997));
#12893=CARTESIAN_POINT('Ctrl Pts',(8.74493642427529,1.54,2.84704362185997));
#12894=CARTESIAN_POINT('Ctrl Pts',(8.74493642427529,1.55,3.07241891654534));
#12895=CARTESIAN_POINT('Ctrl Pts',(8.74493642427529,1.54,3.07241891654534));
#12896=CARTESIAN_POINT('Ctrl Pts',(8.66580954470243,1.55,2.74717991384072));
#12897=CARTESIAN_POINT('Ctrl Pts',(8.74493642427529,1.55,2.84704362185997));
#12898=CARTESIAN_POINT('Ctrl Pts',(8.74493642427529,1.55,3.07241891654534));
#12899=CARTESIAN_POINT('Ctrl Pts',(8.66580954470243,1.54,2.74717991384072));
#12900=CARTESIAN_POINT('Ctrl Pts',(8.74493642427529,1.54,2.84704362185997));
#12901=CARTESIAN_POINT('Ctrl Pts',(8.74493642427529,1.54,3.07241891654534));
#12902=CARTESIAN_POINT('Origin',(4.35994378939773,1.54,3.7024323377232));
#12903=CARTESIAN_POINT('Origin',(7.19514100529756,1.55,3.48115001948876));
#12904=CARTESIAN_POINT('',(7.19514100529756,1.55,3.48115001948876));
#12905=CARTESIAN_POINT('',(7.13183953144159,1.55,3.48115001948876));
#12906=CARTESIAN_POINT('',(5.50257050264878,1.55,3.48115001948876));
#12907=CARTESIAN_POINT('',(7.19514100529756,1.54,3.48115001948876));
#12908=CARTESIAN_POINT('',(7.19514100529756,1.55,3.48115001948876));
#12909=CARTESIAN_POINT('',(7.13183953144159,1.54,3.48115001948876));
#12910=CARTESIAN_POINT('',(7.19514100529756,1.54,3.48115001948876));
#12911=CARTESIAN_POINT('',(7.13183953144159,1.55,3.48115001948876));
#12912=CARTESIAN_POINT('Ctrl Pts',(7.28245346524324,1.55,3.37419246467156));
#12913=CARTESIAN_POINT('Ctrl Pts',(7.28245346524324,1.54,3.37419246467156));
#12914=CARTESIAN_POINT('Ctrl Pts',(7.22078903295602,1.55,3.42930828364891));
#12915=CARTESIAN_POINT('Ctrl Pts',(7.22078903295602,1.54,3.42930828364891));
#12916=CARTESIAN_POINT('Ctrl Pts',(7.19514100529756,1.55,3.48115001948876));
#12917=CARTESIAN_POINT('Ctrl Pts',(7.19514100529756,1.54,3.48115001948876));
#12918=CARTESIAN_POINT('',(7.28245346524324,1.55,3.37419246467156));
#12919=CARTESIAN_POINT('Ctrl Pts',(7.28245346524324,1.55,3.37419246467156));
#12920=CARTESIAN_POINT('Ctrl Pts',(7.22078903295602,1.55,3.42930828364891));
#12921=CARTESIAN_POINT('Ctrl Pts',(7.19514100529756,1.55,3.48115001948876));
#12922=CARTESIAN_POINT('',(7.28245346524324,1.54,3.37419246467156));
#12923=CARTESIAN_POINT('',(7.28245346524324,1.55,3.37419246467156));
#12924=CARTESIAN_POINT('Ctrl Pts',(7.28245346524324,1.54,3.37419246467156));
#12925=CARTESIAN_POINT('Ctrl Pts',(7.22078903295602,1.54,3.42930828364891));
#12926=CARTESIAN_POINT('Ctrl Pts',(7.19514100529756,1.54,3.48115001948876));
#12927=CARTESIAN_POINT('Ctrl Pts',(7.42651893474664,1.55,3.28033154042763));
#12928=CARTESIAN_POINT('Ctrl Pts',(7.42651893474664,1.54,3.28033154042763));
#12929=CARTESIAN_POINT('Ctrl Pts',(7.34411789753045,1.55,3.31907634767098));
#12930=CARTESIAN_POINT('Ctrl Pts',(7.34411789753045,1.54,3.31907634767098));
#12931=CARTESIAN_POINT('Ctrl Pts',(7.28245346524324,1.55,3.37419246467156));
#12932=CARTESIAN_POINT('Ctrl Pts',(7.28245346524324,1.54,3.37419246467156));
#12933=CARTESIAN_POINT('',(7.42651893474664,1.55,3.28033154042763));
#12934=CARTESIAN_POINT('Ctrl Pts',(7.42651893474664,1.55,3.28033154042763));
#12935=CARTESIAN_POINT('Ctrl Pts',(7.34411789753045,1.55,3.31907634767098));
#12936=CARTESIAN_POINT('Ctrl Pts',(7.28245346524324,1.55,3.37419246467156));
#12937=CARTESIAN_POINT('',(7.42651893474664,1.54,3.28033154042763));
#12938=CARTESIAN_POINT('',(7.42651893474664,1.55,3.28033154042763));
#12939=CARTESIAN_POINT('Ctrl Pts',(7.42651893474664,1.54,3.28033154042763));
#12940=CARTESIAN_POINT('Ctrl Pts',(7.34411789753045,1.54,3.31907634767098));
#12941=CARTESIAN_POINT('Ctrl Pts',(7.28245346524324,1.54,3.37419246467156));
#12942=CARTESIAN_POINT('Origin',(7.42651893474664,1.55,3.18537925513787));
#12943=CARTESIAN_POINT('',(7.42651893474664,1.55,3.18537925513787));
#12944=CARTESIAN_POINT('',(7.42651893474664,1.55,3.29268962756894));
#12945=CARTESIAN_POINT('',(7.42651893474664,1.54,3.18537925513787));
#12946=CARTESIAN_POINT('',(7.42651893474664,1.55,3.18537925513787));
#12947=CARTESIAN_POINT('',(7.42651893474664,1.54,3.18537925513787));
#12948=CARTESIAN_POINT('Ctrl Pts',(7.32310830332841,1.55,3.23612962993187));
#12949=CARTESIAN_POINT('Ctrl Pts',(7.32310830332841,1.54,3.23612962993187));
#12950=CARTESIAN_POINT('Ctrl Pts',(7.38067998268213,1.55,3.20229594739479));
#12951=CARTESIAN_POINT('Ctrl Pts',(7.38067998268213,1.54,3.20229594739479));
#12952=CARTESIAN_POINT('Ctrl Pts',(7.42651893474664,1.55,3.18537925513787));
#12953=CARTESIAN_POINT('Ctrl Pts',(7.42651893474664,1.54,3.18537925513787));
#12954=CARTESIAN_POINT('',(7.32310830332841,1.55,3.23612962993187));
#12955=CARTESIAN_POINT('Ctrl Pts',(7.32310830332841,1.55,3.23612962993187));
#12956=CARTESIAN_POINT('Ctrl Pts',(7.38067998268213,1.55,3.20229594739479));
#12957=CARTESIAN_POINT('Ctrl Pts',(7.42651893474664,1.55,3.18537925513787));
#12958=CARTESIAN_POINT('',(7.32310830332841,1.54,3.23612962993187));
#12959=CARTESIAN_POINT('',(7.32310830332841,1.55,3.23612962993187));
#12960=CARTESIAN_POINT('Ctrl Pts',(7.32310830332841,1.54,3.23612962993187));
#12961=CARTESIAN_POINT('Ctrl Pts',(7.38067998268213,1.54,3.20229594739479));
#12962=CARTESIAN_POINT('Ctrl Pts',(7.42651893474664,1.54,3.18537925513787));
#12963=CARTESIAN_POINT('Ctrl Pts',(7.23006604888047,1.55,3.30379669698281));
#12964=CARTESIAN_POINT('Ctrl Pts',(7.23006604888047,1.54,3.30379669698281));
#12965=CARTESIAN_POINT('Ctrl Pts',(7.2655366239747,1.55,3.26996301444573));
#12966=CARTESIAN_POINT('Ctrl Pts',(7.2655366239747,1.54,3.26996301444573));
#12967=CARTESIAN_POINT('Ctrl Pts',(7.32310830332841,1.55,3.23612962993187));
#12968=CARTESIAN_POINT('Ctrl Pts',(7.32310830332841,1.54,3.23612962993187));
#12969=CARTESIAN_POINT('',(7.23006604888047,1.55,3.30379669698281));
#12970=CARTESIAN_POINT('Ctrl Pts',(7.23006604888047,1.55,3.30379669698281));
#12971=CARTESIAN_POINT('Ctrl Pts',(7.2655366239747,1.55,3.26996301444573));
#12972=CARTESIAN_POINT('Ctrl Pts',(7.32310830332841,1.55,3.23612962993187));
#12973=CARTESIAN_POINT('',(7.23006604888047,1.54,3.30379669698281));
#12974=CARTESIAN_POINT('',(7.23006604888047,1.55,3.30379669698281));
#12975=CARTESIAN_POINT('Ctrl Pts',(7.23006604888047,1.54,3.30379669698281));
#12976=CARTESIAN_POINT('Ctrl Pts',(7.2655366239747,1.54,3.26996301444573));
#12977=CARTESIAN_POINT('Ctrl Pts',(7.32310830332841,1.54,3.23612962993187));
#12978=CARTESIAN_POINT('Origin',(7.23006604888047,1.55,2.67787580522103));
#12979=CARTESIAN_POINT('',(7.23006604888047,1.55,2.67787580522103));
#12980=CARTESIAN_POINT('',(7.23006604888047,1.55,3.03893790261052));
#12981=CARTESIAN_POINT('',(7.23006604888047,1.54,2.67787580522103));
#12982=CARTESIAN_POINT('',(7.23006604888047,1.55,2.67787580522103));
#12983=CARTESIAN_POINT('',(7.23006604888047,1.54,2.67787580522103));
#12984=CARTESIAN_POINT('Origin',(7.13183953144159,1.55,2.67787580522103));
#12985=CARTESIAN_POINT('',(7.13183953144159,1.55,2.67787580522103));
#12986=CARTESIAN_POINT('',(5.47091976572079,1.55,2.67787580522103));
#12987=CARTESIAN_POINT('',(7.13183953144159,1.54,2.67787580522103));
#12988=CARTESIAN_POINT('',(7.13183953144159,1.55,2.67787580522103));
#12989=CARTESIAN_POINT('',(7.13183953144159,1.54,2.67787580522103));
#12990=CARTESIAN_POINT('Origin',(7.13183953144159,1.55,3.48115001948876));
#12991=CARTESIAN_POINT('',(7.13183953144159,1.55,3.44057500974439));
#12992=CARTESIAN_POINT('',(7.13183953144159,1.54,3.48115001948876));
#12993=CARTESIAN_POINT('Origin',(4.35994378939773,1.54,3.7024323377232));
#12994=CARTESIAN_POINT('Ctrl Pts',(6.09336792208757,1.55,2.82548849614662));
#12995=CARTESIAN_POINT('Ctrl Pts',(6.09336792208757,1.54,2.82548849614662));
#12996=CARTESIAN_POINT('Ctrl Pts',(6.1184701202115,1.55,2.79902164968056));
#12997=CARTESIAN_POINT('Ctrl Pts',(6.1184701202115,1.54,2.79902164968056));
#12998=CARTESIAN_POINT('Ctrl Pts',(6.13484113194551,1.55,2.77228240998787));
#12999=CARTESIAN_POINT('Ctrl Pts',(6.13484113194551,1.54,2.77228240998787));
#13000=CARTESIAN_POINT('',(6.09336792208757,1.55,2.82548849614662));
#13001=CARTESIAN_POINT('',(6.13484113194551,1.55,2.77228240998787));
#13002=CARTESIAN_POINT('Ctrl Pts',(6.09336792208757,1.55,2.82548849614662));
#13003=CARTESIAN_POINT('Ctrl Pts',(6.1184701202115,1.55,2.79902164968056));
#13004=CARTESIAN_POINT('Ctrl Pts',(6.13484113194551,1.55,2.77228240998787));
#13005=CARTESIAN_POINT('',(6.09336792208757,1.54,2.82548849614662));
#13006=CARTESIAN_POINT('',(6.09336792208757,1.55,2.82548849614662));
#13007=CARTESIAN_POINT('',(6.13484113194551,1.54,2.77228240998787));
#13008=CARTESIAN_POINT('Ctrl Pts',(6.09336792208757,1.54,2.82548849614662));
#13009=CARTESIAN_POINT('Ctrl Pts',(6.1184701202115,1.54,2.79902164968056));
#13010=CARTESIAN_POINT('Ctrl Pts',(6.13484113194551,1.54,2.77228240998787));
#13011=CARTESIAN_POINT('',(6.13484113194551,1.55,2.77228240998787));
#13012=CARTESIAN_POINT('Ctrl Pts',(5.9798616049489,1.55,2.92617057593865));
#13013=CARTESIAN_POINT('Ctrl Pts',(5.9798616049489,1.54,2.92617057593865));
#13014=CARTESIAN_POINT('Ctrl Pts',(6.06826542594041,1.55,2.85195504458946));
#13015=CARTESIAN_POINT('Ctrl Pts',(6.06826542594041,1.54,2.85195504458946));
#13016=CARTESIAN_POINT('Ctrl Pts',(6.09336792208757,1.55,2.82548849614662));
#13017=CARTESIAN_POINT('Ctrl Pts',(6.09336792208757,1.54,2.82548849614662));
#13018=CARTESIAN_POINT('',(5.9798616049489,1.55,2.92617057593865));
#13019=CARTESIAN_POINT('Ctrl Pts',(5.9798616049489,1.55,2.92617057593865));
#13020=CARTESIAN_POINT('Ctrl Pts',(6.06826542594041,1.55,2.85195504458946));
#13021=CARTESIAN_POINT('Ctrl Pts',(6.09336792208757,1.55,2.82548849614662));
#13022=CARTESIAN_POINT('',(5.9798616049489,1.54,2.92617057593865));
#13023=CARTESIAN_POINT('',(5.9798616049489,1.55,2.92617057593865));
#13024=CARTESIAN_POINT('Ctrl Pts',(5.9798616049489,1.54,2.92617057593865));
#13025=CARTESIAN_POINT('Ctrl Pts',(6.06826542594041,1.54,2.85195504458946));
#13026=CARTESIAN_POINT('Ctrl Pts',(6.09336792208757,1.54,2.82548849614662));
#13027=CARTESIAN_POINT('Ctrl Pts',(5.82842915036287,1.55,3.06696181329293));
#13028=CARTESIAN_POINT('Ctrl Pts',(5.82842915036287,1.54,3.06696181329293));
#13029=CARTESIAN_POINT('Ctrl Pts',(5.87399541117753,1.55,3.015665757976));
#13030=CARTESIAN_POINT('Ctrl Pts',(5.87399541117753,1.54,3.015665757976));
#13031=CARTESIAN_POINT('Ctrl Pts',(5.9798616049489,1.55,2.92617057593865));
#13032=CARTESIAN_POINT('Ctrl Pts',(5.9798616049489,1.54,2.92617057593865));
#13033=CARTESIAN_POINT('',(5.82842915036287,1.55,3.06696181329293));
#13034=CARTESIAN_POINT('Ctrl Pts',(5.82842915036287,1.55,3.06696181329293));
#13035=CARTESIAN_POINT('Ctrl Pts',(5.87399541117753,1.55,3.015665757976));
#13036=CARTESIAN_POINT('Ctrl Pts',(5.9798616049489,1.55,2.92617057593865));
#13037=CARTESIAN_POINT('',(5.82842915036287,1.54,3.06696181329293));
#13038=CARTESIAN_POINT('',(5.82842915036287,1.55,3.06696181329293));
#13039=CARTESIAN_POINT('Ctrl Pts',(5.82842915036287,1.54,3.06696181329293));
#13040=CARTESIAN_POINT('Ctrl Pts',(5.87399541117753,1.54,3.015665757976));
#13041=CARTESIAN_POINT('Ctrl Pts',(5.9798616049489,1.54,2.92617057593865));
#13042=CARTESIAN_POINT('Ctrl Pts',(5.76321779467668,1.55,3.16464250119728));
#13043=CARTESIAN_POINT('Ctrl Pts',(5.76321779467668,1.54,3.16464250119728));
#13044=CARTESIAN_POINT('Ctrl Pts',(5.78286318757142,1.55,3.11825786860985));
#13045=CARTESIAN_POINT('Ctrl Pts',(5.78286318757142,1.54,3.11825786860985));
#13046=CARTESIAN_POINT('Ctrl Pts',(5.82842915036287,1.55,3.06696181329293));
#13047=CARTESIAN_POINT('Ctrl Pts',(5.82842915036287,1.54,3.06696181329293));
#13048=CARTESIAN_POINT('',(5.76321779467668,1.55,3.16464250119728));
#13049=CARTESIAN_POINT('Ctrl Pts',(5.76321779467668,1.55,3.16464250119728));
#13050=CARTESIAN_POINT('Ctrl Pts',(5.78286318757142,1.55,3.11825786860985));
#13051=CARTESIAN_POINT('Ctrl Pts',(5.82842915036287,1.55,3.06696181329293));
#13052=CARTESIAN_POINT('',(5.76321779467668,1.54,3.16464250119728));
#13053=CARTESIAN_POINT('',(5.76321779467668,1.55,3.16464250119728));
#13054=CARTESIAN_POINT('Ctrl Pts',(5.76321779467668,1.54,3.16464250119728));
#13055=CARTESIAN_POINT('Ctrl Pts',(5.78286318757142,1.54,3.11825786860985));
#13056=CARTESIAN_POINT('Ctrl Pts',(5.82842915036287,1.54,3.06696181329293));
#13057=CARTESIAN_POINT('Ctrl Pts',(5.74357240178193,1.55,3.25904910596413));
#13058=CARTESIAN_POINT('Ctrl Pts',(5.74357240178193,1.54,3.25904910596413));
#13059=CARTESIAN_POINT('Ctrl Pts',(5.74357240178193,1.55,3.21102713378472));
#13060=CARTESIAN_POINT('Ctrl Pts',(5.74357240178193,1.54,3.21102713378472));
#13061=CARTESIAN_POINT('Ctrl Pts',(5.76321779467668,1.55,3.16464250119728));
#13062=CARTESIAN_POINT('Ctrl Pts',(5.76321779467668,1.54,3.16464250119728));
#13063=CARTESIAN_POINT('',(5.74357240178193,1.55,3.25904910596413));
#13064=CARTESIAN_POINT('Ctrl Pts',(5.74357240178193,1.55,3.25904910596413));
#13065=CARTESIAN_POINT('Ctrl Pts',(5.74357240178193,1.55,3.21102713378472));
#13066=CARTESIAN_POINT('Ctrl Pts',(5.76321779467668,1.55,3.16464250119728));
#13067=CARTESIAN_POINT('',(5.74357240178193,1.54,3.25904910596413));
#13068=CARTESIAN_POINT('',(5.74357240178193,1.55,3.25904910596413));
#13069=CARTESIAN_POINT('Ctrl Pts',(5.74357240178193,1.54,3.25904910596413));
#13070=CARTESIAN_POINT('Ctrl Pts',(5.74357240178193,1.54,3.21102713378472));
#13071=CARTESIAN_POINT('Ctrl Pts',(5.76321779467668,1.54,3.16464250119728));
#13072=CARTESIAN_POINT('Ctrl Pts',(5.81069378830995,1.55,3.41730271609825));
#13073=CARTESIAN_POINT('Ctrl Pts',(5.81069378830995,1.54,3.41730271609825));
#13074=CARTESIAN_POINT('Ctrl Pts',(5.74357240178193,1.55,3.35345571073097));
#13075=CARTESIAN_POINT('Ctrl Pts',(5.74357240178193,1.54,3.35345571073097));
#13076=CARTESIAN_POINT('Ctrl Pts',(5.74357240178193,1.55,3.25904910596413));
#13077=CARTESIAN_POINT('Ctrl Pts',(5.74357240178193,1.54,3.25904910596413));
#13078=CARTESIAN_POINT('',(5.81069378830995,1.55,3.41730271609825));
#13079=CARTESIAN_POINT('Ctrl Pts',(5.81069378830995,1.55,3.41730271609825));
#13080=CARTESIAN_POINT('Ctrl Pts',(5.74357240178193,1.55,3.35345571073097));
#13081=CARTESIAN_POINT('Ctrl Pts',(5.74357240178193,1.55,3.25904910596413));
#13082=CARTESIAN_POINT('',(5.81069378830995,1.54,3.41730271609825));
#13083=CARTESIAN_POINT('',(5.81069378830995,1.55,3.41730271609825));
#13084=CARTESIAN_POINT('Ctrl Pts',(5.81069378830995,1.54,3.41730271609825));
#13085=CARTESIAN_POINT('Ctrl Pts',(5.74357240178193,1.54,3.35345571073097));
#13086=CARTESIAN_POINT('Ctrl Pts',(5.74357240178193,1.54,3.25904910596413));
#13087=CARTESIAN_POINT('Ctrl Pts',(5.99295853354539,1.55,3.48115001948876));
#13088=CARTESIAN_POINT('Ctrl Pts',(5.99295853354539,1.54,3.48115001948876));
#13089=CARTESIAN_POINT('Ctrl Pts',(5.87781547286119,1.55,3.48115001948876));
#13090=CARTESIAN_POINT('Ctrl Pts',(5.87781547286119,1.54,3.48115001948876));
#13091=CARTESIAN_POINT('Ctrl Pts',(5.81069378830995,1.55,3.41730271609825));
#13092=CARTESIAN_POINT('Ctrl Pts',(5.81069378830995,1.54,3.41730271609825));
#13093=CARTESIAN_POINT('',(5.99295853354539,1.55,3.48115001948876));
#13094=CARTESIAN_POINT('Ctrl Pts',(5.99295853354539,1.55,3.48115001948876));
#13095=CARTESIAN_POINT('Ctrl Pts',(5.87781547286119,1.55,3.48115001948876));
#13096=CARTESIAN_POINT('Ctrl Pts',(5.81069378830995,1.55,3.41730271609825));
#13097=CARTESIAN_POINT('',(5.99295853354539,1.54,3.48115001948876));
#13098=CARTESIAN_POINT('',(5.99295853354539,1.55,3.48115001948876));
#13099=CARTESIAN_POINT('Ctrl Pts',(5.99295853354539,1.54,3.48115001948876));
#13100=CARTESIAN_POINT('Ctrl Pts',(5.87781547286119,1.54,3.48115001948876));
#13101=CARTESIAN_POINT('Ctrl Pts',(5.81069378830995,1.54,3.41730271609825));
#13102=CARTESIAN_POINT('Ctrl Pts',(6.17467759825792,1.55,3.42194114955467));
#13103=CARTESIAN_POINT('Ctrl Pts',(6.17467759825792,1.54,3.42194114955467));
#13104=CARTESIAN_POINT('Ctrl Pts',(6.10701053120698,1.55,3.48115001948876));
#13105=CARTESIAN_POINT('Ctrl Pts',(6.10701053120698,1.54,3.48115001948876));
#13106=CARTESIAN_POINT('Ctrl Pts',(5.99295853354539,1.55,3.48115001948876));
#13107=CARTESIAN_POINT('Ctrl Pts',(5.99295853354539,1.54,3.48115001948876));
#13108=CARTESIAN_POINT('',(6.17467759825792,1.55,3.42194114955467));
#13109=CARTESIAN_POINT('Ctrl Pts',(6.17467759825792,1.55,3.42194114955467));
#13110=CARTESIAN_POINT('Ctrl Pts',(6.10701053120698,1.55,3.48115001948876));
#13111=CARTESIAN_POINT('Ctrl Pts',(5.99295853354539,1.55,3.48115001948876));
#13112=CARTESIAN_POINT('',(6.17467759825792,1.54,3.42194114955467));
#13113=CARTESIAN_POINT('',(6.17467759825792,1.55,3.42194114955467));
#13114=CARTESIAN_POINT('Ctrl Pts',(6.17467759825792,1.54,3.42194114955467));
#13115=CARTESIAN_POINT('Ctrl Pts',(6.10701053120698,1.54,3.48115001948876));
#13116=CARTESIAN_POINT('Ctrl Pts',(5.99295853354539,1.54,3.48115001948876));
#13117=CARTESIAN_POINT('Ctrl Pts',(6.25271289326753,1.55,3.24977223905129));
#13118=CARTESIAN_POINT('Ctrl Pts',(6.25271289326753,1.54,3.24977223905129));
#13119=CARTESIAN_POINT('Ctrl Pts',(6.24234466530885,1.55,3.36273257764382));
#13120=CARTESIAN_POINT('Ctrl Pts',(6.24234466530885,1.54,3.36273257764382));
#13121=CARTESIAN_POINT('Ctrl Pts',(6.17467759825792,1.55,3.42194114955467));
#13122=CARTESIAN_POINT('Ctrl Pts',(6.17467759825792,1.54,3.42194114955467));
#13123=CARTESIAN_POINT('',(6.25271289326753,1.55,3.24977223905129));
#13124=CARTESIAN_POINT('Ctrl Pts',(6.25271289326753,1.55,3.24977223905129));
#13125=CARTESIAN_POINT('Ctrl Pts',(6.24234466530885,1.55,3.36273257764382));
#13126=CARTESIAN_POINT('Ctrl Pts',(6.17467759825792,1.55,3.42194114955467));
#13127=CARTESIAN_POINT('',(6.25271289326753,1.54,3.24977223905129));
#13128=CARTESIAN_POINT('',(6.25271289326753,1.55,3.24977223905129));
#13129=CARTESIAN_POINT('Ctrl Pts',(6.25271289326753,1.54,3.24977223905129));
#13130=CARTESIAN_POINT('Ctrl Pts',(6.24234466530885,1.54,3.36273257764382));
#13131=CARTESIAN_POINT('Ctrl Pts',(6.17467759825792,1.54,3.42194114955467));
#13132=CARTESIAN_POINT('Origin',(6.15175812222566,1.55,3.23940371306938));
#13133=CARTESIAN_POINT('',(6.15175812222566,1.55,3.23940371306938));
#13134=CARTESIAN_POINT('',(5.00126177619476,1.55,3.1212423707891));
#13135=CARTESIAN_POINT('',(6.15175812222566,1.54,3.23940371306938));
#13136=CARTESIAN_POINT('',(6.15175812222566,1.55,3.23940371306938));
#13137=CARTESIAN_POINT('',(6.15175812222566,1.54,3.23940371306938));
#13138=CARTESIAN_POINT('Ctrl Pts',(6.10864757277574,1.55,3.35727547439141));
#13139=CARTESIAN_POINT('Ctrl Pts',(6.10864757277574,1.54,3.35727547439141));
#13140=CARTESIAN_POINT('Ctrl Pts',(6.15121244170274,1.55,3.3147106054644));
#13141=CARTESIAN_POINT('Ctrl Pts',(6.15121244170274,1.54,3.3147106054644));
#13142=CARTESIAN_POINT('Ctrl Pts',(6.15175812222566,1.55,3.23940371306938));
#13143=CARTESIAN_POINT('Ctrl Pts',(6.15175812222566,1.54,3.23940371306938));
#13144=CARTESIAN_POINT('',(6.10864757277574,1.55,3.35727547439141));
#13145=CARTESIAN_POINT('Ctrl Pts',(6.10864757277574,1.55,3.35727547439141));
#13146=CARTESIAN_POINT('Ctrl Pts',(6.15121244170274,1.55,3.3147106054644));
#13147=CARTESIAN_POINT('Ctrl Pts',(6.15175812222566,1.55,3.23940371306938));
#13148=CARTESIAN_POINT('',(6.10864757277574,1.54,3.35727547439141));
#13149=CARTESIAN_POINT('',(6.10864757277574,1.55,3.35727547439141));
#13150=CARTESIAN_POINT('Ctrl Pts',(6.10864757277574,1.54,3.35727547439141));
#13151=CARTESIAN_POINT('Ctrl Pts',(6.15121244170274,1.54,3.3147106054644));
#13152=CARTESIAN_POINT('Ctrl Pts',(6.15175812222566,1.54,3.23940371306938));
#13153=CARTESIAN_POINT('Ctrl Pts',(5.99514125563707,1.55,3.39984034331841));
#13154=CARTESIAN_POINT('Ctrl Pts',(5.99514125563707,1.54,3.39984034331841));
#13155=CARTESIAN_POINT('Ctrl Pts',(6.06608270384874,1.55,3.39984034331841));
#13156=CARTESIAN_POINT('Ctrl Pts',(6.06608270384874,1.54,3.39984034331841));
#13157=CARTESIAN_POINT('Ctrl Pts',(6.10864757277574,1.55,3.35727547439141));
#13158=CARTESIAN_POINT('Ctrl Pts',(6.10864757277574,1.54,3.35727547439141));
#13159=CARTESIAN_POINT('',(5.99514125563707,1.55,3.39984034331841));
#13160=CARTESIAN_POINT('Ctrl Pts',(5.99514125563707,1.55,3.39984034331841));
#13161=CARTESIAN_POINT('Ctrl Pts',(6.06608270384874,1.55,3.39984034331841));
#13162=CARTESIAN_POINT('Ctrl Pts',(6.10864757277574,1.55,3.35727547439141));
#13163=CARTESIAN_POINT('',(5.99514125563707,1.54,3.39984034331841));
#13164=CARTESIAN_POINT('',(5.99514125563707,1.55,3.39984034331841));
#13165=CARTESIAN_POINT('Ctrl Pts',(5.99514125563707,1.54,3.39984034331841));
#13166=CARTESIAN_POINT('Ctrl Pts',(6.06608270384874,1.54,3.39984034331841));
#13167=CARTESIAN_POINT('Ctrl Pts',(6.10864757277574,1.54,3.35727547439141));
#13168=CARTESIAN_POINT('Ctrl Pts',(5.88627366997804,1.55,3.35973118575615));
#13169=CARTESIAN_POINT('Ctrl Pts',(5.88627366997804,1.54,3.35973118575615));
#13170=CARTESIAN_POINT('Ctrl Pts',(5.92801986910905,1.55,3.39984034331841));
#13171=CARTESIAN_POINT('Ctrl Pts',(5.92801986910905,1.54,3.39984034331841));
#13172=CARTESIAN_POINT('Ctrl Pts',(5.99514125563707,1.55,3.39984034331841));
#13173=CARTESIAN_POINT('Ctrl Pts',(5.99514125563707,1.54,3.39984034331841));
#13174=CARTESIAN_POINT('',(5.88627366997804,1.55,3.35973118575615));
#13175=CARTESIAN_POINT('Ctrl Pts',(5.88627366997804,1.55,3.35973118575615));
#13176=CARTESIAN_POINT('Ctrl Pts',(5.92801986910905,1.55,3.39984034331841));
#13177=CARTESIAN_POINT('Ctrl Pts',(5.99514125563707,1.55,3.39984034331841));
#13178=CARTESIAN_POINT('',(5.88627366997804,1.54,3.35973118575615));
#13179=CARTESIAN_POINT('',(5.88627366997804,1.55,3.35973118575615));
#13180=CARTESIAN_POINT('Ctrl Pts',(5.88627366997804,1.54,3.35973118575615));
#13181=CARTESIAN_POINT('Ctrl Pts',(5.92801986910905,1.54,3.39984034331841));
#13182=CARTESIAN_POINT('Ctrl Pts',(5.99514125563707,1.54,3.39984034331841));
#13183=CARTESIAN_POINT('Ctrl Pts',(5.84452747084703,1.55,3.2612318280558));
#13184=CARTESIAN_POINT('Ctrl Pts',(5.84452747084703,1.54,3.2612318280558));
#13185=CARTESIAN_POINT('Ctrl Pts',(5.84452747084703,1.55,3.3196220281939));
#13186=CARTESIAN_POINT('Ctrl Pts',(5.84452747084703,1.54,3.3196220281939));
#13187=CARTESIAN_POINT('Ctrl Pts',(5.88627366997804,1.55,3.35973118575615));
#13188=CARTESIAN_POINT('Ctrl Pts',(5.88627366997804,1.54,3.35973118575615));
#13189=CARTESIAN_POINT('',(5.84452747084703,1.55,3.2612318280558));
#13190=CARTESIAN_POINT('Ctrl Pts',(5.84452747084703,1.55,3.2612318280558));
#13191=CARTESIAN_POINT('Ctrl Pts',(5.84452747084703,1.55,3.3196220281939));
#13192=CARTESIAN_POINT('Ctrl Pts',(5.88627366997804,1.55,3.35973118575615));
#13193=CARTESIAN_POINT('',(5.84452747084703,1.54,3.2612318280558));
#13194=CARTESIAN_POINT('',(5.84452747084703,1.55,3.2612318280558));
#13195=CARTESIAN_POINT('Ctrl Pts',(5.84452747084703,1.54,3.2612318280558));
#13196=CARTESIAN_POINT('Ctrl Pts',(5.84452747084703,1.54,3.3196220281939));
#13197=CARTESIAN_POINT('Ctrl Pts',(5.88627366997804,1.54,3.35973118575615));
#13198=CARTESIAN_POINT('Ctrl Pts',(5.89036642291154,1.55,3.14308737548394));
#13199=CARTESIAN_POINT('Ctrl Pts',(5.89036642291154,1.54,3.14308737548394));
#13200=CARTESIAN_POINT('Ctrl Pts',(5.84452747084703,1.55,3.20557032855553));
#13201=CARTESIAN_POINT('Ctrl Pts',(5.84452747084703,1.54,3.20557032855553));
#13202=CARTESIAN_POINT('Ctrl Pts',(5.84452747084703,1.55,3.2612318280558));
#13203=CARTESIAN_POINT('Ctrl Pts',(5.84452747084703,1.54,3.2612318280558));
#13204=CARTESIAN_POINT('',(5.89036642291154,1.55,3.14308737548394));
#13205=CARTESIAN_POINT('Ctrl Pts',(5.89036642291154,1.55,3.14308737548394));
#13206=CARTESIAN_POINT('Ctrl Pts',(5.84452747084703,1.55,3.20557032855553));
#13207=CARTESIAN_POINT('Ctrl Pts',(5.84452747084703,1.55,3.2612318280558));
#13208=CARTESIAN_POINT('',(5.89036642291154,1.54,3.14308737548394));
#13209=CARTESIAN_POINT('',(5.89036642291154,1.55,3.14308737548394));
#13210=CARTESIAN_POINT('Ctrl Pts',(5.89036642291154,1.54,3.14308737548394));
#13211=CARTESIAN_POINT('Ctrl Pts',(5.84452747084703,1.54,3.20557032855553));
#13212=CARTESIAN_POINT('Ctrl Pts',(5.84452747084703,1.54,3.2612318280558));
#13213=CARTESIAN_POINT('Ctrl Pts',(6.06662838437166,1.55,2.97364656957192));
#13214=CARTESIAN_POINT('Ctrl Pts',(6.06662838437166,1.54,2.97364656957192));
#13215=CARTESIAN_POINT('Ctrl Pts',(5.93620537497606,1.55,3.08060442241234));
#13216=CARTESIAN_POINT('Ctrl Pts',(5.93620537497606,1.54,3.08060442241234));
#13217=CARTESIAN_POINT('Ctrl Pts',(5.89036642291154,1.55,3.14308737548394));
#13218=CARTESIAN_POINT('Ctrl Pts',(5.89036642291154,1.54,3.14308737548394));
#13219=CARTESIAN_POINT('',(6.06662838437166,1.55,2.97364656957192));
#13220=CARTESIAN_POINT('Ctrl Pts',(6.06662838437166,1.55,2.97364656957192));
#13221=CARTESIAN_POINT('Ctrl Pts',(5.93620537497606,1.55,3.08060442241234));
#13222=CARTESIAN_POINT('Ctrl Pts',(5.89036642291154,1.55,3.14308737548394));
#13223=CARTESIAN_POINT('',(6.06662838437166,1.54,2.97364656957192));
#13224=CARTESIAN_POINT('',(6.06662838437166,1.55,2.97364656957192));
#13225=CARTESIAN_POINT('Ctrl Pts',(6.06662838437166,1.54,2.97364656957192));
#13226=CARTESIAN_POINT('Ctrl Pts',(5.93620537497606,1.54,3.08060442241234));
#13227=CARTESIAN_POINT('Ctrl Pts',(5.89036642291154,1.54,3.14308737548394));
#13228=CARTESIAN_POINT('Ctrl Pts',(6.19514136292543,1.55,2.85250072511238));
#13229=CARTESIAN_POINT('Ctrl Pts',(6.19514136292543,1.54,2.85250072511238));
#13230=CARTESIAN_POINT('Ctrl Pts',(6.1506664631566,1.55,2.90488814147515));
#13231=CARTESIAN_POINT('Ctrl Pts',(6.1506664631566,1.54,2.90488814147515));
#13232=CARTESIAN_POINT('Ctrl Pts',(6.06662838437166,1.55,2.97364656957192));
#13233=CARTESIAN_POINT('Ctrl Pts',(6.06662838437166,1.54,2.97364656957192));
#13234=CARTESIAN_POINT('',(6.19514136292543,1.55,2.85250072511238));
#13235=CARTESIAN_POINT('Ctrl Pts',(6.19514136292543,1.55,2.85250072511238));
#13236=CARTESIAN_POINT('Ctrl Pts',(6.1506664631566,1.55,2.90488814147515));
#13237=CARTESIAN_POINT('Ctrl Pts',(6.06662838437166,1.55,2.97364656957192));
#13238=CARTESIAN_POINT('',(6.19514136292543,1.54,2.85250072511238));
#13239=CARTESIAN_POINT('',(6.19514136292543,1.55,2.85250072511238));
#13240=CARTESIAN_POINT('Ctrl Pts',(6.19514136292543,1.54,2.85250072511238));
#13241=CARTESIAN_POINT('Ctrl Pts',(6.1506664631566,1.54,2.90488814147515));
#13242=CARTESIAN_POINT('Ctrl Pts',(6.06662838437166,1.54,2.97364656957192));
#13243=CARTESIAN_POINT('Ctrl Pts',(6.2598070380887,1.55,2.74608855279488));
#13244=CARTESIAN_POINT('Ctrl Pts',(6.2598070380887,1.54,2.74608855279488));
#13245=CARTESIAN_POINT('Ctrl Pts',(6.23961626269426,1.55,2.80011330874962));
#13246=CARTESIAN_POINT('Ctrl Pts',(6.23961626269426,1.54,2.80011330874962));
#13247=CARTESIAN_POINT('Ctrl Pts',(6.19514136292543,1.55,2.85250072511238));
#13248=CARTESIAN_POINT('Ctrl Pts',(6.19514136292543,1.54,2.85250072511238));
#13249=CARTESIAN_POINT('',(6.2598070380887,1.55,2.74608855279488));
#13250=CARTESIAN_POINT('Ctrl Pts',(6.2598070380887,1.55,2.74608855279488));
#13251=CARTESIAN_POINT('Ctrl Pts',(6.23961626269426,1.55,2.80011330874962));
#13252=CARTESIAN_POINT('Ctrl Pts',(6.19514136292543,1.55,2.85250072511238));
#13253=CARTESIAN_POINT('',(6.2598070380887,1.54,2.74608855279488));
#13254=CARTESIAN_POINT('',(6.2598070380887,1.55,2.74608855279488));
#13255=CARTESIAN_POINT('Ctrl Pts',(6.2598070380887,1.54,2.74608855279488));
#13256=CARTESIAN_POINT('Ctrl Pts',(6.23961626269426,1.54,2.80011330874962));
#13257=CARTESIAN_POINT('Ctrl Pts',(6.19514136292543,1.54,2.85250072511238));
#13258=CARTESIAN_POINT('Ctrl Pts',(6.27126692511644,1.55,2.67787580522103));
#13259=CARTESIAN_POINT('Ctrl Pts',(6.27126692511644,1.54,2.67787580522103));
#13260=CARTESIAN_POINT('Ctrl Pts',(6.27235828616227,1.55,2.71334652932686));
#13261=CARTESIAN_POINT('Ctrl Pts',(6.27235828616227,1.54,2.71334652932686));
#13262=CARTESIAN_POINT('Ctrl Pts',(6.2598070380887,1.55,2.74608855279488));
#13263=CARTESIAN_POINT('Ctrl Pts',(6.2598070380887,1.54,2.74608855279488));
#13264=CARTESIAN_POINT('',(6.27126692511644,1.55,2.67787580522103));
#13265=CARTESIAN_POINT('Ctrl Pts',(6.27126692511644,1.55,2.67787580522103));
#13266=CARTESIAN_POINT('Ctrl Pts',(6.27235828616227,1.55,2.71334652932686));
#13267=CARTESIAN_POINT('Ctrl Pts',(6.2598070380887,1.55,2.74608855279488));
#13268=CARTESIAN_POINT('',(6.27126692511644,1.54,2.67787580522103));
#13269=CARTESIAN_POINT('',(6.27126692511644,1.55,2.67787580522103));
#13270=CARTESIAN_POINT('Ctrl Pts',(6.27126692511644,1.54,2.67787580522103));
#13271=CARTESIAN_POINT('Ctrl Pts',(6.27235828616227,1.54,2.71334652932686));
#13272=CARTESIAN_POINT('Ctrl Pts',(6.2598070380887,1.54,2.74608855279488));
#13273=CARTESIAN_POINT('Origin',(5.7424810407361,1.55,2.67787580522103));
#13274=CARTESIAN_POINT('',(5.7424810407361,1.55,2.67787580522103));
#13275=CARTESIAN_POINT('',(4.77624052036805,1.55,2.67787580522103));
#13276=CARTESIAN_POINT('',(5.7424810407361,1.54,2.67787580522103));
#13277=CARTESIAN_POINT('',(5.7424810407361,1.55,2.67787580522103));
#13278=CARTESIAN_POINT('',(5.7424810407361,1.54,2.67787580522103));
#13279=CARTESIAN_POINT('Origin',(5.7424810407361,1.55,2.77228240998787));
#13280=CARTESIAN_POINT('',(5.7424810407361,1.55,2.77228240998787));
#13281=CARTESIAN_POINT('',(5.7424810407361,1.55,3.08614120499394));
#13282=CARTESIAN_POINT('',(5.7424810407361,1.54,2.77228240998787));
#13283=CARTESIAN_POINT('',(5.7424810407361,1.55,2.77228240998787));
#13284=CARTESIAN_POINT('',(5.7424810407361,1.54,2.77228240998787));
#13285=CARTESIAN_POINT('Origin',(6.13484113194551,1.55,2.77228240998787));
#13286=CARTESIAN_POINT('',(4.97242056597275,1.55,2.77228240998787));
#13287=CARTESIAN_POINT('',(6.13484113194551,1.54,2.77228240998787));
#13288=CARTESIAN_POINT('Origin',(4.35994378939773,1.54,3.7024323377232));
#13289=CARTESIAN_POINT('Ctrl Pts',(6.71492307164277,1.55,2.82548849614662));
#13290=CARTESIAN_POINT('Ctrl Pts',(6.71492307164277,1.54,2.82548849614662));
#13291=CARTESIAN_POINT('Ctrl Pts',(6.74002526976671,1.55,2.79902164968056));
#13292=CARTESIAN_POINT('Ctrl Pts',(6.74002526976671,1.54,2.79902164968056));
#13293=CARTESIAN_POINT('Ctrl Pts',(6.75639628150071,1.55,2.77228240998787));
#13294=CARTESIAN_POINT('Ctrl Pts',(6.75639628150071,1.54,2.77228240998787));
#13295=CARTESIAN_POINT('',(6.71492307164277,1.55,2.82548849614662));
#13296=CARTESIAN_POINT('',(6.75639628150071,1.55,2.77228240998787));
#13297=CARTESIAN_POINT('Ctrl Pts',(6.71492307164277,1.55,2.82548849614662));
#13298=CARTESIAN_POINT('Ctrl Pts',(6.74002526976671,1.55,2.79902164968056));
#13299=CARTESIAN_POINT('Ctrl Pts',(6.75639628150071,1.55,2.77228240998787));
#13300=CARTESIAN_POINT('',(6.71492307164277,1.54,2.82548849614662));
#13301=CARTESIAN_POINT('',(6.71492307164277,1.55,2.82548849614662));
#13302=CARTESIAN_POINT('',(6.75639628150071,1.54,2.77228240998787));
#13303=CARTESIAN_POINT('Ctrl Pts',(6.71492307164277,1.54,2.82548849614662));
#13304=CARTESIAN_POINT('Ctrl Pts',(6.74002526976671,1.54,2.79902164968056));
#13305=CARTESIAN_POINT('Ctrl Pts',(6.75639628150071,1.54,2.77228240998787));
#13306=CARTESIAN_POINT('',(6.75639628150071,1.55,2.77228240998787));
#13307=CARTESIAN_POINT('Ctrl Pts',(6.6014167545041,1.55,2.92617057593865));
#13308=CARTESIAN_POINT('Ctrl Pts',(6.6014167545041,1.54,2.92617057593865));
#13309=CARTESIAN_POINT('Ctrl Pts',(6.68982057549562,1.55,2.85195504458946));
#13310=CARTESIAN_POINT('Ctrl Pts',(6.68982057549562,1.54,2.85195504458946));
#13311=CARTESIAN_POINT('Ctrl Pts',(6.71492307164277,1.55,2.82548849614662));
#13312=CARTESIAN_POINT('Ctrl Pts',(6.71492307164277,1.54,2.82548849614662));
#13313=CARTESIAN_POINT('',(6.6014167545041,1.55,2.92617057593865));
#13314=CARTESIAN_POINT('Ctrl Pts',(6.6014167545041,1.55,2.92617057593865));
#13315=CARTESIAN_POINT('Ctrl Pts',(6.68982057549562,1.55,2.85195504458946));
#13316=CARTESIAN_POINT('Ctrl Pts',(6.71492307164277,1.55,2.82548849614662));
#13317=CARTESIAN_POINT('',(6.6014167545041,1.54,2.92617057593865));
#13318=CARTESIAN_POINT('',(6.6014167545041,1.55,2.92617057593865));
#13319=CARTESIAN_POINT('Ctrl Pts',(6.6014167545041,1.54,2.92617057593865));
#13320=CARTESIAN_POINT('Ctrl Pts',(6.68982057549562,1.54,2.85195504458946));
#13321=CARTESIAN_POINT('Ctrl Pts',(6.71492307164277,1.54,2.82548849614662));
#13322=CARTESIAN_POINT('Ctrl Pts',(6.44998429991807,1.55,3.06696181329293));
#13323=CARTESIAN_POINT('Ctrl Pts',(6.44998429991807,1.54,3.06696181329293));
#13324=CARTESIAN_POINT('Ctrl Pts',(6.49555056073274,1.55,3.015665757976));
#13325=CARTESIAN_POINT('Ctrl Pts',(6.49555056073274,1.54,3.015665757976));
#13326=CARTESIAN_POINT('Ctrl Pts',(6.6014167545041,1.55,2.92617057593865));
#13327=CARTESIAN_POINT('Ctrl Pts',(6.6014167545041,1.54,2.92617057593865));
#13328=CARTESIAN_POINT('',(6.44998429991807,1.55,3.06696181329293));
#13329=CARTESIAN_POINT('Ctrl Pts',(6.44998429991807,1.55,3.06696181329293));
#13330=CARTESIAN_POINT('Ctrl Pts',(6.49555056073274,1.55,3.015665757976));
#13331=CARTESIAN_POINT('Ctrl Pts',(6.6014167545041,1.55,2.92617057593865));
#13332=CARTESIAN_POINT('',(6.44998429991807,1.54,3.06696181329293));
#13333=CARTESIAN_POINT('',(6.44998429991807,1.55,3.06696181329293));
#13334=CARTESIAN_POINT('Ctrl Pts',(6.44998429991807,1.54,3.06696181329293));
#13335=CARTESIAN_POINT('Ctrl Pts',(6.49555056073274,1.54,3.015665757976));
#13336=CARTESIAN_POINT('Ctrl Pts',(6.6014167545041,1.54,2.92617057593865));
#13337=CARTESIAN_POINT('Ctrl Pts',(6.38477294423188,1.55,3.16464250119728));
#13338=CARTESIAN_POINT('Ctrl Pts',(6.38477294423188,1.54,3.16464250119728));
#13339=CARTESIAN_POINT('Ctrl Pts',(6.40441833712663,1.55,3.11825786860985));
#13340=CARTESIAN_POINT('Ctrl Pts',(6.40441833712663,1.54,3.11825786860985));
#13341=CARTESIAN_POINT('Ctrl Pts',(6.44998429991807,1.55,3.06696181329293));
#13342=CARTESIAN_POINT('Ctrl Pts',(6.44998429991807,1.54,3.06696181329293));
#13343=CARTESIAN_POINT('',(6.38477294423188,1.55,3.16464250119728));
#13344=CARTESIAN_POINT('Ctrl Pts',(6.38477294423188,1.55,3.16464250119728));
#13345=CARTESIAN_POINT('Ctrl Pts',(6.40441833712663,1.55,3.11825786860985));
#13346=CARTESIAN_POINT('Ctrl Pts',(6.44998429991807,1.55,3.06696181329293));
#13347=CARTESIAN_POINT('',(6.38477294423188,1.54,3.16464250119728));
#13348=CARTESIAN_POINT('',(6.38477294423188,1.55,3.16464250119728));
#13349=CARTESIAN_POINT('Ctrl Pts',(6.38477294423188,1.54,3.16464250119728));
#13350=CARTESIAN_POINT('Ctrl Pts',(6.40441833712663,1.54,3.11825786860985));
#13351=CARTESIAN_POINT('Ctrl Pts',(6.44998429991807,1.54,3.06696181329293));
#13352=CARTESIAN_POINT('Ctrl Pts',(6.36512755133714,1.55,3.25904910596413));
#13353=CARTESIAN_POINT('Ctrl Pts',(6.36512755133714,1.54,3.25904910596413));
#13354=CARTESIAN_POINT('Ctrl Pts',(6.36512755133714,1.55,3.21102713378472));
#13355=CARTESIAN_POINT('Ctrl Pts',(6.36512755133714,1.54,3.21102713378472));
#13356=CARTESIAN_POINT('Ctrl Pts',(6.38477294423188,1.55,3.16464250119728));
#13357=CARTESIAN_POINT('Ctrl Pts',(6.38477294423188,1.54,3.16464250119728));
#13358=CARTESIAN_POINT('',(6.36512755133714,1.55,3.25904910596413));
#13359=CARTESIAN_POINT('Ctrl Pts',(6.36512755133714,1.55,3.25904910596413));
#13360=CARTESIAN_POINT('Ctrl Pts',(6.36512755133714,1.55,3.21102713378472));
#13361=CARTESIAN_POINT('Ctrl Pts',(6.38477294423188,1.55,3.16464250119728));
#13362=CARTESIAN_POINT('',(6.36512755133714,1.54,3.25904910596413));
#13363=CARTESIAN_POINT('',(6.36512755133714,1.55,3.25904910596413));
#13364=CARTESIAN_POINT('Ctrl Pts',(6.36512755133714,1.54,3.25904910596413));
#13365=CARTESIAN_POINT('Ctrl Pts',(6.36512755133714,1.54,3.21102713378472));
#13366=CARTESIAN_POINT('Ctrl Pts',(6.38477294423188,1.54,3.16464250119728));
#13367=CARTESIAN_POINT('Ctrl Pts',(6.43224893786515,1.55,3.41730271609825));
#13368=CARTESIAN_POINT('Ctrl Pts',(6.43224893786515,1.54,3.41730271609825));
#13369=CARTESIAN_POINT('Ctrl Pts',(6.36512755133714,1.55,3.35345571073097));
#13370=CARTESIAN_POINT('Ctrl Pts',(6.36512755133714,1.54,3.35345571073097));
#13371=CARTESIAN_POINT('Ctrl Pts',(6.36512755133714,1.55,3.25904910596413));
#13372=CARTESIAN_POINT('Ctrl Pts',(6.36512755133714,1.54,3.25904910596413));
#13373=CARTESIAN_POINT('',(6.43224893786515,1.55,3.41730271609825));
#13374=CARTESIAN_POINT('Ctrl Pts',(6.43224893786515,1.55,3.41730271609825));
#13375=CARTESIAN_POINT('Ctrl Pts',(6.36512755133714,1.55,3.35345571073097));
#13376=CARTESIAN_POINT('Ctrl Pts',(6.36512755133714,1.55,3.25904910596413));
#13377=CARTESIAN_POINT('',(6.43224893786515,1.54,3.41730271609825));
#13378=CARTESIAN_POINT('',(6.43224893786515,1.55,3.41730271609825));
#13379=CARTESIAN_POINT('Ctrl Pts',(6.43224893786515,1.54,3.41730271609825));
#13380=CARTESIAN_POINT('Ctrl Pts',(6.36512755133714,1.54,3.35345571073097));
#13381=CARTESIAN_POINT('Ctrl Pts',(6.36512755133714,1.54,3.25904910596413));
#13382=CARTESIAN_POINT('Ctrl Pts',(6.6145136831006,1.55,3.48115001948876));
#13383=CARTESIAN_POINT('Ctrl Pts',(6.6145136831006,1.54,3.48115001948876));
#13384=CARTESIAN_POINT('Ctrl Pts',(6.49937032439317,1.55,3.48115001948876));
#13385=CARTESIAN_POINT('Ctrl Pts',(6.49937032439317,1.54,3.48115001948876));
#13386=CARTESIAN_POINT('Ctrl Pts',(6.43224893786515,1.55,3.41730271609825));
#13387=CARTESIAN_POINT('Ctrl Pts',(6.43224893786515,1.54,3.41730271609825));
#13388=CARTESIAN_POINT('',(6.6145136831006,1.55,3.48115001948876));
#13389=CARTESIAN_POINT('Ctrl Pts',(6.6145136831006,1.55,3.48115001948876));
#13390=CARTESIAN_POINT('Ctrl Pts',(6.49937032439317,1.55,3.48115001948876));
#13391=CARTESIAN_POINT('Ctrl Pts',(6.43224893786515,1.55,3.41730271609825));
#13392=CARTESIAN_POINT('',(6.6145136831006,1.54,3.48115001948876));
#13393=CARTESIAN_POINT('',(6.6145136831006,1.55,3.48115001948876));
#13394=CARTESIAN_POINT('Ctrl Pts',(6.6145136831006,1.54,3.48115001948876));
#13395=CARTESIAN_POINT('Ctrl Pts',(6.49937032439317,1.54,3.48115001948876));
#13396=CARTESIAN_POINT('Ctrl Pts',(6.43224893786515,1.54,3.41730271609825));
#13397=CARTESIAN_POINT('Ctrl Pts',(6.79623274781312,1.55,3.42194114955467));
#13398=CARTESIAN_POINT('Ctrl Pts',(6.79623274781312,1.54,3.42194114955467));
#13399=CARTESIAN_POINT('Ctrl Pts',(6.72856568076219,1.55,3.48115001948876));
#13400=CARTESIAN_POINT('Ctrl Pts',(6.72856568076219,1.54,3.48115001948876));
#13401=CARTESIAN_POINT('Ctrl Pts',(6.6145136831006,1.55,3.48115001948876));
#13402=CARTESIAN_POINT('Ctrl Pts',(6.6145136831006,1.54,3.48115001948876));
#13403=CARTESIAN_POINT('',(6.79623274781312,1.55,3.42194114955467));
#13404=CARTESIAN_POINT('Ctrl Pts',(6.79623274781312,1.55,3.42194114955467));
#13405=CARTESIAN_POINT('Ctrl Pts',(6.72856568076219,1.55,3.48115001948876));
#13406=CARTESIAN_POINT('Ctrl Pts',(6.6145136831006,1.55,3.48115001948876));
#13407=CARTESIAN_POINT('',(6.79623274781312,1.54,3.42194114955467));
#13408=CARTESIAN_POINT('',(6.79623274781312,1.55,3.42194114955467));
#13409=CARTESIAN_POINT('Ctrl Pts',(6.79623274781312,1.54,3.42194114955467));
#13410=CARTESIAN_POINT('Ctrl Pts',(6.72856568076219,1.54,3.48115001948876));
#13411=CARTESIAN_POINT('Ctrl Pts',(6.6145136831006,1.54,3.48115001948876));
#13412=CARTESIAN_POINT('Ctrl Pts',(6.87426804282274,1.55,3.24977223905129));
#13413=CARTESIAN_POINT('Ctrl Pts',(6.87426804282274,1.54,3.24977223905129));
#13414=CARTESIAN_POINT('Ctrl Pts',(6.86389981486406,1.55,3.36273257764382));
#13415=CARTESIAN_POINT('Ctrl Pts',(6.86389981486406,1.54,3.36273257764382));
#13416=CARTESIAN_POINT('Ctrl Pts',(6.79623274781312,1.55,3.42194114955467));
#13417=CARTESIAN_POINT('Ctrl Pts',(6.79623274781312,1.54,3.42194114955467));
#13418=CARTESIAN_POINT('',(6.87426804282274,1.55,3.24977223905129));
#13419=CARTESIAN_POINT('Ctrl Pts',(6.87426804282274,1.55,3.24977223905129));
#13420=CARTESIAN_POINT('Ctrl Pts',(6.86389981486406,1.55,3.36273257764382));
#13421=CARTESIAN_POINT('Ctrl Pts',(6.79623274781312,1.55,3.42194114955467));
#13422=CARTESIAN_POINT('',(6.87426804282274,1.54,3.24977223905129));
#13423=CARTESIAN_POINT('',(6.87426804282274,1.55,3.24977223905129));
#13424=CARTESIAN_POINT('Ctrl Pts',(6.87426804282274,1.54,3.24977223905129));
#13425=CARTESIAN_POINT('Ctrl Pts',(6.86389981486406,1.54,3.36273257764382));
#13426=CARTESIAN_POINT('Ctrl Pts',(6.79623274781312,1.54,3.42194114955467));
#13427=CARTESIAN_POINT('Origin',(6.77331327178087,1.55,3.23940371306938));
#13428=CARTESIAN_POINT('',(6.77331327178087,1.55,3.23940371306938));
#13429=CARTESIAN_POINT('',(5.31528329210009,1.55,3.08965723184123));
#13430=CARTESIAN_POINT('',(6.77331327178087,1.54,3.23940371306938));
#13431=CARTESIAN_POINT('',(6.77331327178087,1.55,3.23940371306938));
#13432=CARTESIAN_POINT('',(6.77331327178087,1.54,3.23940371306938));
#13433=CARTESIAN_POINT('Ctrl Pts',(6.73020272233094,1.55,3.35727547439141));
#13434=CARTESIAN_POINT('Ctrl Pts',(6.73020272233094,1.54,3.35727547439141));
#13435=CARTESIAN_POINT('Ctrl Pts',(6.77276759125795,1.55,3.3147106054644));
#13436=CARTESIAN_POINT('Ctrl Pts',(6.77276759125795,1.54,3.3147106054644));
#13437=CARTESIAN_POINT('Ctrl Pts',(6.77331327178087,1.55,3.23940371306938));
#13438=CARTESIAN_POINT('Ctrl Pts',(6.77331327178087,1.54,3.23940371306938));
#13439=CARTESIAN_POINT('',(6.73020272233094,1.55,3.35727547439141));
#13440=CARTESIAN_POINT('Ctrl Pts',(6.73020272233094,1.55,3.35727547439141));
#13441=CARTESIAN_POINT('Ctrl Pts',(6.77276759125795,1.55,3.3147106054644));
#13442=CARTESIAN_POINT('Ctrl Pts',(6.77331327178087,1.55,3.23940371306938));
#13443=CARTESIAN_POINT('',(6.73020272233094,1.54,3.35727547439141));
#13444=CARTESIAN_POINT('',(6.73020272233094,1.55,3.35727547439141));
#13445=CARTESIAN_POINT('Ctrl Pts',(6.73020272233094,1.54,3.35727547439141));
#13446=CARTESIAN_POINT('Ctrl Pts',(6.77276759125795,1.54,3.3147106054644));
#13447=CARTESIAN_POINT('Ctrl Pts',(6.77331327178087,1.54,3.23940371306938));
#13448=CARTESIAN_POINT('Ctrl Pts',(6.61669640519227,1.55,3.39984034331841));
#13449=CARTESIAN_POINT('Ctrl Pts',(6.61669640519227,1.54,3.39984034331841));
#13450=CARTESIAN_POINT('Ctrl Pts',(6.68763785340394,1.55,3.39984034331841));
#13451=CARTESIAN_POINT('Ctrl Pts',(6.68763785340394,1.54,3.39984034331841));
#13452=CARTESIAN_POINT('Ctrl Pts',(6.73020272233094,1.55,3.35727547439141));
#13453=CARTESIAN_POINT('Ctrl Pts',(6.73020272233094,1.54,3.35727547439141));
#13454=CARTESIAN_POINT('',(6.61669640519227,1.55,3.39984034331841));
#13455=CARTESIAN_POINT('Ctrl Pts',(6.61669640519227,1.55,3.39984034331841));
#13456=CARTESIAN_POINT('Ctrl Pts',(6.68763785340394,1.55,3.39984034331841));
#13457=CARTESIAN_POINT('Ctrl Pts',(6.73020272233094,1.55,3.35727547439141));
#13458=CARTESIAN_POINT('',(6.61669640519227,1.54,3.39984034331841));
#13459=CARTESIAN_POINT('',(6.61669640519227,1.55,3.39984034331841));
#13460=CARTESIAN_POINT('Ctrl Pts',(6.61669640519227,1.54,3.39984034331841));
#13461=CARTESIAN_POINT('Ctrl Pts',(6.68763785340394,1.54,3.39984034331841));
#13462=CARTESIAN_POINT('Ctrl Pts',(6.73020272233094,1.54,3.35727547439141));
#13463=CARTESIAN_POINT('Ctrl Pts',(6.50782881953325,1.55,3.35973118575615));
#13464=CARTESIAN_POINT('Ctrl Pts',(6.50782881953325,1.54,3.35973118575615));
#13465=CARTESIAN_POINT('Ctrl Pts',(6.54957501866426,1.55,3.39984034331841));
#13466=CARTESIAN_POINT('Ctrl Pts',(6.54957501866426,1.54,3.39984034331841));
#13467=CARTESIAN_POINT('Ctrl Pts',(6.61669640519227,1.55,3.39984034331841));
#13468=CARTESIAN_POINT('Ctrl Pts',(6.61669640519227,1.54,3.39984034331841));
#13469=CARTESIAN_POINT('',(6.50782881953325,1.55,3.35973118575615));
#13470=CARTESIAN_POINT('Ctrl Pts',(6.50782881953325,1.55,3.35973118575615));
#13471=CARTESIAN_POINT('Ctrl Pts',(6.54957501866426,1.55,3.39984034331841));
#13472=CARTESIAN_POINT('Ctrl Pts',(6.61669640519227,1.55,3.39984034331841));
#13473=CARTESIAN_POINT('',(6.50782881953325,1.54,3.35973118575615));
#13474=CARTESIAN_POINT('',(6.50782881953325,1.55,3.35973118575615));
#13475=CARTESIAN_POINT('Ctrl Pts',(6.50782881953325,1.54,3.35973118575615));
#13476=CARTESIAN_POINT('Ctrl Pts',(6.54957501866426,1.54,3.39984034331841));
#13477=CARTESIAN_POINT('Ctrl Pts',(6.61669640519227,1.54,3.39984034331841));
#13478=CARTESIAN_POINT('Ctrl Pts',(6.46608262040223,1.55,3.2612318280558));
#13479=CARTESIAN_POINT('Ctrl Pts',(6.46608262040223,1.54,3.2612318280558));
#13480=CARTESIAN_POINT('Ctrl Pts',(6.46608262040223,1.55,3.3196220281939));
#13481=CARTESIAN_POINT('Ctrl Pts',(6.46608262040223,1.54,3.3196220281939));
#13482=CARTESIAN_POINT('Ctrl Pts',(6.50782881953325,1.55,3.35973118575615));
#13483=CARTESIAN_POINT('Ctrl Pts',(6.50782881953325,1.54,3.35973118575615));
#13484=CARTESIAN_POINT('',(6.46608262040223,1.55,3.2612318280558));
#13485=CARTESIAN_POINT('Ctrl Pts',(6.46608262040223,1.55,3.2612318280558));
#13486=CARTESIAN_POINT('Ctrl Pts',(6.46608262040223,1.55,3.3196220281939));
#13487=CARTESIAN_POINT('Ctrl Pts',(6.50782881953325,1.55,3.35973118575615));
#13488=CARTESIAN_POINT('',(6.46608262040223,1.54,3.2612318280558));
#13489=CARTESIAN_POINT('',(6.46608262040223,1.55,3.2612318280558));
#13490=CARTESIAN_POINT('Ctrl Pts',(6.46608262040223,1.54,3.2612318280558));
#13491=CARTESIAN_POINT('Ctrl Pts',(6.46608262040223,1.54,3.3196220281939));
#13492=CARTESIAN_POINT('Ctrl Pts',(6.50782881953325,1.54,3.35973118575615));
#13493=CARTESIAN_POINT('Ctrl Pts',(6.51192157246675,1.55,3.14308737548394));
#13494=CARTESIAN_POINT('Ctrl Pts',(6.51192157246675,1.54,3.14308737548394));
#13495=CARTESIAN_POINT('Ctrl Pts',(6.46608262040223,1.55,3.20557032855553));
#13496=CARTESIAN_POINT('Ctrl Pts',(6.46608262040223,1.54,3.20557032855553));
#13497=CARTESIAN_POINT('Ctrl Pts',(6.46608262040223,1.55,3.2612318280558));
#13498=CARTESIAN_POINT('Ctrl Pts',(6.46608262040223,1.54,3.2612318280558));
#13499=CARTESIAN_POINT('',(6.51192157246675,1.55,3.14308737548394));
#13500=CARTESIAN_POINT('Ctrl Pts',(6.51192157246675,1.55,3.14308737548394));
#13501=CARTESIAN_POINT('Ctrl Pts',(6.46608262040223,1.55,3.20557032855553));
#13502=CARTESIAN_POINT('Ctrl Pts',(6.46608262040223,1.55,3.2612318280558));
#13503=CARTESIAN_POINT('',(6.51192157246675,1.54,3.14308737548394));
#13504=CARTESIAN_POINT('',(6.51192157246675,1.55,3.14308737548394));
#13505=CARTESIAN_POINT('Ctrl Pts',(6.51192157246675,1.54,3.14308737548394));
#13506=CARTESIAN_POINT('Ctrl Pts',(6.46608262040223,1.54,3.20557032855553));
#13507=CARTESIAN_POINT('Ctrl Pts',(6.46608262040223,1.54,3.2612318280558));
#13508=CARTESIAN_POINT('Ctrl Pts',(6.68818353392686,1.55,2.97364656957192));
#13509=CARTESIAN_POINT('Ctrl Pts',(6.68818353392686,1.54,2.97364656957192));
#13510=CARTESIAN_POINT('Ctrl Pts',(6.55776052453126,1.55,3.08060442241234));
#13511=CARTESIAN_POINT('Ctrl Pts',(6.55776052453126,1.54,3.08060442241234));
#13512=CARTESIAN_POINT('Ctrl Pts',(6.51192157246675,1.55,3.14308737548394));
#13513=CARTESIAN_POINT('Ctrl Pts',(6.51192157246675,1.54,3.14308737548394));
#13514=CARTESIAN_POINT('',(6.68818353392686,1.55,2.97364656957192));
#13515=CARTESIAN_POINT('Ctrl Pts',(6.68818353392686,1.55,2.97364656957192));
#13516=CARTESIAN_POINT('Ctrl Pts',(6.55776052453126,1.55,3.08060442241234));
#13517=CARTESIAN_POINT('Ctrl Pts',(6.51192157246675,1.55,3.14308737548394));
#13518=CARTESIAN_POINT('',(6.68818353392686,1.54,2.97364656957192));
#13519=CARTESIAN_POINT('',(6.68818353392686,1.55,2.97364656957192));
#13520=CARTESIAN_POINT('Ctrl Pts',(6.68818353392686,1.54,2.97364656957192));
#13521=CARTESIAN_POINT('Ctrl Pts',(6.55776052453126,1.54,3.08060442241234));
#13522=CARTESIAN_POINT('Ctrl Pts',(6.51192157246675,1.54,3.14308737548394));
#13523=CARTESIAN_POINT('Ctrl Pts',(6.81669651248063,1.55,2.85250072511238));
#13524=CARTESIAN_POINT('Ctrl Pts',(6.81669651248063,1.54,2.85250072511238));
#13525=CARTESIAN_POINT('Ctrl Pts',(6.77222191073503,1.55,2.90488814147515));
#13526=CARTESIAN_POINT('Ctrl Pts',(6.77222191073503,1.54,2.90488814147515));
#13527=CARTESIAN_POINT('Ctrl Pts',(6.68818353392686,1.55,2.97364656957192));
#13528=CARTESIAN_POINT('Ctrl Pts',(6.68818353392686,1.54,2.97364656957192));
#13529=CARTESIAN_POINT('',(6.81669651248063,1.55,2.85250072511238));
#13530=CARTESIAN_POINT('Ctrl Pts',(6.81669651248063,1.55,2.85250072511238));
#13531=CARTESIAN_POINT('Ctrl Pts',(6.77222191073503,1.55,2.90488814147515));
#13532=CARTESIAN_POINT('Ctrl Pts',(6.68818353392686,1.55,2.97364656957192));
#13533=CARTESIAN_POINT('',(6.81669651248063,1.54,2.85250072511238));
#13534=CARTESIAN_POINT('',(6.81669651248063,1.55,2.85250072511238));
#13535=CARTESIAN_POINT('Ctrl Pts',(6.81669651248063,1.54,2.85250072511238));
#13536=CARTESIAN_POINT('Ctrl Pts',(6.77222191073503,1.54,2.90488814147515));
#13537=CARTESIAN_POINT('Ctrl Pts',(6.68818353392686,1.54,2.97364656957192));
#13538=CARTESIAN_POINT('Ctrl Pts',(6.8813621876439,1.55,2.74608855279488));
#13539=CARTESIAN_POINT('Ctrl Pts',(6.8813621876439,1.54,2.74608855279488));
#13540=CARTESIAN_POINT('Ctrl Pts',(6.86117141224946,1.55,2.80011330874962));
#13541=CARTESIAN_POINT('Ctrl Pts',(6.86117141224946,1.54,2.80011330874962));
#13542=CARTESIAN_POINT('Ctrl Pts',(6.81669651248063,1.55,2.85250072511238));
#13543=CARTESIAN_POINT('Ctrl Pts',(6.81669651248063,1.54,2.85250072511238));
#13544=CARTESIAN_POINT('',(6.8813621876439,1.55,2.74608855279488));
#13545=CARTESIAN_POINT('Ctrl Pts',(6.8813621876439,1.55,2.74608855279488));
#13546=CARTESIAN_POINT('Ctrl Pts',(6.86117141224946,1.55,2.80011330874962));
#13547=CARTESIAN_POINT('Ctrl Pts',(6.81669651248063,1.55,2.85250072511238));
#13548=CARTESIAN_POINT('',(6.8813621876439,1.54,2.74608855279488));
#13549=CARTESIAN_POINT('',(6.8813621876439,1.55,2.74608855279488));
#13550=CARTESIAN_POINT('Ctrl Pts',(6.8813621876439,1.54,2.74608855279488));
#13551=CARTESIAN_POINT('Ctrl Pts',(6.86117141224946,1.54,2.80011330874962));
#13552=CARTESIAN_POINT('Ctrl Pts',(6.81669651248063,1.54,2.85250072511238));
#13553=CARTESIAN_POINT('Ctrl Pts',(6.89282207467164,1.55,2.67787580522103));
#13554=CARTESIAN_POINT('Ctrl Pts',(6.89282207467164,1.54,2.67787580522103));
#13555=CARTESIAN_POINT('Ctrl Pts',(6.89391343571748,1.55,2.71334652932686));
#13556=CARTESIAN_POINT('Ctrl Pts',(6.89391343571748,1.54,2.71334652932686));
#13557=CARTESIAN_POINT('Ctrl Pts',(6.8813621876439,1.55,2.74608855279488));
#13558=CARTESIAN_POINT('Ctrl Pts',(6.8813621876439,1.54,2.74608855279488));
#13559=CARTESIAN_POINT('',(6.89282207467164,1.55,2.67787580522103));
#13560=CARTESIAN_POINT('Ctrl Pts',(6.89282207467164,1.55,2.67787580522103));
#13561=CARTESIAN_POINT('Ctrl Pts',(6.89391343571748,1.55,2.71334652932686));
#13562=CARTESIAN_POINT('Ctrl Pts',(6.8813621876439,1.55,2.74608855279488));
#13563=CARTESIAN_POINT('',(6.89282207467164,1.54,2.67787580522103));
#13564=CARTESIAN_POINT('',(6.89282207467164,1.55,2.67787580522103));
#13565=CARTESIAN_POINT('Ctrl Pts',(6.89282207467164,1.54,2.67787580522103));
#13566=CARTESIAN_POINT('Ctrl Pts',(6.89391343571748,1.54,2.71334652932686));
#13567=CARTESIAN_POINT('Ctrl Pts',(6.8813621876439,1.54,2.74608855279488));
#13568=CARTESIAN_POINT('Origin',(6.3640361902913,1.55,2.67787580522103));
#13569=CARTESIAN_POINT('',(6.3640361902913,1.55,2.67787580522103));
#13570=CARTESIAN_POINT('',(5.08701809514565,1.55,2.67787580522103));
#13571=CARTESIAN_POINT('',(6.3640361902913,1.54,2.67787580522103));
#13572=CARTESIAN_POINT('',(6.3640361902913,1.55,2.67787580522103));
#13573=CARTESIAN_POINT('',(6.3640361902913,1.54,2.67787580522103));
#13574=CARTESIAN_POINT('Origin',(6.3640361902913,1.55,2.77228240998787));
#13575=CARTESIAN_POINT('',(6.3640361902913,1.55,2.77228240998787));
#13576=CARTESIAN_POINT('',(6.3640361902913,1.55,3.08614120499394));
#13577=CARTESIAN_POINT('',(6.3640361902913,1.54,2.77228240998787));
#13578=CARTESIAN_POINT('',(6.3640361902913,1.55,2.77228240998787));
#13579=CARTESIAN_POINT('',(6.3640361902913,1.54,2.77228240998787));
#13580=CARTESIAN_POINT('Origin',(6.75639628150071,1.55,2.77228240998787));
#13581=CARTESIAN_POINT('',(5.28319814075036,1.55,2.77228240998787));
#13582=CARTESIAN_POINT('',(6.75639628150071,1.54,2.77228240998787));
#13583=CARTESIAN_POINT('Origin',(4.35994378939773,1.54,3.7024323377232));
#13584=CARTESIAN_POINT('Ctrl Pts',(7.95803337075319,1.55,2.82548849614662));
#13585=CARTESIAN_POINT('Ctrl Pts',(7.95803337075319,1.54,2.82548849614662));
#13586=CARTESIAN_POINT('Ctrl Pts',(7.98313556887712,1.55,2.79902164968056));
#13587=CARTESIAN_POINT('Ctrl Pts',(7.98313556887712,1.54,2.79902164968056));
#13588=CARTESIAN_POINT('Ctrl Pts',(7.99950672962274,1.55,2.77228240998787));
#13589=CARTESIAN_POINT('Ctrl Pts',(7.99950672962274,1.54,2.77228240998787));
#13590=CARTESIAN_POINT('',(7.95803337075319,1.55,2.82548849614662));
#13591=CARTESIAN_POINT('',(7.99950672962274,1.55,2.77228240998787));
#13592=CARTESIAN_POINT('Ctrl Pts',(7.95803337075319,1.55,2.82548849614662));
#13593=CARTESIAN_POINT('Ctrl Pts',(7.98313556887712,1.55,2.79902164968056));
#13594=CARTESIAN_POINT('Ctrl Pts',(7.99950672962274,1.55,2.77228240998787));
#13595=CARTESIAN_POINT('',(7.95803337075319,1.54,2.82548849614662));
#13596=CARTESIAN_POINT('',(7.95803337075319,1.55,2.82548849614662));
#13597=CARTESIAN_POINT('',(7.99950672962274,1.54,2.77228240998787));
#13598=CARTESIAN_POINT('Ctrl Pts',(7.95803337075319,1.54,2.82548849614662));
#13599=CARTESIAN_POINT('Ctrl Pts',(7.98313556887712,1.54,2.79902164968056));
#13600=CARTESIAN_POINT('Ctrl Pts',(7.99950672962274,1.54,2.77228240998787));
#13601=CARTESIAN_POINT('',(7.99950672962274,1.55,2.77228240998787));
#13602=CARTESIAN_POINT('Ctrl Pts',(7.84452720262613,1.55,2.92617057593865));
#13603=CARTESIAN_POINT('Ctrl Pts',(7.84452720262613,1.54,2.92617057593865));
#13604=CARTESIAN_POINT('Ctrl Pts',(7.93293102361764,1.55,2.85195504458946));
#13605=CARTESIAN_POINT('Ctrl Pts',(7.93293102361764,1.54,2.85195504458946));
#13606=CARTESIAN_POINT('Ctrl Pts',(7.95803337075319,1.55,2.82548849614662));
#13607=CARTESIAN_POINT('Ctrl Pts',(7.95803337075319,1.54,2.82548849614662));
#13608=CARTESIAN_POINT('',(7.84452720262613,1.55,2.92617057593865));
#13609=CARTESIAN_POINT('Ctrl Pts',(7.84452720262613,1.55,2.92617057593865));
#13610=CARTESIAN_POINT('Ctrl Pts',(7.93293102361764,1.55,2.85195504458946));
#13611=CARTESIAN_POINT('Ctrl Pts',(7.95803337075319,1.55,2.82548849614662));
#13612=CARTESIAN_POINT('',(7.84452720262613,1.54,2.92617057593865));
#13613=CARTESIAN_POINT('',(7.84452720262613,1.55,2.92617057593865));
#13614=CARTESIAN_POINT('Ctrl Pts',(7.84452720262613,1.54,2.92617057593865));
#13615=CARTESIAN_POINT('Ctrl Pts',(7.93293102361764,1.54,2.85195504458946));
#13616=CARTESIAN_POINT('Ctrl Pts',(7.95803337075319,1.54,2.82548849614662));
#13617=CARTESIAN_POINT('Ctrl Pts',(7.6930947480401,1.55,3.06696181329293));
#13618=CARTESIAN_POINT('Ctrl Pts',(7.6930947480401,1.54,3.06696181329293));
#13619=CARTESIAN_POINT('Ctrl Pts',(7.73866085984315,1.55,3.015665757976));
#13620=CARTESIAN_POINT('Ctrl Pts',(7.73866085984315,1.54,3.015665757976));
#13621=CARTESIAN_POINT('Ctrl Pts',(7.84452720262613,1.55,2.92617057593865));
#13622=CARTESIAN_POINT('Ctrl Pts',(7.84452720262613,1.54,2.92617057593865));
#13623=CARTESIAN_POINT('',(7.6930947480401,1.55,3.06696181329293));
#13624=CARTESIAN_POINT('Ctrl Pts',(7.6930947480401,1.55,3.06696181329293));
#13625=CARTESIAN_POINT('Ctrl Pts',(7.73866085984315,1.55,3.015665757976));
#13626=CARTESIAN_POINT('Ctrl Pts',(7.84452720262613,1.55,2.92617057593865));
#13627=CARTESIAN_POINT('',(7.6930947480401,1.54,3.06696181329293));
#13628=CARTESIAN_POINT('',(7.6930947480401,1.55,3.06696181329293));
#13629=CARTESIAN_POINT('Ctrl Pts',(7.6930947480401,1.54,3.06696181329293));
#13630=CARTESIAN_POINT('Ctrl Pts',(7.73866085984315,1.54,3.015665757976));
#13631=CARTESIAN_POINT('Ctrl Pts',(7.84452720262613,1.54,2.92617057593865));
#13632=CARTESIAN_POINT('Ctrl Pts',(7.6278832433423,1.55,3.16464250119728));
#13633=CARTESIAN_POINT('Ctrl Pts',(7.6278832433423,1.54,3.16464250119728));
#13634=CARTESIAN_POINT('Ctrl Pts',(7.64752848722543,1.55,3.11825786860985));
#13635=CARTESIAN_POINT('Ctrl Pts',(7.64752848722543,1.54,3.11825786860985));
#13636=CARTESIAN_POINT('Ctrl Pts',(7.6930947480401,1.55,3.06696181329293));
#13637=CARTESIAN_POINT('Ctrl Pts',(7.6930947480401,1.54,3.06696181329293));
#13638=CARTESIAN_POINT('',(7.6278832433423,1.55,3.16464250119728));
#13639=CARTESIAN_POINT('Ctrl Pts',(7.6278832433423,1.55,3.16464250119728));
#13640=CARTESIAN_POINT('Ctrl Pts',(7.64752848722543,1.55,3.11825786860985));
#13641=CARTESIAN_POINT('Ctrl Pts',(7.6930947480401,1.55,3.06696181329293));
#13642=CARTESIAN_POINT('',(7.6278832433423,1.54,3.16464250119728));
#13643=CARTESIAN_POINT('',(7.6278832433423,1.55,3.16464250119728));
#13644=CARTESIAN_POINT('Ctrl Pts',(7.6278832433423,1.54,3.16464250119728));
#13645=CARTESIAN_POINT('Ctrl Pts',(7.64752848722543,1.54,3.11825786860985));
#13646=CARTESIAN_POINT('Ctrl Pts',(7.6930947480401,1.54,3.06696181329293));
#13647=CARTESIAN_POINT('Ctrl Pts',(7.60823799945916,1.55,3.25904910596413));
#13648=CARTESIAN_POINT('Ctrl Pts',(7.60823799945916,1.54,3.25904910596413));
#13649=CARTESIAN_POINT('Ctrl Pts',(7.60823799945916,1.55,3.21102713378472));
#13650=CARTESIAN_POINT('Ctrl Pts',(7.60823799945916,1.54,3.21102713378472));
#13651=CARTESIAN_POINT('Ctrl Pts',(7.6278832433423,1.55,3.16464250119728));
#13652=CARTESIAN_POINT('Ctrl Pts',(7.6278832433423,1.54,3.16464250119728));
#13653=CARTESIAN_POINT('',(7.60823799945916,1.55,3.25904910596413));
#13654=CARTESIAN_POINT('Ctrl Pts',(7.60823799945916,1.55,3.25904910596413));
#13655=CARTESIAN_POINT('Ctrl Pts',(7.60823799945916,1.55,3.21102713378472));
#13656=CARTESIAN_POINT('Ctrl Pts',(7.6278832433423,1.55,3.16464250119728));
#13657=CARTESIAN_POINT('',(7.60823799945916,1.54,3.25904910596413));
#13658=CARTESIAN_POINT('',(7.60823799945916,1.55,3.25904910596413));
#13659=CARTESIAN_POINT('Ctrl Pts',(7.60823799945916,1.54,3.25904910596413));
#13660=CARTESIAN_POINT('Ctrl Pts',(7.60823799945916,1.54,3.21102713378472));
#13661=CARTESIAN_POINT('Ctrl Pts',(7.6278832433423,1.54,3.16464250119728));
#13662=CARTESIAN_POINT('Ctrl Pts',(7.67535938598718,1.55,3.41730271609825));
#13663=CARTESIAN_POINT('Ctrl Pts',(7.67535938598718,1.54,3.41730271609825));
#13664=CARTESIAN_POINT('Ctrl Pts',(7.60823799945916,1.55,3.35345571073097));
#13665=CARTESIAN_POINT('Ctrl Pts',(7.60823799945916,1.54,3.35345571073097));
#13666=CARTESIAN_POINT('Ctrl Pts',(7.60823799945916,1.55,3.25904910596413));
#13667=CARTESIAN_POINT('Ctrl Pts',(7.60823799945916,1.54,3.25904910596413));
#13668=CARTESIAN_POINT('',(7.67535938598718,1.55,3.41730271609825));
#13669=CARTESIAN_POINT('Ctrl Pts',(7.67535938598718,1.55,3.41730271609825));
#13670=CARTESIAN_POINT('Ctrl Pts',(7.60823799945916,1.55,3.35345571073097));
#13671=CARTESIAN_POINT('Ctrl Pts',(7.60823799945916,1.55,3.25904910596413));
#13672=CARTESIAN_POINT('',(7.67535938598718,1.54,3.41730271609825));
#13673=CARTESIAN_POINT('',(7.67535938598718,1.55,3.41730271609825));
#13674=CARTESIAN_POINT('Ctrl Pts',(7.67535938598718,1.54,3.41730271609825));
#13675=CARTESIAN_POINT('Ctrl Pts',(7.60823799945916,1.54,3.35345571073097));
#13676=CARTESIAN_POINT('Ctrl Pts',(7.60823799945916,1.54,3.25904910596413));
#13677=CARTESIAN_POINT('Ctrl Pts',(7.85762398221101,1.55,3.48115001948876));
#13678=CARTESIAN_POINT('Ctrl Pts',(7.85762398221101,1.54,3.48115001948876));
#13679=CARTESIAN_POINT('Ctrl Pts',(7.74248077251519,1.55,3.48115001948876));
#13680=CARTESIAN_POINT('Ctrl Pts',(7.74248077251519,1.54,3.48115001948876));
#13681=CARTESIAN_POINT('Ctrl Pts',(7.67535938598718,1.55,3.41730271609825));
#13682=CARTESIAN_POINT('Ctrl Pts',(7.67535938598718,1.54,3.41730271609825));
#13683=CARTESIAN_POINT('',(7.85762398221101,1.55,3.48115001948876));
#13684=CARTESIAN_POINT('Ctrl Pts',(7.85762398221101,1.55,3.48115001948876));
#13685=CARTESIAN_POINT('Ctrl Pts',(7.74248077251519,1.55,3.48115001948876));
#13686=CARTESIAN_POINT('Ctrl Pts',(7.67535938598718,1.55,3.41730271609825));
#13687=CARTESIAN_POINT('',(7.85762398221101,1.54,3.48115001948876));
#13688=CARTESIAN_POINT('',(7.85762398221101,1.55,3.48115001948876));
#13689=CARTESIAN_POINT('Ctrl Pts',(7.85762398221101,1.54,3.48115001948876));
#13690=CARTESIAN_POINT('Ctrl Pts',(7.74248077251519,1.54,3.48115001948876));
#13691=CARTESIAN_POINT('Ctrl Pts',(7.67535938598718,1.54,3.41730271609825));
#13692=CARTESIAN_POINT('Ctrl Pts',(8.03934304692353,1.55,3.42194114955467));
#13693=CARTESIAN_POINT('Ctrl Pts',(8.03934304692353,1.54,3.42194114955467));
#13694=CARTESIAN_POINT('Ctrl Pts',(7.97167583086099,1.55,3.48115001948876));
#13695=CARTESIAN_POINT('Ctrl Pts',(7.97167583086099,1.54,3.48115001948876));
#13696=CARTESIAN_POINT('Ctrl Pts',(7.85762398221101,1.55,3.48115001948876));
#13697=CARTESIAN_POINT('Ctrl Pts',(7.85762398221101,1.54,3.48115001948876));
#13698=CARTESIAN_POINT('',(8.03934304692353,1.55,3.42194114955467));
#13699=CARTESIAN_POINT('Ctrl Pts',(8.03934304692353,1.55,3.42194114955467));
#13700=CARTESIAN_POINT('Ctrl Pts',(7.97167583086099,1.55,3.48115001948876));
#13701=CARTESIAN_POINT('Ctrl Pts',(7.85762398221101,1.55,3.48115001948876));
#13702=CARTESIAN_POINT('',(8.03934304692353,1.54,3.42194114955467));
#13703=CARTESIAN_POINT('',(8.03934304692353,1.55,3.42194114955467));
#13704=CARTESIAN_POINT('Ctrl Pts',(8.03934304692353,1.54,3.42194114955467));
#13705=CARTESIAN_POINT('Ctrl Pts',(7.97167583086099,1.54,3.48115001948876));
#13706=CARTESIAN_POINT('Ctrl Pts',(7.85762398221101,1.54,3.48115001948876));
#13707=CARTESIAN_POINT('Ctrl Pts',(8.11737849094476,1.55,3.24977223905129));
#13708=CARTESIAN_POINT('Ctrl Pts',(8.11737849094476,1.54,3.24977223905129));
#13709=CARTESIAN_POINT('Ctrl Pts',(8.10701011397447,1.55,3.36273257764382));
#13710=CARTESIAN_POINT('Ctrl Pts',(8.10701011397447,1.54,3.36273257764382));
#13711=CARTESIAN_POINT('Ctrl Pts',(8.03934304692353,1.55,3.42194114955467));
#13712=CARTESIAN_POINT('Ctrl Pts',(8.03934304692353,1.54,3.42194114955467));
#13713=CARTESIAN_POINT('',(8.11737849094476,1.55,3.24977223905129));
#13714=CARTESIAN_POINT('Ctrl Pts',(8.11737849094476,1.55,3.24977223905129));
#13715=CARTESIAN_POINT('Ctrl Pts',(8.10701011397447,1.55,3.36273257764382));
#13716=CARTESIAN_POINT('Ctrl Pts',(8.03934304692353,1.55,3.42194114955467));
#13717=CARTESIAN_POINT('',(8.11737849094476,1.54,3.24977223905129));
#13718=CARTESIAN_POINT('',(8.11737849094476,1.55,3.24977223905129));
#13719=CARTESIAN_POINT('Ctrl Pts',(8.11737849094476,1.54,3.24977223905129));
#13720=CARTESIAN_POINT('Ctrl Pts',(8.10701011397447,1.54,3.36273257764382));
#13721=CARTESIAN_POINT('Ctrl Pts',(8.03934304692353,1.54,3.42194114955467));
#13722=CARTESIAN_POINT('Origin',(8.01642342187967,1.55,3.23940371306938));
#13723=CARTESIAN_POINT('',(8.01642342187967,1.55,3.23940371306938));
#13724=CARTESIAN_POINT('',(5.9433260967761,1.55,3.02648757446033));
#13725=CARTESIAN_POINT('',(8.01642342187967,1.54,3.23940371306938));
#13726=CARTESIAN_POINT('',(8.01642342187967,1.55,3.23940371306938));
#13727=CARTESIAN_POINT('',(8.01642342187967,1.54,3.23940371306938));
#13728=CARTESIAN_POINT('Ctrl Pts',(7.97331302144136,1.55,3.35727547439141));
#13729=CARTESIAN_POINT('Ctrl Pts',(7.97331302144136,1.54,3.35727547439141));
#13730=CARTESIAN_POINT('Ctrl Pts',(8.01587774135675,1.55,3.3147106054644));
#13731=CARTESIAN_POINT('Ctrl Pts',(8.01587774135675,1.54,3.3147106054644));
#13732=CARTESIAN_POINT('Ctrl Pts',(8.01642342187967,1.55,3.23940371306938));
#13733=CARTESIAN_POINT('Ctrl Pts',(8.01642342187967,1.54,3.23940371306938));
#13734=CARTESIAN_POINT('',(7.97331302144136,1.55,3.35727547439141));
#13735=CARTESIAN_POINT('Ctrl Pts',(7.97331302144136,1.55,3.35727547439141));
#13736=CARTESIAN_POINT('Ctrl Pts',(8.01587774135675,1.55,3.3147106054644));
#13737=CARTESIAN_POINT('Ctrl Pts',(8.01642342187967,1.55,3.23940371306938));
#13738=CARTESIAN_POINT('',(7.97331302144136,1.54,3.35727547439141));
#13739=CARTESIAN_POINT('',(7.97331302144136,1.55,3.35727547439141));
#13740=CARTESIAN_POINT('Ctrl Pts',(7.97331302144136,1.54,3.35727547439141));
#13741=CARTESIAN_POINT('Ctrl Pts',(8.01587774135675,1.54,3.3147106054644));
#13742=CARTESIAN_POINT('Ctrl Pts',(8.01642342187967,1.54,3.23940371306938));
#13743=CARTESIAN_POINT('Ctrl Pts',(7.8598068533143,1.55,3.39984034331841));
#13744=CARTESIAN_POINT('Ctrl Pts',(7.8598068533143,1.54,3.39984034331841));
#13745=CARTESIAN_POINT('Ctrl Pts',(7.93074815251436,1.55,3.39984034331841));
#13746=CARTESIAN_POINT('Ctrl Pts',(7.93074815251436,1.54,3.39984034331841));
#13747=CARTESIAN_POINT('Ctrl Pts',(7.97331302144136,1.55,3.35727547439141));
#13748=CARTESIAN_POINT('Ctrl Pts',(7.97331302144136,1.54,3.35727547439141));
#13749=CARTESIAN_POINT('',(7.8598068533143,1.55,3.39984034331841));
#13750=CARTESIAN_POINT('Ctrl Pts',(7.8598068533143,1.55,3.39984034331841));
#13751=CARTESIAN_POINT('Ctrl Pts',(7.93074815251436,1.55,3.39984034331841));
#13752=CARTESIAN_POINT('Ctrl Pts',(7.97331302144136,1.55,3.35727547439141));
#13753=CARTESIAN_POINT('',(7.8598068533143,1.54,3.39984034331841));
#13754=CARTESIAN_POINT('',(7.8598068533143,1.55,3.39984034331841));
#13755=CARTESIAN_POINT('Ctrl Pts',(7.8598068533143,1.54,3.39984034331841));
#13756=CARTESIAN_POINT('Ctrl Pts',(7.93074815251436,1.54,3.39984034331841));
#13757=CARTESIAN_POINT('Ctrl Pts',(7.97331302144136,1.54,3.35727547439141));
#13758=CARTESIAN_POINT('Ctrl Pts',(7.75093911864366,1.55,3.35973118575615));
#13759=CARTESIAN_POINT('Ctrl Pts',(7.75093911864366,1.54,3.35973118575615));
#13760=CARTESIAN_POINT('Ctrl Pts',(7.79268546678628,1.55,3.39984034331841));
#13761=CARTESIAN_POINT('Ctrl Pts',(7.79268546678628,1.54,3.39984034331841));
#13762=CARTESIAN_POINT('Ctrl Pts',(7.8598068533143,1.55,3.39984034331841));
#13763=CARTESIAN_POINT('Ctrl Pts',(7.8598068533143,1.54,3.39984034331841));
#13764=CARTESIAN_POINT('',(7.75093911864366,1.55,3.35973118575615));
#13765=CARTESIAN_POINT('Ctrl Pts',(7.75093911864366,1.55,3.35973118575615));
#13766=CARTESIAN_POINT('Ctrl Pts',(7.79268546678628,1.55,3.39984034331841));
#13767=CARTESIAN_POINT('Ctrl Pts',(7.8598068533143,1.55,3.39984034331841));
#13768=CARTESIAN_POINT('',(7.75093911864366,1.54,3.35973118575615));
#13769=CARTESIAN_POINT('',(7.75093911864366,1.55,3.35973118575615));
#13770=CARTESIAN_POINT('Ctrl Pts',(7.75093911864366,1.54,3.35973118575615));
#13771=CARTESIAN_POINT('Ctrl Pts',(7.79268546678628,1.54,3.39984034331841));
#13772=CARTESIAN_POINT('Ctrl Pts',(7.8598068533143,1.54,3.39984034331841));
#13773=CARTESIAN_POINT('Ctrl Pts',(7.70919291951265,1.55,3.2612318280558));
#13774=CARTESIAN_POINT('Ctrl Pts',(7.70919291951265,1.54,3.2612318280558));
#13775=CARTESIAN_POINT('Ctrl Pts',(7.70919291951265,1.55,3.3196220281939));
#13776=CARTESIAN_POINT('Ctrl Pts',(7.70919291951265,1.54,3.3196220281939));
#13777=CARTESIAN_POINT('Ctrl Pts',(7.75093911864366,1.55,3.35973118575615));
#13778=CARTESIAN_POINT('Ctrl Pts',(7.75093911864366,1.54,3.35973118575615));
#13779=CARTESIAN_POINT('',(7.70919291951265,1.55,3.2612318280558));
#13780=CARTESIAN_POINT('Ctrl Pts',(7.70919291951265,1.55,3.2612318280558));
#13781=CARTESIAN_POINT('Ctrl Pts',(7.70919291951265,1.55,3.3196220281939));
#13782=CARTESIAN_POINT('Ctrl Pts',(7.75093911864366,1.55,3.35973118575615));
#13783=CARTESIAN_POINT('',(7.70919291951265,1.54,3.2612318280558));
#13784=CARTESIAN_POINT('',(7.70919291951265,1.55,3.2612318280558));
#13785=CARTESIAN_POINT('Ctrl Pts',(7.70919291951265,1.54,3.2612318280558));
#13786=CARTESIAN_POINT('Ctrl Pts',(7.70919291951265,1.54,3.3196220281939));
#13787=CARTESIAN_POINT('Ctrl Pts',(7.75093911864366,1.54,3.35973118575615));
#13788=CARTESIAN_POINT('Ctrl Pts',(7.75503187157716,1.55,3.14308737548394));
#13789=CARTESIAN_POINT('Ctrl Pts',(7.75503187157716,1.54,3.14308737548394));
#13790=CARTESIAN_POINT('Ctrl Pts',(7.70919291951265,1.55,3.20557032855553));
#13791=CARTESIAN_POINT('Ctrl Pts',(7.70919291951265,1.54,3.20557032855553));
#13792=CARTESIAN_POINT('Ctrl Pts',(7.70919291951265,1.55,3.2612318280558));
#13793=CARTESIAN_POINT('Ctrl Pts',(7.70919291951265,1.54,3.2612318280558));
#13794=CARTESIAN_POINT('',(7.75503187157716,1.55,3.14308737548394));
#13795=CARTESIAN_POINT('Ctrl Pts',(7.75503187157716,1.55,3.14308737548394));
#13796=CARTESIAN_POINT('Ctrl Pts',(7.70919291951265,1.55,3.20557032855553));
#13797=CARTESIAN_POINT('Ctrl Pts',(7.70919291951265,1.55,3.2612318280558));
#13798=CARTESIAN_POINT('',(7.75503187157716,1.54,3.14308737548394));
#13799=CARTESIAN_POINT('',(7.75503187157716,1.55,3.14308737548394));
#13800=CARTESIAN_POINT('Ctrl Pts',(7.75503187157716,1.54,3.14308737548394));
#13801=CARTESIAN_POINT('Ctrl Pts',(7.70919291951265,1.54,3.20557032855553));
#13802=CARTESIAN_POINT('Ctrl Pts',(7.70919291951265,1.54,3.2612318280558));
#13803=CARTESIAN_POINT('Ctrl Pts',(7.93129383303727,1.55,2.97364656957192));
#13804=CARTESIAN_POINT('Ctrl Pts',(7.93129383303727,1.54,2.97364656957192));
#13805=CARTESIAN_POINT('Ctrl Pts',(7.80087097265329,1.55,3.08060442241234));
#13806=CARTESIAN_POINT('Ctrl Pts',(7.80087097265329,1.54,3.08060442241234));
#13807=CARTESIAN_POINT('Ctrl Pts',(7.75503187157716,1.55,3.14308737548394));
#13808=CARTESIAN_POINT('Ctrl Pts',(7.75503187157716,1.54,3.14308737548394));
#13809=CARTESIAN_POINT('',(7.93129383303727,1.55,2.97364656957192));
#13810=CARTESIAN_POINT('Ctrl Pts',(7.93129383303727,1.55,2.97364656957192));
#13811=CARTESIAN_POINT('Ctrl Pts',(7.80087097265329,1.55,3.08060442241234));
#13812=CARTESIAN_POINT('Ctrl Pts',(7.75503187157716,1.55,3.14308737548394));
#13813=CARTESIAN_POINT('',(7.93129383303727,1.54,2.97364656957192));
#13814=CARTESIAN_POINT('',(7.93129383303727,1.55,2.97364656957192));
#13815=CARTESIAN_POINT('Ctrl Pts',(7.93129383303727,1.54,2.97364656957192));
#13816=CARTESIAN_POINT('Ctrl Pts',(7.80087097265329,1.54,3.08060442241234));
#13817=CARTESIAN_POINT('Ctrl Pts',(7.75503187157716,1.54,3.14308737548394));
#13818=CARTESIAN_POINT('Ctrl Pts',(8.05980681159105,1.55,2.85250072511238));
#13819=CARTESIAN_POINT('Ctrl Pts',(8.05980681159105,1.54,2.85250072511238));
#13820=CARTESIAN_POINT('Ctrl Pts',(8.01533206083383,1.55,2.90488814147515));
#13821=CARTESIAN_POINT('Ctrl Pts',(8.01533206083383,1.54,2.90488814147515));
#13822=CARTESIAN_POINT('Ctrl Pts',(7.93129383303727,1.55,2.97364656957192));
#13823=CARTESIAN_POINT('Ctrl Pts',(7.93129383303727,1.54,2.97364656957192));
#13824=CARTESIAN_POINT('',(8.05980681159105,1.55,2.85250072511238));
#13825=CARTESIAN_POINT('Ctrl Pts',(8.05980681159105,1.55,2.85250072511238));
#13826=CARTESIAN_POINT('Ctrl Pts',(8.01533206083383,1.55,2.90488814147515));
#13827=CARTESIAN_POINT('Ctrl Pts',(7.93129383303727,1.55,2.97364656957192));
#13828=CARTESIAN_POINT('',(8.05980681159105,1.54,2.85250072511238));
#13829=CARTESIAN_POINT('',(8.05980681159105,1.55,2.85250072511238));
#13830=CARTESIAN_POINT('Ctrl Pts',(8.05980681159105,1.54,2.85250072511238));
#13831=CARTESIAN_POINT('Ctrl Pts',(8.01533206083383,1.54,2.90488814147515));
#13832=CARTESIAN_POINT('Ctrl Pts',(7.93129383303727,1.54,2.97364656957192));
#13833=CARTESIAN_POINT('Ctrl Pts',(8.12447263576593,1.55,2.74608855279488));
#13834=CARTESIAN_POINT('Ctrl Pts',(8.12447263576593,1.54,2.74608855279488));
#13835=CARTESIAN_POINT('Ctrl Pts',(8.10428156234826,1.55,2.80011330874962));
#13836=CARTESIAN_POINT('Ctrl Pts',(8.10428156234826,1.54,2.80011330874962));
#13837=CARTESIAN_POINT('Ctrl Pts',(8.05980681159105,1.55,2.85250072511238));
#13838=CARTESIAN_POINT('Ctrl Pts',(8.05980681159105,1.54,2.85250072511238));
#13839=CARTESIAN_POINT('',(8.12447263576593,1.55,2.74608855279488));
#13840=CARTESIAN_POINT('Ctrl Pts',(8.12447263576593,1.55,2.74608855279488));
#13841=CARTESIAN_POINT('Ctrl Pts',(8.10428156234826,1.55,2.80011330874962));
#13842=CARTESIAN_POINT('Ctrl Pts',(8.05980681159105,1.55,2.85250072511238));
#13843=CARTESIAN_POINT('',(8.12447263576593,1.54,2.74608855279488));
#13844=CARTESIAN_POINT('',(8.12447263576593,1.55,2.74608855279488));
#13845=CARTESIAN_POINT('Ctrl Pts',(8.12447263576593,1.54,2.74608855279488));
#13846=CARTESIAN_POINT('Ctrl Pts',(8.10428156234826,1.54,2.80011330874962));
#13847=CARTESIAN_POINT('Ctrl Pts',(8.05980681159105,1.54,2.85250072511238));
#13848=CARTESIAN_POINT('Ctrl Pts',(8.13593237378205,1.55,2.67787580522103));
#13849=CARTESIAN_POINT('Ctrl Pts',(8.13593237378205,1.54,2.67787580522103));
#13850=CARTESIAN_POINT('Ctrl Pts',(8.13702373482789,1.55,2.71334652932686));
#13851=CARTESIAN_POINT('Ctrl Pts',(8.13702373482789,1.54,2.71334652932686));
#13852=CARTESIAN_POINT('Ctrl Pts',(8.12447263576593,1.55,2.74608855279488));
#13853=CARTESIAN_POINT('Ctrl Pts',(8.12447263576593,1.54,2.74608855279488));
#13854=CARTESIAN_POINT('',(8.13593237378205,1.55,2.67787580522103));
#13855=CARTESIAN_POINT('Ctrl Pts',(8.13593237378205,1.55,2.67787580522103));
#13856=CARTESIAN_POINT('Ctrl Pts',(8.13702373482789,1.55,2.71334652932686));
#13857=CARTESIAN_POINT('Ctrl Pts',(8.12447263576593,1.55,2.74608855279488));
#13858=CARTESIAN_POINT('',(8.13593237378205,1.54,2.67787580522103));
#13859=CARTESIAN_POINT('',(8.13593237378205,1.55,2.67787580522103));
#13860=CARTESIAN_POINT('Ctrl Pts',(8.13593237378205,1.54,2.67787580522103));
#13861=CARTESIAN_POINT('Ctrl Pts',(8.13702373482789,1.54,2.71334652932686));
#13862=CARTESIAN_POINT('Ctrl Pts',(8.12447263576593,1.54,2.74608855279488));
#13863=CARTESIAN_POINT('Origin',(7.60714648940171,1.55,2.67787580522103));
#13864=CARTESIAN_POINT('',(7.60714648940171,1.55,2.67787580522103));
#13865=CARTESIAN_POINT('',(5.70857324470086,1.55,2.67787580522103));
#13866=CARTESIAN_POINT('',(7.60714648940171,1.54,2.67787580522103));
#13867=CARTESIAN_POINT('',(7.60714648940171,1.55,2.67787580522103));
#13868=CARTESIAN_POINT('',(7.60714648940171,1.54,2.67787580522103));
#13869=CARTESIAN_POINT('Origin',(7.60714648940171,1.55,2.77228240998787));
#13870=CARTESIAN_POINT('',(7.60714648940171,1.55,2.77228240998787));
#13871=CARTESIAN_POINT('',(7.60714648940171,1.55,3.08614120499394));
#13872=CARTESIAN_POINT('',(7.60714648940171,1.54,2.77228240998787));
#13873=CARTESIAN_POINT('',(7.60714648940171,1.55,2.77228240998787));
#13874=CARTESIAN_POINT('',(7.60714648940171,1.54,2.77228240998787));
#13875=CARTESIAN_POINT('Origin',(7.99950672962274,1.55,2.77228240998787));
#13876=CARTESIAN_POINT('',(5.90475336481137,1.55,2.77228240998787));
#13877=CARTESIAN_POINT('',(7.99950672962274,1.54,2.77228240998787));
#13878=CARTESIAN_POINT('Origin',(4.35994378939773,1.54,3.7024323377232));
#13879=CARTESIAN_POINT('Ctrl Pts',(9.20114376299586,1.55,2.82548849614662));
#13880=CARTESIAN_POINT('Ctrl Pts',(9.20114376299586,1.54,2.82548849614662));
#13881=CARTESIAN_POINT('Ctrl Pts',(9.2262460728785,1.55,2.79902164968056));
#13882=CARTESIAN_POINT('Ctrl Pts',(9.2262460728785,1.54,2.79902164968056));
#13883=CARTESIAN_POINT('Ctrl Pts',(9.24261714049186,1.55,2.77228240998787));
#13884=CARTESIAN_POINT('Ctrl Pts',(9.24261714049186,1.54,2.77228240998787));
#13885=CARTESIAN_POINT('',(9.20114376299586,1.55,2.82548849614662));
#13886=CARTESIAN_POINT('',(9.24261714049186,1.55,2.77228240998787));
#13887=CARTESIAN_POINT('Ctrl Pts',(9.20114376299586,1.55,2.82548849614662));
#13888=CARTESIAN_POINT('Ctrl Pts',(9.2262460728785,1.55,2.79902164968056));
#13889=CARTESIAN_POINT('Ctrl Pts',(9.24261714049186,1.55,2.77228240998787));
#13890=CARTESIAN_POINT('',(9.20114376299586,1.54,2.82548849614662));
#13891=CARTESIAN_POINT('',(9.20114376299586,1.55,2.82548849614662));
#13892=CARTESIAN_POINT('',(9.24261714049186,1.54,2.77228240998787));
#13893=CARTESIAN_POINT('Ctrl Pts',(9.20114376299586,1.54,2.82548849614662));
#13894=CARTESIAN_POINT('Ctrl Pts',(9.2262460728785,1.54,2.79902164968056));
#13895=CARTESIAN_POINT('Ctrl Pts',(9.24261714049186,1.54,2.77228240998787));
#13896=CARTESIAN_POINT('',(9.24261714049186,1.55,2.77228240998787));
#13897=CARTESIAN_POINT('Ctrl Pts',(9.08763765074815,1.55,2.92617057593865));
#13898=CARTESIAN_POINT('Ctrl Pts',(9.08763765074815,1.54,2.92617057593865));
#13899=CARTESIAN_POINT('Ctrl Pts',(9.17604143448676,1.55,2.85195504458946));
#13900=CARTESIAN_POINT('Ctrl Pts',(9.17604143448676,1.54,2.85195504458946));
#13901=CARTESIAN_POINT('Ctrl Pts',(9.20114376299586,1.55,2.82548849614662));
#13902=CARTESIAN_POINT('Ctrl Pts',(9.20114376299586,1.54,2.82548849614662));
#13903=CARTESIAN_POINT('',(9.08763765074815,1.55,2.92617057593865));
#13904=CARTESIAN_POINT('Ctrl Pts',(9.08763765074815,1.55,2.92617057593865));
#13905=CARTESIAN_POINT('Ctrl Pts',(9.17604143448676,1.55,2.85195504458946));
#13906=CARTESIAN_POINT('Ctrl Pts',(9.20114376299586,1.55,2.82548849614662));
#13907=CARTESIAN_POINT('',(9.08763765074815,1.54,2.92617057593865));
#13908=CARTESIAN_POINT('',(9.08763765074815,1.55,2.92617057593865));
#13909=CARTESIAN_POINT('Ctrl Pts',(9.08763765074815,1.54,2.92617057593865));
#13910=CARTESIAN_POINT('Ctrl Pts',(9.17604143448676,1.54,2.85195504458946));
#13911=CARTESIAN_POINT('Ctrl Pts',(9.20114376299586,1.54,2.82548849614662));
#13912=CARTESIAN_POINT('Ctrl Pts',(8.93620519616212,1.55,3.06696181329293));
#13913=CARTESIAN_POINT('Ctrl Pts',(8.93620519616212,1.54,3.06696181329293));
#13914=CARTESIAN_POINT('Ctrl Pts',(8.98177130796518,1.55,3.015665757976));
#13915=CARTESIAN_POINT('Ctrl Pts',(8.98177130796518,1.54,3.015665757976));
#13916=CARTESIAN_POINT('Ctrl Pts',(9.08763765074815,1.55,2.92617057593865));
#13917=CARTESIAN_POINT('Ctrl Pts',(9.08763765074815,1.54,2.92617057593865));
#13918=CARTESIAN_POINT('',(8.93620519616212,1.55,3.06696181329293));
#13919=CARTESIAN_POINT('Ctrl Pts',(8.93620519616212,1.55,3.06696181329293));
#13920=CARTESIAN_POINT('Ctrl Pts',(8.98177130796518,1.55,3.015665757976));
#13921=CARTESIAN_POINT('Ctrl Pts',(9.08763765074815,1.55,2.92617057593865));
#13922=CARTESIAN_POINT('',(8.93620519616212,1.54,3.06696181329293));
#13923=CARTESIAN_POINT('',(8.93620519616212,1.55,3.06696181329293));
#13924=CARTESIAN_POINT('Ctrl Pts',(8.93620519616212,1.54,3.06696181329293));
#13925=CARTESIAN_POINT('Ctrl Pts',(8.98177130796518,1.54,3.015665757976));
#13926=CARTESIAN_POINT('Ctrl Pts',(9.08763765074815,1.54,2.92617057593865));
#13927=CARTESIAN_POINT('Ctrl Pts',(8.87099369146432,1.55,3.16464250119728));
#13928=CARTESIAN_POINT('Ctrl Pts',(8.87099369146432,1.54,3.16464250119728));
#13929=CARTESIAN_POINT('Ctrl Pts',(8.89063900985326,1.55,3.11825786860985));
#13930=CARTESIAN_POINT('Ctrl Pts',(8.89063900985326,1.54,3.11825786860985));
#13931=CARTESIAN_POINT('Ctrl Pts',(8.93620519616212,1.55,3.06696181329293));
#13932=CARTESIAN_POINT('Ctrl Pts',(8.93620519616212,1.54,3.06696181329293));
#13933=CARTESIAN_POINT('',(8.87099369146432,1.55,3.16464250119728));
#13934=CARTESIAN_POINT('Ctrl Pts',(8.87099369146432,1.55,3.16464250119728));
#13935=CARTESIAN_POINT('Ctrl Pts',(8.89063900985326,1.55,3.11825786860985));
#13936=CARTESIAN_POINT('Ctrl Pts',(8.93620519616212,1.55,3.06696181329293));
#13937=CARTESIAN_POINT('',(8.87099369146432,1.54,3.16464250119728));
#13938=CARTESIAN_POINT('',(8.87099369146432,1.55,3.16464250119728));
#13939=CARTESIAN_POINT('Ctrl Pts',(8.87099369146432,1.54,3.16464250119728));
#13940=CARTESIAN_POINT('Ctrl Pts',(8.89063900985326,1.54,3.11825786860985));
#13941=CARTESIAN_POINT('Ctrl Pts',(8.93620519616212,1.54,3.06696181329293));
#13942=CARTESIAN_POINT('Ctrl Pts',(8.85134844758119,1.55,3.25904910596413));
#13943=CARTESIAN_POINT('Ctrl Pts',(8.85134844758119,1.54,3.25904910596413));
#13944=CARTESIAN_POINT('Ctrl Pts',(8.85134844758119,1.55,3.21102713378472));
#13945=CARTESIAN_POINT('Ctrl Pts',(8.85134844758119,1.54,3.21102713378472));
#13946=CARTESIAN_POINT('Ctrl Pts',(8.87099369146432,1.55,3.16464250119728));
#13947=CARTESIAN_POINT('Ctrl Pts',(8.87099369146432,1.54,3.16464250119728));
#13948=CARTESIAN_POINT('',(8.85134844758119,1.55,3.25904910596413));
#13949=CARTESIAN_POINT('Ctrl Pts',(8.85134844758119,1.55,3.25904910596413));
#13950=CARTESIAN_POINT('Ctrl Pts',(8.85134844758119,1.55,3.21102713378472));
#13951=CARTESIAN_POINT('Ctrl Pts',(8.87099369146432,1.55,3.16464250119728));
#13952=CARTESIAN_POINT('',(8.85134844758119,1.54,3.25904910596413));
#13953=CARTESIAN_POINT('',(8.85134844758119,1.55,3.25904910596413));
#13954=CARTESIAN_POINT('Ctrl Pts',(8.85134844758119,1.54,3.25904910596413));
#13955=CARTESIAN_POINT('Ctrl Pts',(8.85134844758119,1.54,3.21102713378472));
#13956=CARTESIAN_POINT('Ctrl Pts',(8.87099369146432,1.54,3.16464250119728));
#13957=CARTESIAN_POINT('Ctrl Pts',(8.9184698341092,1.55,3.41730271609825));
#13958=CARTESIAN_POINT('Ctrl Pts',(8.9184698341092,1.54,3.41730271609825));
#13959=CARTESIAN_POINT('Ctrl Pts',(8.85134844758119,1.55,3.35345571073097));
#13960=CARTESIAN_POINT('Ctrl Pts',(8.85134844758119,1.54,3.35345571073097));
#13961=CARTESIAN_POINT('Ctrl Pts',(8.85134844758119,1.55,3.25904910596413));
#13962=CARTESIAN_POINT('Ctrl Pts',(8.85134844758119,1.54,3.25904910596413));
#13963=CARTESIAN_POINT('',(8.9184698341092,1.55,3.41730271609825));
#13964=CARTESIAN_POINT('Ctrl Pts',(8.9184698341092,1.55,3.41730271609825));
#13965=CARTESIAN_POINT('Ctrl Pts',(8.85134844758119,1.55,3.35345571073097));
#13966=CARTESIAN_POINT('Ctrl Pts',(8.85134844758119,1.55,3.25904910596413));
#13967=CARTESIAN_POINT('',(8.9184698341092,1.54,3.41730271609825));
#13968=CARTESIAN_POINT('',(8.9184698341092,1.55,3.41730271609825));
#13969=CARTESIAN_POINT('Ctrl Pts',(8.9184698341092,1.54,3.41730271609825));
#13970=CARTESIAN_POINT('Ctrl Pts',(8.85134844758119,1.54,3.35345571073097));
#13971=CARTESIAN_POINT('Ctrl Pts',(8.85134844758119,1.54,3.25904910596413));
#13972=CARTESIAN_POINT('Ctrl Pts',(9.10073448621239,1.55,3.48115001948876));
#13973=CARTESIAN_POINT('Ctrl Pts',(9.10073448621239,1.54,3.48115001948876));
#13974=CARTESIAN_POINT('Ctrl Pts',(8.98559122063722,1.55,3.48115001948876));
#13975=CARTESIAN_POINT('Ctrl Pts',(8.98559122063722,1.54,3.48115001948876));
#13976=CARTESIAN_POINT('Ctrl Pts',(8.9184698341092,1.55,3.41730271609825));
#13977=CARTESIAN_POINT('Ctrl Pts',(8.9184698341092,1.54,3.41730271609825));
#13978=CARTESIAN_POINT('',(9.10073448621239,1.55,3.48115001948876));
#13979=CARTESIAN_POINT('Ctrl Pts',(9.10073448621239,1.55,3.48115001948876));
#13980=CARTESIAN_POINT('Ctrl Pts',(8.98559122063722,1.55,3.48115001948876));
#13981=CARTESIAN_POINT('Ctrl Pts',(8.9184698341092,1.55,3.41730271609825));
#13982=CARTESIAN_POINT('',(9.10073448621239,1.54,3.48115001948876));
#13983=CARTESIAN_POINT('',(9.10073448621239,1.55,3.48115001948876));
#13984=CARTESIAN_POINT('Ctrl Pts',(9.10073448621239,1.54,3.48115001948876));
#13985=CARTESIAN_POINT('Ctrl Pts',(8.98559122063722,1.54,3.48115001948876));
#13986=CARTESIAN_POINT('Ctrl Pts',(8.9184698341092,1.54,3.41730271609825));
#13987=CARTESIAN_POINT('Ctrl Pts',(9.2824534391662,1.55,3.42194114955467));
#13988=CARTESIAN_POINT('Ctrl Pts',(9.2824534391662,1.54,3.42194114955467));
#13989=CARTESIAN_POINT('Ctrl Pts',(9.21478631623592,1.55,3.48115001948876));
#13990=CARTESIAN_POINT('Ctrl Pts',(9.21478631623592,1.54,3.48115001948876));
#13991=CARTESIAN_POINT('Ctrl Pts',(9.10073448621239,1.55,3.48115001948876));
#13992=CARTESIAN_POINT('Ctrl Pts',(9.10073448621239,1.54,3.48115001948876));
#13993=CARTESIAN_POINT('',(9.2824534391662,1.55,3.42194114955467));
#13994=CARTESIAN_POINT('Ctrl Pts',(9.2824534391662,1.55,3.42194114955467));
#13995=CARTESIAN_POINT('Ctrl Pts',(9.21478631623592,1.55,3.48115001948876));
#13996=CARTESIAN_POINT('Ctrl Pts',(9.10073448621239,1.55,3.48115001948876));
#13997=CARTESIAN_POINT('',(9.2824534391662,1.54,3.42194114955467));
#13998=CARTESIAN_POINT('',(9.2824534391662,1.55,3.42194114955467));
#13999=CARTESIAN_POINT('Ctrl Pts',(9.2824534391662,1.54,3.42194114955467));
#14000=CARTESIAN_POINT('Ctrl Pts',(9.21478631623592,1.54,3.48115001948876));
#14001=CARTESIAN_POINT('Ctrl Pts',(9.10073448621239,1.54,3.48115001948876));
#14002=CARTESIAN_POINT('Ctrl Pts',(9.36048891112711,1.55,3.24977223905129));
#14003=CARTESIAN_POINT('Ctrl Pts',(9.36048891112711,1.54,3.24977223905129));
#14004=CARTESIAN_POINT('Ctrl Pts',(9.35012056209649,1.55,3.36273257764382));
#14005=CARTESIAN_POINT('Ctrl Pts',(9.35012056209649,1.54,3.36273257764382));
#14006=CARTESIAN_POINT('Ctrl Pts',(9.2824534391662,1.55,3.42194114955467));
#14007=CARTESIAN_POINT('Ctrl Pts',(9.2824534391662,1.54,3.42194114955467));
#14008=CARTESIAN_POINT('',(9.36048891112711,1.55,3.24977223905129));
#14009=CARTESIAN_POINT('Ctrl Pts',(9.36048891112711,1.55,3.24977223905129));
#14010=CARTESIAN_POINT('Ctrl Pts',(9.35012056209649,1.55,3.36273257764382));
#14011=CARTESIAN_POINT('Ctrl Pts',(9.2824534391662,1.55,3.42194114955467));
#14012=CARTESIAN_POINT('',(9.36048891112711,1.54,3.24977223905129));
#14013=CARTESIAN_POINT('',(9.36048891112711,1.55,3.24977223905129));
#14014=CARTESIAN_POINT('Ctrl Pts',(9.36048891112711,1.54,3.24977223905129));
#14015=CARTESIAN_POINT('Ctrl Pts',(9.35012056209649,1.54,3.36273257764382));
#14016=CARTESIAN_POINT('Ctrl Pts',(9.2824534391662,1.54,3.42194114955467));
#14017=CARTESIAN_POINT('Origin',(9.25953393519427,1.55,3.23940371306938));
#14018=CARTESIAN_POINT('',(9.25953393519427,1.55,3.23940371306938));
#14019=CARTESIAN_POINT('',(6.57136925820038,1.55,2.96331721966476));
#14020=CARTESIAN_POINT('',(9.25953393519427,1.54,3.23940371306938));
#14021=CARTESIAN_POINT('',(9.25953393519427,1.55,3.23940371306938));
#14022=CARTESIAN_POINT('',(9.25953393519427,1.54,3.23940371306938));
#14023=CARTESIAN_POINT('Ctrl Pts',(9.21642343231048,1.55,3.35727547439141));
#14024=CARTESIAN_POINT('Ctrl Pts',(9.21642343231048,1.54,3.35727547439141));
#14025=CARTESIAN_POINT('Ctrl Pts',(9.25898822673167,1.55,3.3147106054644));
#14026=CARTESIAN_POINT('Ctrl Pts',(9.25898822673167,1.54,3.3147106054644));
#14027=CARTESIAN_POINT('Ctrl Pts',(9.25953393519427,1.55,3.23940371306938));
#14028=CARTESIAN_POINT('Ctrl Pts',(9.25953393519427,1.54,3.23940371306938));
#14029=CARTESIAN_POINT('',(9.21642343231048,1.55,3.35727547439141));
#14030=CARTESIAN_POINT('Ctrl Pts',(9.21642343231048,1.55,3.35727547439141));
#14031=CARTESIAN_POINT('Ctrl Pts',(9.25898822673167,1.55,3.3147106054644));
#14032=CARTESIAN_POINT('Ctrl Pts',(9.25953393519427,1.55,3.23940371306938));
#14033=CARTESIAN_POINT('',(9.21642343231048,1.54,3.35727547439141));
#14034=CARTESIAN_POINT('',(9.21642343231048,1.55,3.35727547439141));
#14035=CARTESIAN_POINT('Ctrl Pts',(9.21642343231048,1.54,3.35727547439141));
#14036=CARTESIAN_POINT('Ctrl Pts',(9.25898822673167,1.54,3.3147106054644));
#14037=CARTESIAN_POINT('Ctrl Pts',(9.25953393519427,1.54,3.23940371306938));
#14038=CARTESIAN_POINT('Ctrl Pts',(9.10291730143632,1.55,3.39984034331841));
#14039=CARTESIAN_POINT('Ctrl Pts',(9.10291730143632,1.54,3.39984034331841));
#14040=CARTESIAN_POINT('Ctrl Pts',(9.17385863788928,1.55,3.39984034331841));
#14041=CARTESIAN_POINT('Ctrl Pts',(9.17385863788928,1.54,3.39984034331841));
#14042=CARTESIAN_POINT('Ctrl Pts',(9.21642343231048,1.55,3.35727547439141));
#14043=CARTESIAN_POINT('Ctrl Pts',(9.21642343231048,1.54,3.35727547439141));
#14044=CARTESIAN_POINT('',(9.10291730143632,1.55,3.39984034331841));
#14045=CARTESIAN_POINT('Ctrl Pts',(9.10291730143632,1.55,3.39984034331841));
#14046=CARTESIAN_POINT('Ctrl Pts',(9.17385863788928,1.55,3.39984034331841));
#14047=CARTESIAN_POINT('Ctrl Pts',(9.21642343231048,1.55,3.35727547439141));
#14048=CARTESIAN_POINT('',(9.10291730143632,1.54,3.39984034331841));
#14049=CARTESIAN_POINT('',(9.10291730143632,1.55,3.39984034331841));
#14050=CARTESIAN_POINT('Ctrl Pts',(9.10291730143632,1.54,3.39984034331841));
#14051=CARTESIAN_POINT('Ctrl Pts',(9.17385863788928,1.54,3.39984034331841));
#14052=CARTESIAN_POINT('Ctrl Pts',(9.21642343231048,1.54,3.35727547439141));
#14053=CARTESIAN_POINT('Ctrl Pts',(8.99404964127149,1.55,3.35973118575615));
#14054=CARTESIAN_POINT('Ctrl Pts',(8.99404964127149,1.54,3.35973118575615));
#14055=CARTESIAN_POINT('Ctrl Pts',(9.03579591490831,1.55,3.39984034331841));
#14056=CARTESIAN_POINT('Ctrl Pts',(9.03579591490831,1.54,3.39984034331841));
#14057=CARTESIAN_POINT('Ctrl Pts',(9.10291730143632,1.55,3.39984034331841));
#14058=CARTESIAN_POINT('Ctrl Pts',(9.10291730143632,1.54,3.39984034331841));
#14059=CARTESIAN_POINT('',(8.99404964127149,1.55,3.35973118575615));
#14060=CARTESIAN_POINT('Ctrl Pts',(8.99404964127149,1.55,3.35973118575615));
#14061=CARTESIAN_POINT('Ctrl Pts',(9.03579591490831,1.55,3.39984034331841));
#14062=CARTESIAN_POINT('Ctrl Pts',(9.10291730143632,1.55,3.39984034331841));
#14063=CARTESIAN_POINT('',(8.99404964127149,1.54,3.35973118575615));
#14064=CARTESIAN_POINT('',(8.99404964127149,1.55,3.35973118575615));
#14065=CARTESIAN_POINT('Ctrl Pts',(8.99404964127149,1.54,3.35973118575615));
#14066=CARTESIAN_POINT('Ctrl Pts',(9.03579591490831,1.54,3.39984034331841));
#14067=CARTESIAN_POINT('Ctrl Pts',(9.10291730143632,1.54,3.39984034331841));
#14068=CARTESIAN_POINT('Ctrl Pts',(8.95230336763467,1.55,3.2612318280558));
#14069=CARTESIAN_POINT('Ctrl Pts',(8.95230336763467,1.54,3.2612318280558));
#14070=CARTESIAN_POINT('Ctrl Pts',(8.95230336763467,1.55,3.3196220281939));
#14071=CARTESIAN_POINT('Ctrl Pts',(8.95230336763467,1.54,3.3196220281939));
#14072=CARTESIAN_POINT('Ctrl Pts',(8.99404964127149,1.55,3.35973118575615));
#14073=CARTESIAN_POINT('Ctrl Pts',(8.99404964127149,1.54,3.35973118575615));
#14074=CARTESIAN_POINT('',(8.95230336763467,1.55,3.2612318280558));
#14075=CARTESIAN_POINT('Ctrl Pts',(8.95230336763467,1.55,3.2612318280558));
#14076=CARTESIAN_POINT('Ctrl Pts',(8.95230336763467,1.55,3.3196220281939));
#14077=CARTESIAN_POINT('Ctrl Pts',(8.99404964127149,1.55,3.35973118575615));
#14078=CARTESIAN_POINT('',(8.95230336763467,1.54,3.2612318280558));
#14079=CARTESIAN_POINT('',(8.95230336763467,1.55,3.2612318280558));
#14080=CARTESIAN_POINT('Ctrl Pts',(8.95230336763467,1.54,3.2612318280558));
#14081=CARTESIAN_POINT('Ctrl Pts',(8.95230336763467,1.54,3.3196220281939));
#14082=CARTESIAN_POINT('Ctrl Pts',(8.99404964127149,1.54,3.35973118575615));
#14083=CARTESIAN_POINT('Ctrl Pts',(8.99814239420499,1.55,3.14308737548394));
#14084=CARTESIAN_POINT('Ctrl Pts',(8.99814239420499,1.54,3.14308737548394));
#14085=CARTESIAN_POINT('Ctrl Pts',(8.95230336763467,1.55,3.20557032855553));
#14086=CARTESIAN_POINT('Ctrl Pts',(8.95230336763467,1.54,3.20557032855553));
#14087=CARTESIAN_POINT('Ctrl Pts',(8.95230336763467,1.55,3.2612318280558));
#14088=CARTESIAN_POINT('Ctrl Pts',(8.95230336763467,1.54,3.2612318280558));
#14089=CARTESIAN_POINT('',(8.99814239420499,1.55,3.14308737548394));
#14090=CARTESIAN_POINT('Ctrl Pts',(8.99814239420499,1.55,3.14308737548394));
#14091=CARTESIAN_POINT('Ctrl Pts',(8.95230336763467,1.55,3.20557032855553));
#14092=CARTESIAN_POINT('Ctrl Pts',(8.95230336763467,1.55,3.2612318280558));
#14093=CARTESIAN_POINT('',(8.99814239420499,1.54,3.14308737548394));
#14094=CARTESIAN_POINT('',(8.99814239420499,1.55,3.14308737548394));
#14095=CARTESIAN_POINT('Ctrl Pts',(8.99814239420499,1.54,3.14308737548394));
#14096=CARTESIAN_POINT('Ctrl Pts',(8.95230336763467,1.54,3.20557032855553));
#14097=CARTESIAN_POINT('Ctrl Pts',(8.95230336763467,1.54,3.2612318280558));
#14098=CARTESIAN_POINT('Ctrl Pts',(9.17440433703865,1.55,2.97364656957192));
#14099=CARTESIAN_POINT('Ctrl Pts',(9.17440433703865,1.54,2.97364656957192));
#14100=CARTESIAN_POINT('Ctrl Pts',(9.04398142077531,1.55,3.08060442241234));
#14101=CARTESIAN_POINT('Ctrl Pts',(9.04398142077531,1.54,3.08060442241234));
#14102=CARTESIAN_POINT('Ctrl Pts',(8.99814239420499,1.55,3.14308737548394));
#14103=CARTESIAN_POINT('Ctrl Pts',(8.99814239420499,1.54,3.14308737548394));
#14104=CARTESIAN_POINT('',(9.17440433703865,1.55,2.97364656957192));
#14105=CARTESIAN_POINT('Ctrl Pts',(9.17440433703865,1.55,2.97364656957192));
#14106=CARTESIAN_POINT('Ctrl Pts',(9.04398142077531,1.55,3.08060442241234));
#14107=CARTESIAN_POINT('Ctrl Pts',(8.99814239420499,1.55,3.14308737548394));
#14108=CARTESIAN_POINT('',(9.17440433703865,1.54,2.97364656957192));
#14109=CARTESIAN_POINT('',(9.17440433703865,1.55,2.97364656957192));
#14110=CARTESIAN_POINT('Ctrl Pts',(9.17440433703865,1.54,2.97364656957192));
#14111=CARTESIAN_POINT('Ctrl Pts',(9.04398142077531,1.54,3.08060442241234));
#14112=CARTESIAN_POINT('Ctrl Pts',(8.99814239420499,1.54,3.14308737548394));
#14113=CARTESIAN_POINT('Ctrl Pts',(9.30291728765275,1.55,2.85250072511238));
#14114=CARTESIAN_POINT('Ctrl Pts',(9.30291728765275,1.54,2.85250072511238));
#14115=CARTESIAN_POINT('Ctrl Pts',(9.2584425275823,1.55,2.90488814147515));
#14116=CARTESIAN_POINT('Ctrl Pts',(9.2584425275823,1.54,2.90488814147515));
#14117=CARTESIAN_POINT('Ctrl Pts',(9.17440433703865,1.55,2.97364656957192));
#14118=CARTESIAN_POINT('Ctrl Pts',(9.17440433703865,1.54,2.97364656957192));
#14119=CARTESIAN_POINT('',(9.30291728765275,1.55,2.85250072511238));
#14120=CARTESIAN_POINT('Ctrl Pts',(9.30291728765275,1.55,2.85250072511238));
#14121=CARTESIAN_POINT('Ctrl Pts',(9.2584425275823,1.55,2.90488814147515));
#14122=CARTESIAN_POINT('Ctrl Pts',(9.17440433703865,1.55,2.97364656957192));
#14123=CARTESIAN_POINT('',(9.30291728765275,1.54,2.85250072511238));
#14124=CARTESIAN_POINT('',(9.30291728765275,1.55,2.85250072511238));
#14125=CARTESIAN_POINT('Ctrl Pts',(9.30291728765275,1.54,2.85250072511238));
#14126=CARTESIAN_POINT('Ctrl Pts',(9.2584425275823,1.54,2.90488814147515));
#14127=CARTESIAN_POINT('Ctrl Pts',(9.17440433703865,1.54,2.97364656957192));
#14128=CARTESIAN_POINT('Ctrl Pts',(9.36758304197843,1.55,2.74608855279488));
#14129=CARTESIAN_POINT('Ctrl Pts',(9.36758304197843,1.54,2.74608855279488));
#14130=CARTESIAN_POINT('Ctrl Pts',(9.34739204772319,1.55,2.80011330874962));
#14131=CARTESIAN_POINT('Ctrl Pts',(9.34739204772319,1.54,2.80011330874962));
#14132=CARTESIAN_POINT('Ctrl Pts',(9.30291728765275,1.55,2.85250072511238));
#14133=CARTESIAN_POINT('Ctrl Pts',(9.30291728765275,1.54,2.85250072511238));
#14134=CARTESIAN_POINT('',(9.36758304197843,1.55,2.74608855279488));
#14135=CARTESIAN_POINT('Ctrl Pts',(9.36758304197843,1.55,2.74608855279488));
#14136=CARTESIAN_POINT('Ctrl Pts',(9.34739204772319,1.55,2.80011330874962));
#14137=CARTESIAN_POINT('Ctrl Pts',(9.30291728765275,1.55,2.85250072511238));
#14138=CARTESIAN_POINT('',(9.36758304197843,1.54,2.74608855279488));
#14139=CARTESIAN_POINT('',(9.36758304197843,1.55,2.74608855279488));
#14140=CARTESIAN_POINT('Ctrl Pts',(9.36758304197843,1.54,2.74608855279488));
#14141=CARTESIAN_POINT('Ctrl Pts',(9.34739204772319,1.54,2.80011330874962));
#14142=CARTESIAN_POINT('Ctrl Pts',(9.30291728765275,1.54,2.85250072511238));
#14143=CARTESIAN_POINT('Ctrl Pts',(9.37904279629271,1.55,2.67787580522103));
#14144=CARTESIAN_POINT('Ctrl Pts',(9.37904279629271,1.54,2.67787580522103));
#14145=CARTESIAN_POINT('Ctrl Pts',(9.38013420157637,1.55,2.71334652932686));
#14146=CARTESIAN_POINT('Ctrl Pts',(9.38013420157637,1.54,2.71334652932686));
#14147=CARTESIAN_POINT('Ctrl Pts',(9.36758304197843,1.55,2.74608855279488));
#14148=CARTESIAN_POINT('Ctrl Pts',(9.36758304197843,1.54,2.74608855279488));
#14149=CARTESIAN_POINT('',(9.37904279629271,1.55,2.67787580522103));
#14150=CARTESIAN_POINT('Ctrl Pts',(9.37904279629271,1.55,2.67787580522103));
#14151=CARTESIAN_POINT('Ctrl Pts',(9.38013420157637,1.55,2.71334652932686));
#14152=CARTESIAN_POINT('Ctrl Pts',(9.36758304197843,1.55,2.74608855279488));
#14153=CARTESIAN_POINT('',(9.37904279629271,1.54,2.67787580522103));
#14154=CARTESIAN_POINT('',(9.37904279629271,1.55,2.67787580522103));
#14155=CARTESIAN_POINT('Ctrl Pts',(9.37904279629271,1.54,2.67787580522103));
#14156=CARTESIAN_POINT('Ctrl Pts',(9.38013420157637,1.54,2.71334652932686));
#14157=CARTESIAN_POINT('Ctrl Pts',(9.36758304197843,1.54,2.74608855279488));
#14158=CARTESIAN_POINT('Origin',(8.85025701202954,1.55,2.67787580522103));
#14159=CARTESIAN_POINT('',(8.85025701202954,1.55,2.67787580522103));
#14160=CARTESIAN_POINT('',(6.33012850601477,1.55,2.67787580522103));
#14161=CARTESIAN_POINT('',(8.85025701202954,1.54,2.67787580522103));
#14162=CARTESIAN_POINT('',(8.85025701202954,1.55,2.67787580522103));
#14163=CARTESIAN_POINT('',(8.85025701202954,1.54,2.67787580522103));
#14164=CARTESIAN_POINT('Origin',(8.85025701202954,1.55,2.77228240998787));
#14165=CARTESIAN_POINT('',(8.85025701202954,1.55,2.77228240998787));
#14166=CARTESIAN_POINT('',(8.85025701202954,1.55,3.08614120499394));
#14167=CARTESIAN_POINT('',(8.85025701202954,1.54,2.77228240998787));
#14168=CARTESIAN_POINT('',(8.85025701202954,1.55,2.77228240998787));
#14169=CARTESIAN_POINT('',(8.85025701202954,1.54,2.77228240998787));
#14170=CARTESIAN_POINT('Origin',(9.24261714049186,1.55,2.77228240998787));
#14171=CARTESIAN_POINT('',(6.52630857024593,1.55,2.77228240998787));
#14172=CARTESIAN_POINT('',(9.24261714049186,1.54,2.77228240998787));
#14173=CARTESIAN_POINT('Origin',(4.35994378939773,1.54,3.7024323377232));
#14174=CARTESIAN_POINT('Ctrl Pts',(0.225427734633343,1.55,4.64840774568123));
#14175=CARTESIAN_POINT('Ctrl Pts',(0.225427734633343,1.54,4.64840774568123));
#14176=CARTESIAN_POINT('Ctrl Pts',(0.293095099707501,1.55,4.64840774568123));
#14177=CARTESIAN_POINT('Ctrl Pts',(0.293095099707501,1.54,4.64840774568123));
#14178=CARTESIAN_POINT('Ctrl Pts',(0.333477246542828,1.55,4.59110890658898));
#14179=CARTESIAN_POINT('Ctrl Pts',(0.333477246542828,1.54,4.59110890658898));
#14180=CARTESIAN_POINT('',(0.225427734633343,1.55,4.64840774568123));
#14181=CARTESIAN_POINT('',(0.333477246542828,1.55,4.59110890658898));
#14182=CARTESIAN_POINT('Ctrl Pts',(0.225427734633343,1.55,4.64840774568123));
#14183=CARTESIAN_POINT('Ctrl Pts',(0.293095099707501,1.55,4.64840774568123));
#14184=CARTESIAN_POINT('Ctrl Pts',(0.333477246542828,1.55,4.59110890658898));
#14185=CARTESIAN_POINT('',(0.225427734633343,1.54,4.64840774568123));
#14186=CARTESIAN_POINT('',(0.225427734633343,1.55,4.64840774568123));
#14187=CARTESIAN_POINT('',(0.333477246542828,1.54,4.59110890658898));
#14188=CARTESIAN_POINT('Ctrl Pts',(0.225427734633343,1.54,4.64840774568123));
#14189=CARTESIAN_POINT('Ctrl Pts',(0.293095099707501,1.54,4.64840774568123));
#14190=CARTESIAN_POINT('Ctrl Pts',(0.333477246542828,1.54,4.59110890658898));
#14191=CARTESIAN_POINT('',(0.333477246542828,1.55,4.59110890658898));
#14192=CARTESIAN_POINT('Ctrl Pts',(0.110557663222211,1.55,4.58346908124489));
#14193=CARTESIAN_POINT('Ctrl Pts',(0.110557663222211,1.54,4.58346908124489));
#14194=CARTESIAN_POINT('Ctrl Pts',(0.156669604559796,1.55,4.64840774568123));
#14195=CARTESIAN_POINT('Ctrl Pts',(0.156669604559796,1.54,4.64840774568123));
#14196=CARTESIAN_POINT('Ctrl Pts',(0.225427734633343,1.55,4.64840774568123));
#14197=CARTESIAN_POINT('Ctrl Pts',(0.225427734633343,1.54,4.64840774568123));
#14198=CARTESIAN_POINT('',(0.110557663222211,1.55,4.58346908124489));
#14199=CARTESIAN_POINT('Ctrl Pts',(0.110557663222211,1.55,4.58346908124489));
#14200=CARTESIAN_POINT('Ctrl Pts',(0.156669604559796,1.55,4.64840774568123));
#14201=CARTESIAN_POINT('Ctrl Pts',(0.225427734633343,1.55,4.64840774568123));
#14202=CARTESIAN_POINT('',(0.110557663222211,1.54,4.58346908124489));
#14203=CARTESIAN_POINT('',(0.110557663222211,1.55,4.58346908124489));
#14204=CARTESIAN_POINT('Ctrl Pts',(0.110557663222211,1.54,4.58346908124489));
#14205=CARTESIAN_POINT('Ctrl Pts',(0.156669604559796,1.54,4.64840774568123));
#14206=CARTESIAN_POINT('Ctrl Pts',(0.225427734633343,1.54,4.64840774568123));
#14207=CARTESIAN_POINT('Ctrl Pts',(0.0644457218846251,1.55,4.32098616989655));
#14208=CARTESIAN_POINT('Ctrl Pts',(0.0644457218846251,1.54,4.32098616989655));
#14209=CARTESIAN_POINT('Ctrl Pts',(0.0644457218846251,1.55,4.51853041680855));
#14210=CARTESIAN_POINT('Ctrl Pts',(0.0644457218846251,1.54,4.51853041680855));
#14211=CARTESIAN_POINT('Ctrl Pts',(0.110557663222211,1.55,4.58346908124489));
#14212=CARTESIAN_POINT('Ctrl Pts',(0.110557663222211,1.54,4.58346908124489));
#14213=CARTESIAN_POINT('',(0.0644457218846251,1.55,4.32098616989655));
#14214=CARTESIAN_POINT('Ctrl Pts',(0.0644457218846251,1.55,4.32098616989655));
#14215=CARTESIAN_POINT('Ctrl Pts',(0.0644457218846251,1.55,4.51853041680855));
#14216=CARTESIAN_POINT('Ctrl Pts',(0.110557663222211,1.55,4.58346908124489));
#14217=CARTESIAN_POINT('',(0.0644457218846251,1.54,4.32098616989655));
#14218=CARTESIAN_POINT('',(0.0644457218846251,1.55,4.32098616989655));
#14219=CARTESIAN_POINT('Ctrl Pts',(0.0644457218846251,1.54,4.32098616989655));
#14220=CARTESIAN_POINT('Ctrl Pts',(0.0644457218846251,1.54,4.51853041680855));
#14221=CARTESIAN_POINT('Ctrl Pts',(0.110557663222211,1.54,4.58346908124489));
#14222=CARTESIAN_POINT('Ctrl Pts',(0.110557663222211,1.55,4.05904893907112));
#14223=CARTESIAN_POINT('Ctrl Pts',(0.110557663222211,1.54,4.05904893907112));
#14224=CARTESIAN_POINT('Ctrl Pts',(0.0644457218846251,1.55,4.12453328403038));
#14225=CARTESIAN_POINT('Ctrl Pts',(0.0644457218846251,1.54,4.12453328403038));
#14226=CARTESIAN_POINT('Ctrl Pts',(0.0644457218846251,1.55,4.32098616989655));
#14227=CARTESIAN_POINT('Ctrl Pts',(0.0644457218846251,1.54,4.32098616989655));
#14228=CARTESIAN_POINT('',(0.110557663222211,1.55,4.05904893907112));
#14229=CARTESIAN_POINT('Ctrl Pts',(0.110557663222211,1.55,4.05904893907112));
#14230=CARTESIAN_POINT('Ctrl Pts',(0.0644457218846251,1.55,4.12453328403038));
#14231=CARTESIAN_POINT('Ctrl Pts',(0.0644457218846251,1.55,4.32098616989655));
#14232=CARTESIAN_POINT('',(0.110557663222211,1.54,4.05904893907112));
#14233=CARTESIAN_POINT('',(0.110557663222211,1.55,4.05904893907112));
#14234=CARTESIAN_POINT('Ctrl Pts',(0.110557663222211,1.54,4.05904893907112));
#14235=CARTESIAN_POINT('Ctrl Pts',(0.0644457218846251,1.54,4.12453328403038));
#14236=CARTESIAN_POINT('Ctrl Pts',(0.0644457218846251,1.54,4.32098616989655));
#14237=CARTESIAN_POINT('Ctrl Pts',(0.224336373587506,1.55,3.99356459411186));
#14238=CARTESIAN_POINT('Ctrl Pts',(0.224336373587506,1.54,3.99356459411186));
#14239=CARTESIAN_POINT('Ctrl Pts',(0.156669604559796,1.55,3.99356459411186));
#14240=CARTESIAN_POINT('Ctrl Pts',(0.156669604559796,1.54,3.99356459411186));
#14241=CARTESIAN_POINT('Ctrl Pts',(0.110557663222211,1.55,4.05904893907112));
#14242=CARTESIAN_POINT('Ctrl Pts',(0.110557663222211,1.54,4.05904893907112));
#14243=CARTESIAN_POINT('',(0.224336373587506,1.55,3.99356459411186));
#14244=CARTESIAN_POINT('Ctrl Pts',(0.224336373587506,1.55,3.99356459411186));
#14245=CARTESIAN_POINT('Ctrl Pts',(0.156669604559796,1.55,3.99356459411186));
#14246=CARTESIAN_POINT('Ctrl Pts',(0.110557663222211,1.55,4.05904893907112));
#14247=CARTESIAN_POINT('',(0.224336373587506,1.54,3.99356459411186));
#14248=CARTESIAN_POINT('',(0.224336373587506,1.55,3.99356459411186));
#14249=CARTESIAN_POINT('Ctrl Pts',(0.224336373587506,1.54,3.99356459411186));
#14250=CARTESIAN_POINT('Ctrl Pts',(0.156669604559796,1.54,3.99356459411186));
#14251=CARTESIAN_POINT('Ctrl Pts',(0.110557663222211,1.54,4.05904893907112));
#14252=CARTESIAN_POINT('Ctrl Pts',(0.338115679999249,1.55,4.05877594979805));
#14253=CARTESIAN_POINT('Ctrl Pts',(0.338115679999249,1.54,4.05877594979805));
#14254=CARTESIAN_POINT('Ctrl Pts',(0.292003738661664,1.55,3.99356459411186));
#14255=CARTESIAN_POINT('Ctrl Pts',(0.292003738661664,1.54,3.99356459411186));
#14256=CARTESIAN_POINT('Ctrl Pts',(0.224336373587506,1.55,3.99356459411186));
#14257=CARTESIAN_POINT('Ctrl Pts',(0.224336373587506,1.54,3.99356459411186));
#14258=CARTESIAN_POINT('',(0.338115679999249,1.55,4.05877594979805));
#14259=CARTESIAN_POINT('Ctrl Pts',(0.338115679999249,1.55,4.05877594979805));
#14260=CARTESIAN_POINT('Ctrl Pts',(0.292003738661664,1.55,3.99356459411186));
#14261=CARTESIAN_POINT('Ctrl Pts',(0.224336373587506,1.55,3.99356459411186));
#14262=CARTESIAN_POINT('',(0.338115679999249,1.54,4.05877594979805));
#14263=CARTESIAN_POINT('',(0.338115679999249,1.55,4.05877594979805));
#14264=CARTESIAN_POINT('Ctrl Pts',(0.338115679999249,1.54,4.05877594979805));
#14265=CARTESIAN_POINT('Ctrl Pts',(0.292003738661664,1.54,3.99356459411186));
#14266=CARTESIAN_POINT('Ctrl Pts',(0.224336373587506,1.54,3.99356459411186));
#14267=CARTESIAN_POINT('Ctrl Pts',(0.384227621336835,1.55,4.32098616989655));
#14268=CARTESIAN_POINT('Ctrl Pts',(0.384227621336835,1.54,4.32098616989655));
#14269=CARTESIAN_POINT('Ctrl Pts',(0.384227621336835,1.55,4.12398760350746));
#14270=CARTESIAN_POINT('Ctrl Pts',(0.384227621336835,1.54,4.12398760350746));
#14271=CARTESIAN_POINT('Ctrl Pts',(0.338115679999249,1.55,4.05877594979805));
#14272=CARTESIAN_POINT('Ctrl Pts',(0.338115679999249,1.54,4.05877594979805));
#14273=CARTESIAN_POINT('',(0.384227621336835,1.55,4.32098616989655));
#14274=CARTESIAN_POINT('Ctrl Pts',(0.384227621336835,1.55,4.32098616989655));
#14275=CARTESIAN_POINT('Ctrl Pts',(0.384227621336835,1.55,4.12398760350746));
#14276=CARTESIAN_POINT('Ctrl Pts',(0.338115679999249,1.55,4.05877594979805));
#14277=CARTESIAN_POINT('',(0.384227621336835,1.54,4.32098616989655));
#14278=CARTESIAN_POINT('',(0.384227621336835,1.55,4.32098616989655));
#14279=CARTESIAN_POINT('Ctrl Pts',(0.384227621336835,1.54,4.32098616989655));
#14280=CARTESIAN_POINT('Ctrl Pts',(0.384227621336835,1.54,4.12398760350746));
#14281=CARTESIAN_POINT('Ctrl Pts',(0.338115679999249,1.54,4.05877594979805));
#14282=CARTESIAN_POINT('Ctrl Pts',(0.333477246542828,1.55,4.59110890658898));
#14283=CARTESIAN_POINT('Ctrl Pts',(0.333477246542828,1.54,4.59110890658898));
#14284=CARTESIAN_POINT('Ctrl Pts',(0.384227621336835,1.55,4.51798473628563));
#14285=CARTESIAN_POINT('Ctrl Pts',(0.384227621336835,1.54,4.51798473628563));
#14286=CARTESIAN_POINT('Ctrl Pts',(0.384227621336835,1.55,4.32098616989655));
#14287=CARTESIAN_POINT('Ctrl Pts',(0.384227621336835,1.54,4.32098616989655));
#14288=CARTESIAN_POINT('Ctrl Pts',(0.333477246542828,1.55,4.59110890658898));
#14289=CARTESIAN_POINT('Ctrl Pts',(0.384227621336835,1.55,4.51798473628563));
#14290=CARTESIAN_POINT('Ctrl Pts',(0.384227621336835,1.55,4.32098616989655));
#14291=CARTESIAN_POINT('Ctrl Pts',(0.333477246542828,1.54,4.59110890658898));
#14292=CARTESIAN_POINT('Ctrl Pts',(0.384227621336835,1.54,4.51798473628563));
#14293=CARTESIAN_POINT('Ctrl Pts',(0.384227621336835,1.54,4.32098616989655));
#14294=CARTESIAN_POINT('Ctrl Pts',(0.224336373587506,1.55,3.91280059846443));
#14295=CARTESIAN_POINT('Ctrl Pts',(0.224336373587506,1.54,3.91280059846443));
#14296=CARTESIAN_POINT('Ctrl Pts',(0.340025412817853,1.55,3.91280059846443));
#14297=CARTESIAN_POINT('Ctrl Pts',(0.340025412817853,1.54,3.91280059846443));
#14298=CARTESIAN_POINT('Ctrl Pts',(0.40605543830003,1.55,3.99574731620354));
#14299=CARTESIAN_POINT('Ctrl Pts',(0.40605543830003,1.54,3.99574731620354));
#14300=CARTESIAN_POINT('',(0.224336373587506,1.55,3.91280059846443));
#14301=CARTESIAN_POINT('',(0.40605543830003,1.55,3.99574731620354));
#14302=CARTESIAN_POINT('Ctrl Pts',(0.224336373587506,1.55,3.91280059846443));
#14303=CARTESIAN_POINT('Ctrl Pts',(0.340025412817853,1.55,3.91280059846443));
#14304=CARTESIAN_POINT('Ctrl Pts',(0.40605543830003,1.55,3.99574731620354));
#14305=CARTESIAN_POINT('',(0.224336373587506,1.54,3.91280059846443));
#14306=CARTESIAN_POINT('',(0.224336373587506,1.55,3.91280059846443));
#14307=CARTESIAN_POINT('',(0.40605543830003,1.54,3.99574731620354));
#14308=CARTESIAN_POINT('Ctrl Pts',(0.224336373587506,1.54,3.91280059846443));
#14309=CARTESIAN_POINT('Ctrl Pts',(0.340025412817853,1.54,3.91280059846443));
#14310=CARTESIAN_POINT('Ctrl Pts',(0.40605543830003,1.54,3.99574731620354));
#14311=CARTESIAN_POINT('',(0.40605543830003,1.55,3.99574731620354));
#14312=CARTESIAN_POINT('Ctrl Pts',(0.0789070008000303,1.55,3.96000390084786));
#14313=CARTESIAN_POINT('Ctrl Pts',(0.0789070008000303,1.54,3.96000390084786));
#14314=CARTESIAN_POINT('Ctrl Pts',(0.136478531142132,1.55,3.91280059846443));
#14315=CARTESIAN_POINT('Ctrl Pts',(0.136478531142132,1.54,3.91280059846443));
#14316=CARTESIAN_POINT('Ctrl Pts',(0.224336373587506,1.55,3.91280059846443));
#14317=CARTESIAN_POINT('Ctrl Pts',(0.224336373587506,1.54,3.91280059846443));
#14318=CARTESIAN_POINT('',(0.0789070008000303,1.55,3.96000390084786));
#14319=CARTESIAN_POINT('Ctrl Pts',(0.0789070008000303,1.55,3.96000390084786));
#14320=CARTESIAN_POINT('Ctrl Pts',(0.136478531142132,1.55,3.91280059846443));
#14321=CARTESIAN_POINT('Ctrl Pts',(0.224336373587506,1.55,3.91280059846443));
#14322=CARTESIAN_POINT('',(0.0789070008000303,1.54,3.96000390084786));
#14323=CARTESIAN_POINT('',(0.0789070008000303,1.55,3.96000390084786));
#14324=CARTESIAN_POINT('Ctrl Pts',(0.0789070008000303,1.54,3.96000390084786));
#14325=CARTESIAN_POINT('Ctrl Pts',(0.136478531142132,1.54,3.91280059846443));
#14326=CARTESIAN_POINT('Ctrl Pts',(0.224336373587506,1.54,3.91280059846443));
#14327=CARTESIAN_POINT('Ctrl Pts',(-0.00758708737288227,1.55,4.09370099338097));
#14328=CARTESIAN_POINT('Ctrl Pts',(-0.00758708737288227,1.54,4.09370099338097));
#14329=CARTESIAN_POINT('Ctrl Pts',(0.0213354704579283,1.55,4.00720720323128));
#14330=CARTESIAN_POINT('Ctrl Pts',(0.0213354704579283,1.54,4.00720720323128));
#14331=CARTESIAN_POINT('Ctrl Pts',(0.0789070008000303,1.55,3.96000390084786));
#14332=CARTESIAN_POINT('Ctrl Pts',(0.0789070008000303,1.54,3.96000390084786));
#14333=CARTESIAN_POINT('',(-0.00758708737288227,1.55,4.09370099338097));
#14334=CARTESIAN_POINT('Ctrl Pts',(-0.00758708737288227,1.55,4.09370099338097));
#14335=CARTESIAN_POINT('Ctrl Pts',(0.0213354704579283,1.55,4.00720720323128));
#14336=CARTESIAN_POINT('Ctrl Pts',(0.0789070008000303,1.55,3.96000390084786));
#14337=CARTESIAN_POINT('',(-0.00758708737288227,1.54,4.09370099338097));
#14338=CARTESIAN_POINT('',(-0.00758708737288227,1.55,4.09370099338097));
#14339=CARTESIAN_POINT('Ctrl Pts',(-0.00758708737288227,1.54,4.09370099338097));
#14340=CARTESIAN_POINT('Ctrl Pts',(0.0213354704579283,1.54,4.00720720323128));
#14341=CARTESIAN_POINT('Ctrl Pts',(0.0789070008000303,1.54,3.96000390084786));
#14342=CARTESIAN_POINT('Ctrl Pts',(-0.0365090491572451,1.55,4.32098616989655));
#14343=CARTESIAN_POINT('Ctrl Pts',(-0.0365090491572451,1.54,4.32098616989655));
#14344=CARTESIAN_POINT('Ctrl Pts',(-0.0365090491572451,1.55,4.18019493254227));
#14345=CARTESIAN_POINT('Ctrl Pts',(-0.0365090491572451,1.54,4.18019493254227));
#14346=CARTESIAN_POINT('Ctrl Pts',(-0.00758708737288227,1.55,4.09370099338097));
#14347=CARTESIAN_POINT('Ctrl Pts',(-0.00758708737288227,1.54,4.09370099338097));
#14348=CARTESIAN_POINT('',(-0.0365090491572451,1.55,4.32098616989655));
#14349=CARTESIAN_POINT('Ctrl Pts',(-0.0365090491572451,1.55,4.32098616989655));
#14350=CARTESIAN_POINT('Ctrl Pts',(-0.0365090491572451,1.55,4.18019493254227));
#14351=CARTESIAN_POINT('Ctrl Pts',(-0.00758708737288227,1.55,4.09370099338097));
#14352=CARTESIAN_POINT('',(-0.0365090491572451,1.54,4.32098616989655));
#14353=CARTESIAN_POINT('',(-0.0365090491572451,1.55,4.32098616989655));
#14354=CARTESIAN_POINT('Ctrl Pts',(-0.0365090491572451,1.54,4.32098616989655));
#14355=CARTESIAN_POINT('Ctrl Pts',(-0.0365090491572451,1.54,4.18019493254227));
#14356=CARTESIAN_POINT('Ctrl Pts',(-0.00758708737288227,1.54,4.09370099338097));
#14357=CARTESIAN_POINT('Ctrl Pts',(-0.0185012938777041,1.55,4.51007207068009));
#14358=CARTESIAN_POINT('Ctrl Pts',(-0.0185012938777041,1.54,4.51007207068009));
#14359=CARTESIAN_POINT('Ctrl Pts',(-0.0365090491572451,1.55,4.43994929226441));
#14360=CARTESIAN_POINT('Ctrl Pts',(-0.0365090491572451,1.54,4.43994929226441));
#14361=CARTESIAN_POINT('Ctrl Pts',(-0.0365090491572451,1.55,4.32098616989655));
#14362=CARTESIAN_POINT('Ctrl Pts',(-0.0365090491572451,1.54,4.32098616989655));
#14363=CARTESIAN_POINT('',(-0.0185012938777041,1.55,4.51007207068009));
#14364=CARTESIAN_POINT('Ctrl Pts',(-0.0185012938777041,1.55,4.51007207068009));
#14365=CARTESIAN_POINT('Ctrl Pts',(-0.0365090491572451,1.55,4.43994929226441));
#14366=CARTESIAN_POINT('Ctrl Pts',(-0.0365090491572451,1.55,4.32098616989655));
#14367=CARTESIAN_POINT('',(-0.0185012938777041,1.54,4.51007207068009));
#14368=CARTESIAN_POINT('',(-0.0185012938777041,1.55,4.51007207068009));
#14369=CARTESIAN_POINT('Ctrl Pts',(-0.0185012938777041,1.54,4.51007207068009));
#14370=CARTESIAN_POINT('Ctrl Pts',(-0.0365090491572451,1.54,4.43994929226441));
#14371=CARTESIAN_POINT('Ctrl Pts',(-0.0365090491572451,1.54,4.32098616989655));
#14372=CARTESIAN_POINT('Ctrl Pts',(0.0311577198704649,1.55,4.62903534205956));
#14373=CARTESIAN_POINT('Ctrl Pts',(0.0311577198704649,1.54,4.62903534205956));
#14374=CARTESIAN_POINT('Ctrl Pts',(-0.000492942551715281,1.55,4.58019499810738));
#14375=CARTESIAN_POINT('Ctrl Pts',(-0.000492942551715281,1.54,4.58019499810738));
#14376=CARTESIAN_POINT('Ctrl Pts',(-0.0185012938777041,1.55,4.51007207068009));
#14377=CARTESIAN_POINT('Ctrl Pts',(-0.0185012938777041,1.54,4.51007207068009));
#14378=CARTESIAN_POINT('',(0.0311577198704649,1.55,4.62903534205956));
#14379=CARTESIAN_POINT('Ctrl Pts',(0.0311577198704649,1.55,4.62903534205956));
#14380=CARTESIAN_POINT('Ctrl Pts',(-0.000492942551715281,1.55,4.58019499810738));
#14381=CARTESIAN_POINT('Ctrl Pts',(-0.0185012938777041,1.55,4.51007207068009));
#14382=CARTESIAN_POINT('',(0.0311577198704649,1.54,4.62903534205956));
#14383=CARTESIAN_POINT('',(0.0311577198704649,1.55,4.62903534205956));
#14384=CARTESIAN_POINT('Ctrl Pts',(0.0311577198704649,1.54,4.62903534205956));
#14385=CARTESIAN_POINT('Ctrl Pts',(-0.000492942551715281,1.54,4.58019499810738));
#14386=CARTESIAN_POINT('Ctrl Pts',(-0.0185012938777041,1.54,4.51007207068009));
#14387=CARTESIAN_POINT('Ctrl Pts',(0.111376034994977,1.55,4.70379655393166));
#14388=CARTESIAN_POINT('Ctrl Pts',(0.111376034994977,1.54,4.70379655393166));
#14389=CARTESIAN_POINT('Ctrl Pts',(0.0628083822926451,1.55,4.67787568601174));
#14390=CARTESIAN_POINT('Ctrl Pts',(0.0628083822926451,1.54,4.67787568601174));
#14391=CARTESIAN_POINT('Ctrl Pts',(0.0311577198704649,1.55,4.62903534205956));
#14392=CARTESIAN_POINT('Ctrl Pts',(0.0311577198704649,1.54,4.62903534205956));
#14393=CARTESIAN_POINT('',(0.111376034994977,1.55,4.70379655393166));
#14394=CARTESIAN_POINT('Ctrl Pts',(0.111376034994977,1.55,4.70379655393166));
#14395=CARTESIAN_POINT('Ctrl Pts',(0.0628083822926451,1.55,4.67787568601174));
#14396=CARTESIAN_POINT('Ctrl Pts',(0.0311577198704649,1.55,4.62903534205956));
#14397=CARTESIAN_POINT('',(0.111376034994977,1.54,4.70379655393166));
#14398=CARTESIAN_POINT('',(0.111376034994977,1.55,4.70379655393166));
#14399=CARTESIAN_POINT('Ctrl Pts',(0.111376034994977,1.54,4.70379655393166));
#14400=CARTESIAN_POINT('Ctrl Pts',(0.0628083822926451,1.54,4.67787568601174));
#14401=CARTESIAN_POINT('Ctrl Pts',(0.0311577198704649,1.54,4.62903534205956));
#14402=CARTESIAN_POINT('Ctrl Pts',(0.224336373587506,1.55,4.72971742185158));
#14403=CARTESIAN_POINT('Ctrl Pts',(0.224336373587506,1.54,4.72971742185158));
#14404=CARTESIAN_POINT('Ctrl Pts',(0.159943687697308,1.55,4.72971742185158));
#14405=CARTESIAN_POINT('Ctrl Pts',(0.159943687697308,1.54,4.72971742185158));
#14406=CARTESIAN_POINT('Ctrl Pts',(0.111376034994977,1.55,4.70379655393166));
#14407=CARTESIAN_POINT('Ctrl Pts',(0.111376034994977,1.54,4.70379655393166));
#14408=CARTESIAN_POINT('',(0.224336373587506,1.55,4.72971742185158));
#14409=CARTESIAN_POINT('Ctrl Pts',(0.224336373587506,1.55,4.72971742185158));
#14410=CARTESIAN_POINT('Ctrl Pts',(0.159943687697308,1.55,4.72971742185158));
#14411=CARTESIAN_POINT('Ctrl Pts',(0.111376034994977,1.55,4.70379655393166));
#14412=CARTESIAN_POINT('',(0.224336373587506,1.54,4.72971742185158));
#14413=CARTESIAN_POINT('',(0.224336373587506,1.55,4.72971742185158));
#14414=CARTESIAN_POINT('Ctrl Pts',(0.224336373587506,1.54,4.72971742185158));
#14415=CARTESIAN_POINT('Ctrl Pts',(0.159943687697308,1.54,4.72971742185158));
#14416=CARTESIAN_POINT('Ctrl Pts',(0.111376034994977,1.54,4.70379655393166));
#14417=CARTESIAN_POINT('Ctrl Pts',(0.369220363875287,1.55,4.68278710874123));
#14418=CARTESIAN_POINT('Ctrl Pts',(0.369220363875287,1.54,4.68278710874123));
#14419=CARTESIAN_POINT('Ctrl Pts',(0.311648833533185,1.55,4.72971742185158));
#14420=CARTESIAN_POINT('Ctrl Pts',(0.311648833533185,1.54,4.72971742185158));
#14421=CARTESIAN_POINT('Ctrl Pts',(0.224336373587506,1.55,4.72971742185158));
#14422=CARTESIAN_POINT('Ctrl Pts',(0.224336373587506,1.54,4.72971742185158));
#14423=CARTESIAN_POINT('',(0.369220363875287,1.55,4.68278710874123));
#14424=CARTESIAN_POINT('Ctrl Pts',(0.369220363875287,1.55,4.68278710874123));
#14425=CARTESIAN_POINT('Ctrl Pts',(0.311648833533185,1.55,4.72971742185158));
#14426=CARTESIAN_POINT('Ctrl Pts',(0.224336373587506,1.55,4.72971742185158));
#14427=CARTESIAN_POINT('',(0.369220363875287,1.54,4.68278710874123));
#14428=CARTESIAN_POINT('',(0.369220363875287,1.55,4.68278710874123));
#14429=CARTESIAN_POINT('Ctrl Pts',(0.369220363875287,1.54,4.68278710874123));
#14430=CARTESIAN_POINT('Ctrl Pts',(0.311648833533185,1.54,4.72971742185158));
#14431=CARTESIAN_POINT('Ctrl Pts',(0.224336373587506,1.54,4.72971742185158));
#14432=CARTESIAN_POINT('Ctrl Pts',(0.455987441321271,1.55,4.54936270745796));
#14433=CARTESIAN_POINT('Ctrl Pts',(0.455987441321271,1.54,4.54936270745796));
#14434=CARTESIAN_POINT('Ctrl Pts',(0.426792490263836,1.55,4.63585649760765));
#14435=CARTESIAN_POINT('Ctrl Pts',(0.426792490263836,1.54,4.63585649760765));
#14436=CARTESIAN_POINT('Ctrl Pts',(0.369220363875287,1.55,4.68278710874123));
#14437=CARTESIAN_POINT('Ctrl Pts',(0.369220363875287,1.54,4.68278710874123));
#14438=CARTESIAN_POINT('',(0.455987441321271,1.55,4.54936270745796));
#14439=CARTESIAN_POINT('Ctrl Pts',(0.455987441321271,1.55,4.54936270745796));
#14440=CARTESIAN_POINT('Ctrl Pts',(0.426792490263836,1.55,4.63585649760765));
#14441=CARTESIAN_POINT('Ctrl Pts',(0.369220363875287,1.55,4.68278710874123));
#14442=CARTESIAN_POINT('',(0.455987441321271,1.54,4.54936270745796));
#14443=CARTESIAN_POINT('',(0.455987441321271,1.55,4.54936270745796));
#14444=CARTESIAN_POINT('Ctrl Pts',(0.455987441321271,1.54,4.54936270745796));
#14445=CARTESIAN_POINT('Ctrl Pts',(0.426792490263836,1.54,4.63585649760765));
#14446=CARTESIAN_POINT('Ctrl Pts',(0.369220363875287,1.54,4.68278710874123));
#14447=CARTESIAN_POINT('Ctrl Pts',(0.485182392378705,1.55,4.32098616989655));
#14448=CARTESIAN_POINT('Ctrl Pts',(0.485182392378705,1.54,4.32098616989655));
#14449=CARTESIAN_POINT('Ctrl Pts',(0.485182392378705,1.55,4.46286891730828));
#14450=CARTESIAN_POINT('Ctrl Pts',(0.485182392378705,1.54,4.46286891730828));
#14451=CARTESIAN_POINT('Ctrl Pts',(0.455987441321271,1.55,4.54936270745796));
#14452=CARTESIAN_POINT('Ctrl Pts',(0.455987441321271,1.54,4.54936270745796));
#14453=CARTESIAN_POINT('',(0.485182392378705,1.55,4.32098616989655));
#14454=CARTESIAN_POINT('Ctrl Pts',(0.485182392378705,1.55,4.32098616989655));
#14455=CARTESIAN_POINT('Ctrl Pts',(0.485182392378705,1.55,4.46286891730828));
#14456=CARTESIAN_POINT('Ctrl Pts',(0.455987441321271,1.55,4.54936270745796));
#14457=CARTESIAN_POINT('',(0.485182392378705,1.54,4.32098616989655));
#14458=CARTESIAN_POINT('',(0.485182392378705,1.55,4.32098616989655));
#14459=CARTESIAN_POINT('Ctrl Pts',(0.485182392378705,1.54,4.32098616989655));
#14460=CARTESIAN_POINT('Ctrl Pts',(0.485182392378705,1.54,4.46286891730828));
#14461=CARTESIAN_POINT('Ctrl Pts',(0.455987441321271,1.54,4.54936270745796));
#14462=CARTESIAN_POINT('Ctrl Pts',(0.40605543830003,1.55,3.99574731620354));
#14463=CARTESIAN_POINT('Ctrl Pts',(0.40605543830003,1.54,3.99574731620354));
#14464=CARTESIAN_POINT('Ctrl Pts',(0.485182392378705,1.55,4.0956110242228));
#14465=CARTESIAN_POINT('Ctrl Pts',(0.485182392378705,1.54,4.0956110242228));
#14466=CARTESIAN_POINT('Ctrl Pts',(0.485182392378705,1.55,4.32098616989655));
#14467=CARTESIAN_POINT('Ctrl Pts',(0.485182392378705,1.54,4.32098616989655));
#14468=CARTESIAN_POINT('Ctrl Pts',(0.40605543830003,1.55,3.99574731620354));
#14469=CARTESIAN_POINT('Ctrl Pts',(0.485182392378705,1.55,4.0956110242228));
#14470=CARTESIAN_POINT('Ctrl Pts',(0.485182392378705,1.55,4.32098616989655));
#14471=CARTESIAN_POINT('Ctrl Pts',(0.40605543830003,1.54,3.99574731620354));
#14472=CARTESIAN_POINT('Ctrl Pts',(0.485182392378705,1.54,4.0956110242228));
#14473=CARTESIAN_POINT('Ctrl Pts',(0.485182392378705,1.54,4.32098616989655));
#14474=CARTESIAN_POINT('Origin',(4.35994378939773,1.54,3.7024323377232));
#14475=CARTESIAN_POINT('Origin',(1.31192146517839,1.55,4.26532452138466));
#14476=CARTESIAN_POINT('',(1.31192146517839,1.55,4.26532452138466));
#14477=CARTESIAN_POINT('',(1.31192146517839,1.55,4.16655232342285));
#14478=CARTESIAN_POINT('',(1.31192146517839,1.55,3.83266226069234));
#14479=CARTESIAN_POINT('',(1.31192146517839,1.54,4.26532452138466));
#14480=CARTESIAN_POINT('',(1.31192146517839,1.55,4.26532452138466));
#14481=CARTESIAN_POINT('',(1.31192146517839,1.54,4.16655232342285));
#14482=CARTESIAN_POINT('',(1.31192146517839,1.54,4.26532452138466));
#14483=CARTESIAN_POINT('',(1.31192146517839,1.55,4.16655232342285));
#14484=CARTESIAN_POINT('Origin',(1.61369501330461,1.55,4.26532452138466));
#14485=CARTESIAN_POINT('',(1.61369501330461,1.55,4.26532452138466));
#14486=CARTESIAN_POINT('',(2.7118475066523,1.55,4.26532452138466));
#14487=CARTESIAN_POINT('',(1.61369501330461,1.54,4.26532452138466));
#14488=CARTESIAN_POINT('',(1.61369501330461,1.55,4.26532452138466));
#14489=CARTESIAN_POINT('',(1.61369501330461,1.54,4.26532452138466));
#14490=CARTESIAN_POINT('Origin',(1.61369501330461,1.55,4.16655232342285));
#14491=CARTESIAN_POINT('',(1.61369501330461,1.55,4.16655232342285));
#14492=CARTESIAN_POINT('',(1.61369501330461,1.55,3.78327616171144));
#14493=CARTESIAN_POINT('',(1.61369501330461,1.54,4.16655232342285));
#14494=CARTESIAN_POINT('',(1.61369501330461,1.55,4.16655232342285));
#14495=CARTESIAN_POINT('',(1.61369501330461,1.54,4.16655232342285));
#14496=CARTESIAN_POINT('Origin',(1.31192146517839,1.55,4.16655232342285));
#14497=CARTESIAN_POINT('',(2.56096073258919,1.55,4.16655232342285));
#14498=CARTESIAN_POINT('',(1.31192146517839,1.54,4.16655232342285));
#14499=CARTESIAN_POINT('Origin',(4.35994378939773,1.54,3.7024323377232));
#14500=CARTESIAN_POINT('Ctrl Pts',(1.96458159663286,1.55,4.64840774568123));
#14501=CARTESIAN_POINT('Ctrl Pts',(1.96458159663286,1.54,4.64840774568123));
#14502=CARTESIAN_POINT('Ctrl Pts',(2.03224896170701,1.55,4.64840774568123));
#14503=CARTESIAN_POINT('Ctrl Pts',(2.03224896170701,1.54,4.64840774568123));
#14504=CARTESIAN_POINT('Ctrl Pts',(2.07263110854234,1.55,4.59110890658898));
#14505=CARTESIAN_POINT('Ctrl Pts',(2.07263110854234,1.54,4.59110890658898));
#14506=CARTESIAN_POINT('',(1.96458159663286,1.55,4.64840774568123));
#14507=CARTESIAN_POINT('',(2.07263110854234,1.55,4.59110890658898));
#14508=CARTESIAN_POINT('Ctrl Pts',(1.96458159663286,1.55,4.64840774568123));
#14509=CARTESIAN_POINT('Ctrl Pts',(2.03224896170701,1.55,4.64840774568123));
#14510=CARTESIAN_POINT('Ctrl Pts',(2.07263110854234,1.55,4.59110890658898));
#14511=CARTESIAN_POINT('',(1.96458159663286,1.54,4.64840774568123));
#14512=CARTESIAN_POINT('',(1.96458159663286,1.55,4.64840774568123));
#14513=CARTESIAN_POINT('',(2.07263110854234,1.54,4.59110890658898));
#14514=CARTESIAN_POINT('Ctrl Pts',(1.96458159663286,1.54,4.64840774568123));
#14515=CARTESIAN_POINT('Ctrl Pts',(2.03224896170701,1.54,4.64840774568123));
#14516=CARTESIAN_POINT('Ctrl Pts',(2.07263110854234,1.54,4.59110890658898));
#14517=CARTESIAN_POINT('',(2.07263110854234,1.55,4.59110890658898));
#14518=CARTESIAN_POINT('Ctrl Pts',(1.84971152522172,1.55,4.58346908124489));
#14519=CARTESIAN_POINT('Ctrl Pts',(1.84971152522172,1.54,4.58346908124489));
#14520=CARTESIAN_POINT('Ctrl Pts',(1.89582346655931,1.55,4.64840774568123));
#14521=CARTESIAN_POINT('Ctrl Pts',(1.89582346655931,1.54,4.64840774568123));
#14522=CARTESIAN_POINT('Ctrl Pts',(1.96458159663286,1.55,4.64840774568123));
#14523=CARTESIAN_POINT('Ctrl Pts',(1.96458159663286,1.54,4.64840774568123));
#14524=CARTESIAN_POINT('',(1.84971152522172,1.55,4.58346908124489));
#14525=CARTESIAN_POINT('Ctrl Pts',(1.84971152522172,1.55,4.58346908124489));
#14526=CARTESIAN_POINT('Ctrl Pts',(1.89582346655931,1.55,4.64840774568123));
#14527=CARTESIAN_POINT('Ctrl Pts',(1.96458159663286,1.55,4.64840774568123));
#14528=CARTESIAN_POINT('',(1.84971152522172,1.54,4.58346908124489));
#14529=CARTESIAN_POINT('',(1.84971152522172,1.55,4.58346908124489));
#14530=CARTESIAN_POINT('Ctrl Pts',(1.84971152522172,1.54,4.58346908124489));
#14531=CARTESIAN_POINT('Ctrl Pts',(1.89582346655931,1.54,4.64840774568123));
#14532=CARTESIAN_POINT('Ctrl Pts',(1.96458159663286,1.54,4.64840774568123));
#14533=CARTESIAN_POINT('Ctrl Pts',(1.80359958388414,1.55,4.32098616989655));
#14534=CARTESIAN_POINT('Ctrl Pts',(1.80359958388414,1.54,4.32098616989655));
#14535=CARTESIAN_POINT('Ctrl Pts',(1.80359958388414,1.55,4.51853041680855));
#14536=CARTESIAN_POINT('Ctrl Pts',(1.80359958388414,1.54,4.51853041680855));
#14537=CARTESIAN_POINT('Ctrl Pts',(1.84971152522172,1.55,4.58346908124489));
#14538=CARTESIAN_POINT('Ctrl Pts',(1.84971152522172,1.54,4.58346908124489));
#14539=CARTESIAN_POINT('',(1.80359958388414,1.55,4.32098616989655));
#14540=CARTESIAN_POINT('Ctrl Pts',(1.80359958388414,1.55,4.32098616989655));
#14541=CARTESIAN_POINT('Ctrl Pts',(1.80359958388414,1.55,4.51853041680855));
#14542=CARTESIAN_POINT('Ctrl Pts',(1.84971152522172,1.55,4.58346908124489));
#14543=CARTESIAN_POINT('',(1.80359958388414,1.54,4.32098616989655));
#14544=CARTESIAN_POINT('',(1.80359958388414,1.55,4.32098616989655));
#14545=CARTESIAN_POINT('Ctrl Pts',(1.80359958388414,1.54,4.32098616989655));
#14546=CARTESIAN_POINT('Ctrl Pts',(1.80359958388414,1.54,4.51853041680855));
#14547=CARTESIAN_POINT('Ctrl Pts',(1.84971152522172,1.54,4.58346908124489));
#14548=CARTESIAN_POINT('Ctrl Pts',(1.84971152522172,1.55,4.05904893907112));
#14549=CARTESIAN_POINT('Ctrl Pts',(1.84971152522172,1.54,4.05904893907112));
#14550=CARTESIAN_POINT('Ctrl Pts',(1.80359958388414,1.55,4.12453328403038));
#14551=CARTESIAN_POINT('Ctrl Pts',(1.80359958388414,1.54,4.12453328403038));
#14552=CARTESIAN_POINT('Ctrl Pts',(1.80359958388414,1.55,4.32098616989655));
#14553=CARTESIAN_POINT('Ctrl Pts',(1.80359958388414,1.54,4.32098616989655));
#14554=CARTESIAN_POINT('',(1.84971152522172,1.55,4.05904893907112));
#14555=CARTESIAN_POINT('Ctrl Pts',(1.84971152522172,1.55,4.05904893907112));
#14556=CARTESIAN_POINT('Ctrl Pts',(1.80359958388414,1.55,4.12453328403038));
#14557=CARTESIAN_POINT('Ctrl Pts',(1.80359958388414,1.55,4.32098616989655));
#14558=CARTESIAN_POINT('',(1.84971152522172,1.54,4.05904893907112));
#14559=CARTESIAN_POINT('',(1.84971152522172,1.55,4.05904893907112));
#14560=CARTESIAN_POINT('Ctrl Pts',(1.84971152522172,1.54,4.05904893907112));
#14561=CARTESIAN_POINT('Ctrl Pts',(1.80359958388414,1.54,4.12453328403038));
#14562=CARTESIAN_POINT('Ctrl Pts',(1.80359958388414,1.54,4.32098616989655));
#14563=CARTESIAN_POINT('Ctrl Pts',(1.96349023558702,1.55,3.99356459411186));
#14564=CARTESIAN_POINT('Ctrl Pts',(1.96349023558702,1.54,3.99356459411186));
#14565=CARTESIAN_POINT('Ctrl Pts',(1.89582346655931,1.55,3.99356459411186));
#14566=CARTESIAN_POINT('Ctrl Pts',(1.89582346655931,1.54,3.99356459411186));
#14567=CARTESIAN_POINT('Ctrl Pts',(1.84971152522172,1.55,4.05904893907112));
#14568=CARTESIAN_POINT('Ctrl Pts',(1.84971152522172,1.54,4.05904893907112));
#14569=CARTESIAN_POINT('',(1.96349023558702,1.55,3.99356459411186));
#14570=CARTESIAN_POINT('Ctrl Pts',(1.96349023558702,1.55,3.99356459411186));
#14571=CARTESIAN_POINT('Ctrl Pts',(1.89582346655931,1.55,3.99356459411186));
#14572=CARTESIAN_POINT('Ctrl Pts',(1.84971152522172,1.55,4.05904893907112));
#14573=CARTESIAN_POINT('',(1.96349023558702,1.54,3.99356459411186));
#14574=CARTESIAN_POINT('',(1.96349023558702,1.55,3.99356459411186));
#14575=CARTESIAN_POINT('Ctrl Pts',(1.96349023558702,1.54,3.99356459411186));
#14576=CARTESIAN_POINT('Ctrl Pts',(1.89582346655931,1.54,3.99356459411186));
#14577=CARTESIAN_POINT('Ctrl Pts',(1.84971152522172,1.54,4.05904893907112));
#14578=CARTESIAN_POINT('Ctrl Pts',(2.07726954199876,1.55,4.05877594979805));
#14579=CARTESIAN_POINT('Ctrl Pts',(2.07726954199876,1.54,4.05877594979805));
#14580=CARTESIAN_POINT('Ctrl Pts',(2.03115760066118,1.55,3.99356459411186));
#14581=CARTESIAN_POINT('Ctrl Pts',(2.03115760066118,1.54,3.99356459411186));
#14582=CARTESIAN_POINT('Ctrl Pts',(1.96349023558702,1.55,3.99356459411186));
#14583=CARTESIAN_POINT('Ctrl Pts',(1.96349023558702,1.54,3.99356459411186));
#14584=CARTESIAN_POINT('',(2.07726954199876,1.55,4.05877594979805));
#14585=CARTESIAN_POINT('Ctrl Pts',(2.07726954199876,1.55,4.05877594979805));
#14586=CARTESIAN_POINT('Ctrl Pts',(2.03115760066118,1.55,3.99356459411186));
#14587=CARTESIAN_POINT('Ctrl Pts',(1.96349023558702,1.55,3.99356459411186));
#14588=CARTESIAN_POINT('',(2.07726954199876,1.54,4.05877594979805));
#14589=CARTESIAN_POINT('',(2.07726954199876,1.55,4.05877594979805));
#14590=CARTESIAN_POINT('Ctrl Pts',(2.07726954199876,1.54,4.05877594979805));
#14591=CARTESIAN_POINT('Ctrl Pts',(2.03115760066118,1.54,3.99356459411186));
#14592=CARTESIAN_POINT('Ctrl Pts',(1.96349023558702,1.54,3.99356459411186));
#14593=CARTESIAN_POINT('Ctrl Pts',(2.12338148333635,1.55,4.32098616989655));
#14594=CARTESIAN_POINT('Ctrl Pts',(2.12338148333635,1.54,4.32098616989655));
#14595=CARTESIAN_POINT('Ctrl Pts',(2.12338148333635,1.55,4.12398760350746));
#14596=CARTESIAN_POINT('Ctrl Pts',(2.12338148333635,1.54,4.12398760350746));
#14597=CARTESIAN_POINT('Ctrl Pts',(2.07726954199876,1.55,4.05877594979805));
#14598=CARTESIAN_POINT('Ctrl Pts',(2.07726954199876,1.54,4.05877594979805));
#14599=CARTESIAN_POINT('',(2.12338148333635,1.55,4.32098616989655));
#14600=CARTESIAN_POINT('Ctrl Pts',(2.12338148333635,1.55,4.32098616989655));
#14601=CARTESIAN_POINT('Ctrl Pts',(2.12338148333635,1.55,4.12398760350746));
#14602=CARTESIAN_POINT('Ctrl Pts',(2.07726954199876,1.55,4.05877594979805));
#14603=CARTESIAN_POINT('',(2.12338148333635,1.54,4.32098616989655));
#14604=CARTESIAN_POINT('',(2.12338148333635,1.55,4.32098616989655));
#14605=CARTESIAN_POINT('Ctrl Pts',(2.12338148333635,1.54,4.32098616989655));
#14606=CARTESIAN_POINT('Ctrl Pts',(2.12338148333635,1.54,4.12398760350746));
#14607=CARTESIAN_POINT('Ctrl Pts',(2.07726954199876,1.54,4.05877594979805));
#14608=CARTESIAN_POINT('Ctrl Pts',(2.07263110854234,1.55,4.59110890658898));
#14609=CARTESIAN_POINT('Ctrl Pts',(2.07263110854234,1.54,4.59110890658898));
#14610=CARTESIAN_POINT('Ctrl Pts',(2.12338148333635,1.55,4.51798473628563));
#14611=CARTESIAN_POINT('Ctrl Pts',(2.12338148333635,1.54,4.51798473628563));
#14612=CARTESIAN_POINT('Ctrl Pts',(2.12338148333635,1.55,4.32098616989655));
#14613=CARTESIAN_POINT('Ctrl Pts',(2.12338148333635,1.54,4.32098616989655));
#14614=CARTESIAN_POINT('Ctrl Pts',(2.07263110854234,1.55,4.59110890658898));
#14615=CARTESIAN_POINT('Ctrl Pts',(2.12338148333635,1.55,4.51798473628563));
#14616=CARTESIAN_POINT('Ctrl Pts',(2.12338148333635,1.55,4.32098616989655));
#14617=CARTESIAN_POINT('Ctrl Pts',(2.07263110854234,1.54,4.59110890658898));
#14618=CARTESIAN_POINT('Ctrl Pts',(2.12338148333635,1.54,4.51798473628563));
#14619=CARTESIAN_POINT('Ctrl Pts',(2.12338148333635,1.54,4.32098616989655));
#14620=CARTESIAN_POINT('Ctrl Pts',(1.96349023558702,1.55,3.91280059846443));
#14621=CARTESIAN_POINT('Ctrl Pts',(1.96349023558702,1.54,3.91280059846443));
#14622=CARTESIAN_POINT('Ctrl Pts',(2.07917927481736,1.55,3.91280059846443));
#14623=CARTESIAN_POINT('Ctrl Pts',(2.07917927481736,1.54,3.91280059846443));
#14624=CARTESIAN_POINT('Ctrl Pts',(2.14520930029954,1.55,3.99574731620354));
#14625=CARTESIAN_POINT('Ctrl Pts',(2.14520930029954,1.54,3.99574731620354));
#14626=CARTESIAN_POINT('',(1.96349023558702,1.55,3.91280059846443));
#14627=CARTESIAN_POINT('',(2.14520930029954,1.55,3.99574731620354));
#14628=CARTESIAN_POINT('Ctrl Pts',(1.96349023558702,1.55,3.91280059846443));
#14629=CARTESIAN_POINT('Ctrl Pts',(2.07917927481736,1.55,3.91280059846443));
#14630=CARTESIAN_POINT('Ctrl Pts',(2.14520930029954,1.55,3.99574731620354));
#14631=CARTESIAN_POINT('',(1.96349023558702,1.54,3.91280059846443));
#14632=CARTESIAN_POINT('',(1.96349023558702,1.55,3.91280059846443));
#14633=CARTESIAN_POINT('',(2.14520930029954,1.54,3.99574731620354));
#14634=CARTESIAN_POINT('Ctrl Pts',(1.96349023558702,1.54,3.91280059846443));
#14635=CARTESIAN_POINT('Ctrl Pts',(2.07917927481736,1.54,3.91280059846443));
#14636=CARTESIAN_POINT('Ctrl Pts',(2.14520930029954,1.54,3.99574731620354));
#14637=CARTESIAN_POINT('',(2.14520930029954,1.55,3.99574731620354));
#14638=CARTESIAN_POINT('Ctrl Pts',(1.81806086279954,1.55,3.96000390084786));
#14639=CARTESIAN_POINT('Ctrl Pts',(1.81806086279954,1.54,3.96000390084786));
#14640=CARTESIAN_POINT('Ctrl Pts',(1.87563239314164,1.55,3.91280059846443));
#14641=CARTESIAN_POINT('Ctrl Pts',(1.87563239314164,1.54,3.91280059846443));
#14642=CARTESIAN_POINT('Ctrl Pts',(1.96349023558702,1.55,3.91280059846443));
#14643=CARTESIAN_POINT('Ctrl Pts',(1.96349023558702,1.54,3.91280059846443));
#14644=CARTESIAN_POINT('',(1.81806086279954,1.55,3.96000390084786));
#14645=CARTESIAN_POINT('Ctrl Pts',(1.81806086279954,1.55,3.96000390084786));
#14646=CARTESIAN_POINT('Ctrl Pts',(1.87563239314164,1.55,3.91280059846443));
#14647=CARTESIAN_POINT('Ctrl Pts',(1.96349023558702,1.55,3.91280059846443));
#14648=CARTESIAN_POINT('',(1.81806086279954,1.54,3.96000390084786));
#14649=CARTESIAN_POINT('',(1.81806086279954,1.55,3.96000390084786));
#14650=CARTESIAN_POINT('Ctrl Pts',(1.81806086279954,1.54,3.96000390084786));
#14651=CARTESIAN_POINT('Ctrl Pts',(1.87563239314164,1.54,3.91280059846443));
#14652=CARTESIAN_POINT('Ctrl Pts',(1.96349023558702,1.54,3.91280059846443));
#14653=CARTESIAN_POINT('Ctrl Pts',(1.73156677462663,1.55,4.09370099338097));
#14654=CARTESIAN_POINT('Ctrl Pts',(1.73156677462663,1.54,4.09370099338097));
#14655=CARTESIAN_POINT('Ctrl Pts',(1.76048933245744,1.55,4.00720720323128));
#14656=CARTESIAN_POINT('Ctrl Pts',(1.76048933245744,1.54,4.00720720323128));
#14657=CARTESIAN_POINT('Ctrl Pts',(1.81806086279954,1.55,3.96000390084786));
#14658=CARTESIAN_POINT('Ctrl Pts',(1.81806086279954,1.54,3.96000390084786));
#14659=CARTESIAN_POINT('',(1.73156677462663,1.55,4.09370099338097));
#14660=CARTESIAN_POINT('Ctrl Pts',(1.73156677462663,1.55,4.09370099338097));
#14661=CARTESIAN_POINT('Ctrl Pts',(1.76048933245744,1.55,4.00720720323128));
#14662=CARTESIAN_POINT('Ctrl Pts',(1.81806086279954,1.55,3.96000390084786));
#14663=CARTESIAN_POINT('',(1.73156677462663,1.54,4.09370099338097));
#14664=CARTESIAN_POINT('',(1.73156677462663,1.55,4.09370099338097));
#14665=CARTESIAN_POINT('Ctrl Pts',(1.73156677462663,1.54,4.09370099338097));
#14666=CARTESIAN_POINT('Ctrl Pts',(1.76048933245744,1.54,4.00720720323128));
#14667=CARTESIAN_POINT('Ctrl Pts',(1.81806086279954,1.54,3.96000390084786));
#14668=CARTESIAN_POINT('Ctrl Pts',(1.70264481284227,1.55,4.32098616989655));
#14669=CARTESIAN_POINT('Ctrl Pts',(1.70264481284227,1.54,4.32098616989655));
#14670=CARTESIAN_POINT('Ctrl Pts',(1.70264481284227,1.55,4.18019493254227));
#14671=CARTESIAN_POINT('Ctrl Pts',(1.70264481284227,1.54,4.18019493254227));
#14672=CARTESIAN_POINT('Ctrl Pts',(1.73156677462663,1.55,4.09370099338097));
#14673=CARTESIAN_POINT('Ctrl Pts',(1.73156677462663,1.54,4.09370099338097));
#14674=CARTESIAN_POINT('',(1.70264481284227,1.55,4.32098616989655));
#14675=CARTESIAN_POINT('Ctrl Pts',(1.70264481284227,1.55,4.32098616989655));
#14676=CARTESIAN_POINT('Ctrl Pts',(1.70264481284227,1.55,4.18019493254227));
#14677=CARTESIAN_POINT('Ctrl Pts',(1.73156677462663,1.55,4.09370099338097));
#14678=CARTESIAN_POINT('',(1.70264481284227,1.54,4.32098616989655));
#14679=CARTESIAN_POINT('',(1.70264481284227,1.55,4.32098616989655));
#14680=CARTESIAN_POINT('Ctrl Pts',(1.70264481284227,1.54,4.32098616989655));
#14681=CARTESIAN_POINT('Ctrl Pts',(1.70264481284227,1.54,4.18019493254227));
#14682=CARTESIAN_POINT('Ctrl Pts',(1.73156677462663,1.54,4.09370099338097));
#14683=CARTESIAN_POINT('Ctrl Pts',(1.72065256812181,1.55,4.51007207068009));
#14684=CARTESIAN_POINT('Ctrl Pts',(1.72065256812181,1.54,4.51007207068009));
#14685=CARTESIAN_POINT('Ctrl Pts',(1.70264481284227,1.55,4.43994929226441));
#14686=CARTESIAN_POINT('Ctrl Pts',(1.70264481284227,1.54,4.43994929226441));
#14687=CARTESIAN_POINT('Ctrl Pts',(1.70264481284227,1.55,4.32098616989655));
#14688=CARTESIAN_POINT('Ctrl Pts',(1.70264481284227,1.54,4.32098616989655));
#14689=CARTESIAN_POINT('',(1.72065256812181,1.55,4.51007207068009));
#14690=CARTESIAN_POINT('Ctrl Pts',(1.72065256812181,1.55,4.51007207068009));
#14691=CARTESIAN_POINT('Ctrl Pts',(1.70264481284227,1.55,4.43994929226441));
#14692=CARTESIAN_POINT('Ctrl Pts',(1.70264481284227,1.55,4.32098616989655));
#14693=CARTESIAN_POINT('',(1.72065256812181,1.54,4.51007207068009));
#14694=CARTESIAN_POINT('',(1.72065256812181,1.55,4.51007207068009));
#14695=CARTESIAN_POINT('Ctrl Pts',(1.72065256812181,1.54,4.51007207068009));
#14696=CARTESIAN_POINT('Ctrl Pts',(1.70264481284227,1.54,4.43994929226441));
#14697=CARTESIAN_POINT('Ctrl Pts',(1.70264481284227,1.54,4.32098616989655));
#14698=CARTESIAN_POINT('Ctrl Pts',(1.77031158186998,1.55,4.62903534205956));
#14699=CARTESIAN_POINT('Ctrl Pts',(1.77031158186998,1.54,4.62903534205956));
#14700=CARTESIAN_POINT('Ctrl Pts',(1.7386609194478,1.55,4.58019499810738));
#14701=CARTESIAN_POINT('Ctrl Pts',(1.7386609194478,1.54,4.58019499810738));
#14702=CARTESIAN_POINT('Ctrl Pts',(1.72065256812181,1.55,4.51007207068009));
#14703=CARTESIAN_POINT('Ctrl Pts',(1.72065256812181,1.54,4.51007207068009));
#14704=CARTESIAN_POINT('',(1.77031158186998,1.55,4.62903534205956));
#14705=CARTESIAN_POINT('Ctrl Pts',(1.77031158186998,1.55,4.62903534205956));
#14706=CARTESIAN_POINT('Ctrl Pts',(1.7386609194478,1.55,4.58019499810738));
#14707=CARTESIAN_POINT('Ctrl Pts',(1.72065256812181,1.55,4.51007207068009));
#14708=CARTESIAN_POINT('',(1.77031158186998,1.54,4.62903534205956));
#14709=CARTESIAN_POINT('',(1.77031158186998,1.55,4.62903534205956));
#14710=CARTESIAN_POINT('Ctrl Pts',(1.77031158186998,1.54,4.62903534205956));
#14711=CARTESIAN_POINT('Ctrl Pts',(1.7386609194478,1.54,4.58019499810738));
#14712=CARTESIAN_POINT('Ctrl Pts',(1.72065256812181,1.54,4.51007207068009));
#14713=CARTESIAN_POINT('Ctrl Pts',(1.85052989699449,1.55,4.70379655393166));
#14714=CARTESIAN_POINT('Ctrl Pts',(1.85052989699449,1.54,4.70379655393166));
#14715=CARTESIAN_POINT('Ctrl Pts',(1.80196224429216,1.55,4.67787568601174));
#14716=CARTESIAN_POINT('Ctrl Pts',(1.80196224429216,1.54,4.67787568601174));
#14717=CARTESIAN_POINT('Ctrl Pts',(1.77031158186998,1.55,4.62903534205956));
#14718=CARTESIAN_POINT('Ctrl Pts',(1.77031158186998,1.54,4.62903534205956));
#14719=CARTESIAN_POINT('',(1.85052989699449,1.55,4.70379655393166));
#14720=CARTESIAN_POINT('Ctrl Pts',(1.85052989699449,1.55,4.70379655393166));
#14721=CARTESIAN_POINT('Ctrl Pts',(1.80196224429216,1.55,4.67787568601174));
#14722=CARTESIAN_POINT('Ctrl Pts',(1.77031158186998,1.55,4.62903534205956));
#14723=CARTESIAN_POINT('',(1.85052989699449,1.54,4.70379655393166));
#14724=CARTESIAN_POINT('',(1.85052989699449,1.55,4.70379655393166));
#14725=CARTESIAN_POINT('Ctrl Pts',(1.85052989699449,1.54,4.70379655393166));
#14726=CARTESIAN_POINT('Ctrl Pts',(1.80196224429216,1.54,4.67787568601174));
#14727=CARTESIAN_POINT('Ctrl Pts',(1.77031158186998,1.54,4.62903534205956));
#14728=CARTESIAN_POINT('Ctrl Pts',(1.96349023558702,1.55,4.72971742185158));
#14729=CARTESIAN_POINT('Ctrl Pts',(1.96349023558702,1.54,4.72971742185158));
#14730=CARTESIAN_POINT('Ctrl Pts',(1.89909754969682,1.55,4.72971742185158));
#14731=CARTESIAN_POINT('Ctrl Pts',(1.89909754969682,1.54,4.72971742185158));
#14732=CARTESIAN_POINT('Ctrl Pts',(1.85052989699449,1.55,4.70379655393166));
#14733=CARTESIAN_POINT('Ctrl Pts',(1.85052989699449,1.54,4.70379655393166));
#14734=CARTESIAN_POINT('',(1.96349023558702,1.55,4.72971742185158));
#14735=CARTESIAN_POINT('Ctrl Pts',(1.96349023558702,1.55,4.72971742185158));
#14736=CARTESIAN_POINT('Ctrl Pts',(1.89909754969682,1.55,4.72971742185158));
#14737=CARTESIAN_POINT('Ctrl Pts',(1.85052989699449,1.55,4.70379655393166));
#14738=CARTESIAN_POINT('',(1.96349023558702,1.54,4.72971742185158));
#14739=CARTESIAN_POINT('',(1.96349023558702,1.55,4.72971742185158));
#14740=CARTESIAN_POINT('Ctrl Pts',(1.96349023558702,1.54,4.72971742185158));
#14741=CARTESIAN_POINT('Ctrl Pts',(1.89909754969682,1.54,4.72971742185158));
#14742=CARTESIAN_POINT('Ctrl Pts',(1.85052989699449,1.54,4.70379655393166));
#14743=CARTESIAN_POINT('Ctrl Pts',(2.1083742258748,1.55,4.68278710874123));
#14744=CARTESIAN_POINT('Ctrl Pts',(2.1083742258748,1.54,4.68278710874123));
#14745=CARTESIAN_POINT('Ctrl Pts',(2.0508026955327,1.55,4.72971742185158));
#14746=CARTESIAN_POINT('Ctrl Pts',(2.0508026955327,1.54,4.72971742185158));
#14747=CARTESIAN_POINT('Ctrl Pts',(1.96349023558702,1.55,4.72971742185158));
#14748=CARTESIAN_POINT('Ctrl Pts',(1.96349023558702,1.54,4.72971742185158));
#14749=CARTESIAN_POINT('',(2.1083742258748,1.55,4.68278710874123));
#14750=CARTESIAN_POINT('Ctrl Pts',(2.1083742258748,1.55,4.68278710874123));
#14751=CARTESIAN_POINT('Ctrl Pts',(2.0508026955327,1.55,4.72971742185158));
#14752=CARTESIAN_POINT('Ctrl Pts',(1.96349023558702,1.55,4.72971742185158));
#14753=CARTESIAN_POINT('',(2.1083742258748,1.54,4.68278710874123));
#14754=CARTESIAN_POINT('',(2.1083742258748,1.55,4.68278710874123));
#14755=CARTESIAN_POINT('Ctrl Pts',(2.1083742258748,1.54,4.68278710874123));
#14756=CARTESIAN_POINT('Ctrl Pts',(2.0508026955327,1.54,4.72971742185158));
#14757=CARTESIAN_POINT('Ctrl Pts',(1.96349023558702,1.54,4.72971742185158));
#14758=CARTESIAN_POINT('Ctrl Pts',(2.19514130332078,1.55,4.54936270745796));
#14759=CARTESIAN_POINT('Ctrl Pts',(2.19514130332078,1.54,4.54936270745796));
#14760=CARTESIAN_POINT('Ctrl Pts',(2.16594635226335,1.55,4.63585649760765));
#14761=CARTESIAN_POINT('Ctrl Pts',(2.16594635226335,1.54,4.63585649760765));
#14762=CARTESIAN_POINT('Ctrl Pts',(2.1083742258748,1.55,4.68278710874123));
#14763=CARTESIAN_POINT('Ctrl Pts',(2.1083742258748,1.54,4.68278710874123));
#14764=CARTESIAN_POINT('',(2.19514130332078,1.55,4.54936270745796));
#14765=CARTESIAN_POINT('Ctrl Pts',(2.19514130332078,1.55,4.54936270745796));
#14766=CARTESIAN_POINT('Ctrl Pts',(2.16594635226335,1.55,4.63585649760765));
#14767=CARTESIAN_POINT('Ctrl Pts',(2.1083742258748,1.55,4.68278710874123));
#14768=CARTESIAN_POINT('',(2.19514130332078,1.54,4.54936270745796));
#14769=CARTESIAN_POINT('',(2.19514130332078,1.55,4.54936270745796));
#14770=CARTESIAN_POINT('Ctrl Pts',(2.19514130332078,1.54,4.54936270745796));
#14771=CARTESIAN_POINT('Ctrl Pts',(2.16594635226335,1.54,4.63585649760765));
#14772=CARTESIAN_POINT('Ctrl Pts',(2.1083742258748,1.54,4.68278710874123));
#14773=CARTESIAN_POINT('Ctrl Pts',(2.22433625437822,1.55,4.32098616989655));
#14774=CARTESIAN_POINT('Ctrl Pts',(2.22433625437822,1.54,4.32098616989655));
#14775=CARTESIAN_POINT('Ctrl Pts',(2.22433625437822,1.55,4.46286891730828));
#14776=CARTESIAN_POINT('Ctrl Pts',(2.22433625437822,1.54,4.46286891730828));
#14777=CARTESIAN_POINT('Ctrl Pts',(2.19514130332078,1.55,4.54936270745796));
#14778=CARTESIAN_POINT('Ctrl Pts',(2.19514130332078,1.54,4.54936270745796));
#14779=CARTESIAN_POINT('',(2.22433625437822,1.55,4.32098616989655));
#14780=CARTESIAN_POINT('Ctrl Pts',(2.22433625437822,1.55,4.32098616989655));
#14781=CARTESIAN_POINT('Ctrl Pts',(2.22433625437822,1.55,4.46286891730828));
#14782=CARTESIAN_POINT('Ctrl Pts',(2.19514130332078,1.55,4.54936270745796));
#14783=CARTESIAN_POINT('',(2.22433625437822,1.54,4.32098616989655));
#14784=CARTESIAN_POINT('',(2.22433625437822,1.55,4.32098616989655));
#14785=CARTESIAN_POINT('Ctrl Pts',(2.22433625437822,1.54,4.32098616989655));
#14786=CARTESIAN_POINT('Ctrl Pts',(2.22433625437822,1.54,4.46286891730828));
#14787=CARTESIAN_POINT('Ctrl Pts',(2.19514130332078,1.54,4.54936270745796));
#14788=CARTESIAN_POINT('Ctrl Pts',(2.14520930029954,1.55,3.99574731620354));
#14789=CARTESIAN_POINT('Ctrl Pts',(2.14520930029954,1.54,3.99574731620354));
#14790=CARTESIAN_POINT('Ctrl Pts',(2.22433625437822,1.55,4.0956110242228));
#14791=CARTESIAN_POINT('Ctrl Pts',(2.22433625437822,1.54,4.0956110242228));
#14792=CARTESIAN_POINT('Ctrl Pts',(2.22433625437822,1.55,4.32098616989655));
#14793=CARTESIAN_POINT('Ctrl Pts',(2.22433625437822,1.54,4.32098616989655));
#14794=CARTESIAN_POINT('Ctrl Pts',(2.14520930029954,1.55,3.99574731620354));
#14795=CARTESIAN_POINT('Ctrl Pts',(2.22433625437822,1.55,4.0956110242228));
#14796=CARTESIAN_POINT('Ctrl Pts',(2.22433625437822,1.55,4.32098616989655));
#14797=CARTESIAN_POINT('Ctrl Pts',(2.14520930029954,1.54,3.99574731620354));
#14798=CARTESIAN_POINT('Ctrl Pts',(2.22433625437822,1.54,4.0956110242228));
#14799=CARTESIAN_POINT('Ctrl Pts',(2.22433625437822,1.54,4.32098616989655));
#14800=CARTESIAN_POINT('Origin',(4.35994378939773,1.54,3.7024323377232));
#14801=CARTESIAN_POINT('Ctrl Pts',(3.20769189574327,1.55,4.64840774568123));
#14802=CARTESIAN_POINT('Ctrl Pts',(3.20769189574327,1.54,4.64840774568123));
#14803=CARTESIAN_POINT('Ctrl Pts',(3.27535926081743,1.55,4.64840774568123));
#14804=CARTESIAN_POINT('Ctrl Pts',(3.27535926081743,1.54,4.64840774568123));
#14805=CARTESIAN_POINT('Ctrl Pts',(3.31574140765275,1.55,4.59110890658898));
#14806=CARTESIAN_POINT('Ctrl Pts',(3.31574140765275,1.54,4.59110890658898));
#14807=CARTESIAN_POINT('',(3.20769189574327,1.55,4.64840774568123));
#14808=CARTESIAN_POINT('',(3.31574140765275,1.55,4.59110890658898));
#14809=CARTESIAN_POINT('Ctrl Pts',(3.20769189574327,1.55,4.64840774568123));
#14810=CARTESIAN_POINT('Ctrl Pts',(3.27535926081743,1.55,4.64840774568123));
#14811=CARTESIAN_POINT('Ctrl Pts',(3.31574140765275,1.55,4.59110890658898));
#14812=CARTESIAN_POINT('',(3.20769189574327,1.54,4.64840774568123));
#14813=CARTESIAN_POINT('',(3.20769189574327,1.55,4.64840774568123));
#14814=CARTESIAN_POINT('',(3.31574140765275,1.54,4.59110890658898));
#14815=CARTESIAN_POINT('Ctrl Pts',(3.20769189574327,1.54,4.64840774568123));
#14816=CARTESIAN_POINT('Ctrl Pts',(3.27535926081743,1.54,4.64840774568123));
#14817=CARTESIAN_POINT('Ctrl Pts',(3.31574140765275,1.54,4.59110890658898));
#14818=CARTESIAN_POINT('',(3.31574140765275,1.55,4.59110890658898));
#14819=CARTESIAN_POINT('Ctrl Pts',(3.09282182433213,1.55,4.58346908124489));
#14820=CARTESIAN_POINT('Ctrl Pts',(3.09282182433213,1.54,4.58346908124489));
#14821=CARTESIAN_POINT('Ctrl Pts',(3.13893376566972,1.55,4.64840774568123));
#14822=CARTESIAN_POINT('Ctrl Pts',(3.13893376566972,1.54,4.64840774568123));
#14823=CARTESIAN_POINT('Ctrl Pts',(3.20769189574327,1.55,4.64840774568123));
#14824=CARTESIAN_POINT('Ctrl Pts',(3.20769189574327,1.54,4.64840774568123));
#14825=CARTESIAN_POINT('',(3.09282182433213,1.55,4.58346908124489));
#14826=CARTESIAN_POINT('Ctrl Pts',(3.09282182433213,1.55,4.58346908124489));
#14827=CARTESIAN_POINT('Ctrl Pts',(3.13893376566972,1.55,4.64840774568123));
#14828=CARTESIAN_POINT('Ctrl Pts',(3.20769189574327,1.55,4.64840774568123));
#14829=CARTESIAN_POINT('',(3.09282182433213,1.54,4.58346908124489));
#14830=CARTESIAN_POINT('',(3.09282182433213,1.55,4.58346908124489));
#14831=CARTESIAN_POINT('Ctrl Pts',(3.09282182433213,1.54,4.58346908124489));
#14832=CARTESIAN_POINT('Ctrl Pts',(3.13893376566972,1.54,4.64840774568123));
#14833=CARTESIAN_POINT('Ctrl Pts',(3.20769189574327,1.54,4.64840774568123));
#14834=CARTESIAN_POINT('Ctrl Pts',(3.04670988299455,1.55,4.32098616989655));
#14835=CARTESIAN_POINT('Ctrl Pts',(3.04670988299455,1.54,4.32098616989655));
#14836=CARTESIAN_POINT('Ctrl Pts',(3.04670988299455,1.55,4.51853041680855));
#14837=CARTESIAN_POINT('Ctrl Pts',(3.04670988299455,1.54,4.51853041680855));
#14838=CARTESIAN_POINT('Ctrl Pts',(3.09282182433213,1.55,4.58346908124489));
#14839=CARTESIAN_POINT('Ctrl Pts',(3.09282182433213,1.54,4.58346908124489));
#14840=CARTESIAN_POINT('',(3.04670988299455,1.55,4.32098616989655));
#14841=CARTESIAN_POINT('Ctrl Pts',(3.04670988299455,1.55,4.32098616989655));
#14842=CARTESIAN_POINT('Ctrl Pts',(3.04670988299455,1.55,4.51853041680855));
#14843=CARTESIAN_POINT('Ctrl Pts',(3.09282182433213,1.55,4.58346908124489));
#14844=CARTESIAN_POINT('',(3.04670988299455,1.54,4.32098616989655));
#14845=CARTESIAN_POINT('',(3.04670988299455,1.55,4.32098616989655));
#14846=CARTESIAN_POINT('Ctrl Pts',(3.04670988299455,1.54,4.32098616989655));
#14847=CARTESIAN_POINT('Ctrl Pts',(3.04670988299455,1.54,4.51853041680855));
#14848=CARTESIAN_POINT('Ctrl Pts',(3.09282182433213,1.54,4.58346908124489));
#14849=CARTESIAN_POINT('Ctrl Pts',(3.09282182433213,1.55,4.05904893907112));
#14850=CARTESIAN_POINT('Ctrl Pts',(3.09282182433213,1.54,4.05904893907112));
#14851=CARTESIAN_POINT('Ctrl Pts',(3.04670988299455,1.55,4.12453328403038));
#14852=CARTESIAN_POINT('Ctrl Pts',(3.04670988299455,1.54,4.12453328403038));
#14853=CARTESIAN_POINT('Ctrl Pts',(3.04670988299455,1.55,4.32098616989655));
#14854=CARTESIAN_POINT('Ctrl Pts',(3.04670988299455,1.54,4.32098616989655));
#14855=CARTESIAN_POINT('',(3.09282182433213,1.55,4.05904893907112));
#14856=CARTESIAN_POINT('Ctrl Pts',(3.09282182433213,1.55,4.05904893907112));
#14857=CARTESIAN_POINT('Ctrl Pts',(3.04670988299455,1.55,4.12453328403038));
#14858=CARTESIAN_POINT('Ctrl Pts',(3.04670988299455,1.55,4.32098616989655));
#14859=CARTESIAN_POINT('',(3.09282182433213,1.54,4.05904893907112));
#14860=CARTESIAN_POINT('',(3.09282182433213,1.55,4.05904893907112));
#14861=CARTESIAN_POINT('Ctrl Pts',(3.09282182433213,1.54,4.05904893907112));
#14862=CARTESIAN_POINT('Ctrl Pts',(3.04670988299455,1.54,4.12453328403038));
#14863=CARTESIAN_POINT('Ctrl Pts',(3.04670988299455,1.54,4.32098616989655));
#14864=CARTESIAN_POINT('Ctrl Pts',(3.20660053469743,1.55,3.99356459411186));
#14865=CARTESIAN_POINT('Ctrl Pts',(3.20660053469743,1.54,3.99356459411186));
#14866=CARTESIAN_POINT('Ctrl Pts',(3.13893376566972,1.55,3.99356459411186));
#14867=CARTESIAN_POINT('Ctrl Pts',(3.13893376566972,1.54,3.99356459411186));
#14868=CARTESIAN_POINT('Ctrl Pts',(3.09282182433213,1.55,4.05904893907112));
#14869=CARTESIAN_POINT('Ctrl Pts',(3.09282182433213,1.54,4.05904893907112));
#14870=CARTESIAN_POINT('',(3.20660053469743,1.55,3.99356459411186));
#14871=CARTESIAN_POINT('Ctrl Pts',(3.20660053469743,1.55,3.99356459411186));
#14872=CARTESIAN_POINT('Ctrl Pts',(3.13893376566972,1.55,3.99356459411186));
#14873=CARTESIAN_POINT('Ctrl Pts',(3.09282182433213,1.55,4.05904893907112));
#14874=CARTESIAN_POINT('',(3.20660053469743,1.54,3.99356459411186));
#14875=CARTESIAN_POINT('',(3.20660053469743,1.55,3.99356459411186));
#14876=CARTESIAN_POINT('Ctrl Pts',(3.20660053469743,1.54,3.99356459411186));
#14877=CARTESIAN_POINT('Ctrl Pts',(3.13893376566972,1.54,3.99356459411186));
#14878=CARTESIAN_POINT('Ctrl Pts',(3.09282182433213,1.54,4.05904893907112));
#14879=CARTESIAN_POINT('Ctrl Pts',(3.32037984110917,1.55,4.05877594979805));
#14880=CARTESIAN_POINT('Ctrl Pts',(3.32037984110917,1.54,4.05877594979805));
#14881=CARTESIAN_POINT('Ctrl Pts',(3.27426789977159,1.55,3.99356459411186));
#14882=CARTESIAN_POINT('Ctrl Pts',(3.27426789977159,1.54,3.99356459411186));
#14883=CARTESIAN_POINT('Ctrl Pts',(3.20660053469743,1.55,3.99356459411186));
#14884=CARTESIAN_POINT('Ctrl Pts',(3.20660053469743,1.54,3.99356459411186));
#14885=CARTESIAN_POINT('',(3.32037984110917,1.55,4.05877594979805));
#14886=CARTESIAN_POINT('Ctrl Pts',(3.32037984110917,1.55,4.05877594979805));
#14887=CARTESIAN_POINT('Ctrl Pts',(3.27426789977159,1.55,3.99356459411186));
#14888=CARTESIAN_POINT('Ctrl Pts',(3.20660053469743,1.55,3.99356459411186));
#14889=CARTESIAN_POINT('',(3.32037984110917,1.54,4.05877594979805));
#14890=CARTESIAN_POINT('',(3.32037984110917,1.55,4.05877594979805));
#14891=CARTESIAN_POINT('Ctrl Pts',(3.32037984110917,1.54,4.05877594979805));
#14892=CARTESIAN_POINT('Ctrl Pts',(3.27426789977159,1.54,3.99356459411186));
#14893=CARTESIAN_POINT('Ctrl Pts',(3.20660053469743,1.54,3.99356459411186));
#14894=CARTESIAN_POINT('Ctrl Pts',(3.36649178244676,1.55,4.32098616989655));
#14895=CARTESIAN_POINT('Ctrl Pts',(3.36649178244676,1.54,4.32098616989655));
#14896=CARTESIAN_POINT('Ctrl Pts',(3.36649178244676,1.55,4.12398760350746));
#14897=CARTESIAN_POINT('Ctrl Pts',(3.36649178244676,1.54,4.12398760350746));
#14898=CARTESIAN_POINT('Ctrl Pts',(3.32037984110917,1.55,4.05877594979805));
#14899=CARTESIAN_POINT('Ctrl Pts',(3.32037984110917,1.54,4.05877594979805));
#14900=CARTESIAN_POINT('',(3.36649178244676,1.55,4.32098616989655));
#14901=CARTESIAN_POINT('Ctrl Pts',(3.36649178244676,1.55,4.32098616989655));
#14902=CARTESIAN_POINT('Ctrl Pts',(3.36649178244676,1.55,4.12398760350746));
#14903=CARTESIAN_POINT('Ctrl Pts',(3.32037984110917,1.55,4.05877594979805));
#14904=CARTESIAN_POINT('',(3.36649178244676,1.54,4.32098616989655));
#14905=CARTESIAN_POINT('',(3.36649178244676,1.55,4.32098616989655));
#14906=CARTESIAN_POINT('Ctrl Pts',(3.36649178244676,1.54,4.32098616989655));
#14907=CARTESIAN_POINT('Ctrl Pts',(3.36649178244676,1.54,4.12398760350746));
#14908=CARTESIAN_POINT('Ctrl Pts',(3.32037984110917,1.54,4.05877594979805));
#14909=CARTESIAN_POINT('Ctrl Pts',(3.31574140765275,1.55,4.59110890658898));
#14910=CARTESIAN_POINT('Ctrl Pts',(3.31574140765275,1.54,4.59110890658898));
#14911=CARTESIAN_POINT('Ctrl Pts',(3.36649178244676,1.55,4.51798473628563));
#14912=CARTESIAN_POINT('Ctrl Pts',(3.36649178244676,1.54,4.51798473628563));
#14913=CARTESIAN_POINT('Ctrl Pts',(3.36649178244676,1.55,4.32098616989655));
#14914=CARTESIAN_POINT('Ctrl Pts',(3.36649178244676,1.54,4.32098616989655));
#14915=CARTESIAN_POINT('Ctrl Pts',(3.31574140765275,1.55,4.59110890658898));
#14916=CARTESIAN_POINT('Ctrl Pts',(3.36649178244676,1.55,4.51798473628563));
#14917=CARTESIAN_POINT('Ctrl Pts',(3.36649178244676,1.55,4.32098616989655));
#14918=CARTESIAN_POINT('Ctrl Pts',(3.31574140765275,1.54,4.59110890658898));
#14919=CARTESIAN_POINT('Ctrl Pts',(3.36649178244676,1.54,4.51798473628563));
#14920=CARTESIAN_POINT('Ctrl Pts',(3.36649178244676,1.54,4.32098616989655));
#14921=CARTESIAN_POINT('Ctrl Pts',(3.20660053469743,1.55,3.91280059846443));
#14922=CARTESIAN_POINT('Ctrl Pts',(3.20660053469743,1.54,3.91280059846443));
#14923=CARTESIAN_POINT('Ctrl Pts',(3.32228957392778,1.55,3.91280059846443));
#14924=CARTESIAN_POINT('Ctrl Pts',(3.32228957392778,1.54,3.91280059846443));
#14925=CARTESIAN_POINT('Ctrl Pts',(3.38831959940995,1.55,3.99574731620354));
#14926=CARTESIAN_POINT('Ctrl Pts',(3.38831959940995,1.54,3.99574731620354));
#14927=CARTESIAN_POINT('',(3.20660053469743,1.55,3.91280059846443));
#14928=CARTESIAN_POINT('',(3.38831959940995,1.55,3.99574731620354));
#14929=CARTESIAN_POINT('Ctrl Pts',(3.20660053469743,1.55,3.91280059846443));
#14930=CARTESIAN_POINT('Ctrl Pts',(3.32228957392778,1.55,3.91280059846443));
#14931=CARTESIAN_POINT('Ctrl Pts',(3.38831959940995,1.55,3.99574731620354));
#14932=CARTESIAN_POINT('',(3.20660053469743,1.54,3.91280059846443));
#14933=CARTESIAN_POINT('',(3.20660053469743,1.55,3.91280059846443));
#14934=CARTESIAN_POINT('',(3.38831959940995,1.54,3.99574731620354));
#14935=CARTESIAN_POINT('Ctrl Pts',(3.20660053469743,1.54,3.91280059846443));
#14936=CARTESIAN_POINT('Ctrl Pts',(3.32228957392778,1.54,3.91280059846443));
#14937=CARTESIAN_POINT('Ctrl Pts',(3.38831959940995,1.54,3.99574731620354));
#14938=CARTESIAN_POINT('',(3.38831959940995,1.55,3.99574731620354));
#14939=CARTESIAN_POINT('Ctrl Pts',(3.06117116190995,1.55,3.96000390084786));
#14940=CARTESIAN_POINT('Ctrl Pts',(3.06117116190995,1.54,3.96000390084786));
#14941=CARTESIAN_POINT('Ctrl Pts',(3.11874269225206,1.55,3.91280059846443));
#14942=CARTESIAN_POINT('Ctrl Pts',(3.11874269225206,1.54,3.91280059846443));
#14943=CARTESIAN_POINT('Ctrl Pts',(3.20660053469743,1.55,3.91280059846443));
#14944=CARTESIAN_POINT('Ctrl Pts',(3.20660053469743,1.54,3.91280059846443));
#14945=CARTESIAN_POINT('',(3.06117116190995,1.55,3.96000390084786));
#14946=CARTESIAN_POINT('Ctrl Pts',(3.06117116190995,1.55,3.96000390084786));
#14947=CARTESIAN_POINT('Ctrl Pts',(3.11874269225206,1.55,3.91280059846443));
#14948=CARTESIAN_POINT('Ctrl Pts',(3.20660053469743,1.55,3.91280059846443));
#14949=CARTESIAN_POINT('',(3.06117116190995,1.54,3.96000390084786));
#14950=CARTESIAN_POINT('',(3.06117116190995,1.55,3.96000390084786));
#14951=CARTESIAN_POINT('Ctrl Pts',(3.06117116190995,1.54,3.96000390084786));
#14952=CARTESIAN_POINT('Ctrl Pts',(3.11874269225206,1.54,3.91280059846443));
#14953=CARTESIAN_POINT('Ctrl Pts',(3.20660053469743,1.54,3.91280059846443));
#14954=CARTESIAN_POINT('Ctrl Pts',(2.97467707373704,1.55,4.09370099338097));
#14955=CARTESIAN_POINT('Ctrl Pts',(2.97467707373704,1.54,4.09370099338097));
#14956=CARTESIAN_POINT('Ctrl Pts',(3.00359963156785,1.55,4.00720720323128));
#14957=CARTESIAN_POINT('Ctrl Pts',(3.00359963156785,1.54,4.00720720323128));
#14958=CARTESIAN_POINT('Ctrl Pts',(3.06117116190995,1.55,3.96000390084786));
#14959=CARTESIAN_POINT('Ctrl Pts',(3.06117116190995,1.54,3.96000390084786));
#14960=CARTESIAN_POINT('',(2.97467707373704,1.55,4.09370099338097));
#14961=CARTESIAN_POINT('Ctrl Pts',(2.97467707373704,1.55,4.09370099338097));
#14962=CARTESIAN_POINT('Ctrl Pts',(3.00359963156785,1.55,4.00720720323128));
#14963=CARTESIAN_POINT('Ctrl Pts',(3.06117116190995,1.55,3.96000390084786));
#14964=CARTESIAN_POINT('',(2.97467707373704,1.54,4.09370099338097));
#14965=CARTESIAN_POINT('',(2.97467707373704,1.55,4.09370099338097));
#14966=CARTESIAN_POINT('Ctrl Pts',(2.97467707373704,1.54,4.09370099338097));
#14967=CARTESIAN_POINT('Ctrl Pts',(3.00359963156785,1.54,4.00720720323128));
#14968=CARTESIAN_POINT('Ctrl Pts',(3.06117116190995,1.54,3.96000390084786));
#14969=CARTESIAN_POINT('Ctrl Pts',(2.94575511195268,1.55,4.32098616989655));
#14970=CARTESIAN_POINT('Ctrl Pts',(2.94575511195268,1.54,4.32098616989655));
#14971=CARTESIAN_POINT('Ctrl Pts',(2.94575511195268,1.55,4.18019493254227));
#14972=CARTESIAN_POINT('Ctrl Pts',(2.94575511195268,1.54,4.18019493254227));
#14973=CARTESIAN_POINT('Ctrl Pts',(2.97467707373704,1.55,4.09370099338097));
#14974=CARTESIAN_POINT('Ctrl Pts',(2.97467707373704,1.54,4.09370099338097));
#14975=CARTESIAN_POINT('',(2.94575511195268,1.55,4.32098616989655));
#14976=CARTESIAN_POINT('Ctrl Pts',(2.94575511195268,1.55,4.32098616989655));
#14977=CARTESIAN_POINT('Ctrl Pts',(2.94575511195268,1.55,4.18019493254227));
#14978=CARTESIAN_POINT('Ctrl Pts',(2.97467707373704,1.55,4.09370099338097));
#14979=CARTESIAN_POINT('',(2.94575511195268,1.54,4.32098616989655));
#14980=CARTESIAN_POINT('',(2.94575511195268,1.55,4.32098616989655));
#14981=CARTESIAN_POINT('Ctrl Pts',(2.94575511195268,1.54,4.32098616989655));
#14982=CARTESIAN_POINT('Ctrl Pts',(2.94575511195268,1.54,4.18019493254227));
#14983=CARTESIAN_POINT('Ctrl Pts',(2.97467707373704,1.54,4.09370099338097));
#14984=CARTESIAN_POINT('Ctrl Pts',(2.96376286723222,1.55,4.51007207068009));
#14985=CARTESIAN_POINT('Ctrl Pts',(2.96376286723222,1.54,4.51007207068009));
#14986=CARTESIAN_POINT('Ctrl Pts',(2.94575511195268,1.55,4.43994929226441));
#14987=CARTESIAN_POINT('Ctrl Pts',(2.94575511195268,1.54,4.43994929226441));
#14988=CARTESIAN_POINT('Ctrl Pts',(2.94575511195268,1.55,4.32098616989655));
#14989=CARTESIAN_POINT('Ctrl Pts',(2.94575511195268,1.54,4.32098616989655));
#14990=CARTESIAN_POINT('',(2.96376286723222,1.55,4.51007207068009));
#14991=CARTESIAN_POINT('Ctrl Pts',(2.96376286723222,1.55,4.51007207068009));
#14992=CARTESIAN_POINT('Ctrl Pts',(2.94575511195268,1.55,4.43994929226441));
#14993=CARTESIAN_POINT('Ctrl Pts',(2.94575511195268,1.55,4.32098616989655));
#14994=CARTESIAN_POINT('',(2.96376286723222,1.54,4.51007207068009));
#14995=CARTESIAN_POINT('',(2.96376286723222,1.55,4.51007207068009));
#14996=CARTESIAN_POINT('Ctrl Pts',(2.96376286723222,1.54,4.51007207068009));
#14997=CARTESIAN_POINT('Ctrl Pts',(2.94575511195268,1.54,4.43994929226441));
#14998=CARTESIAN_POINT('Ctrl Pts',(2.94575511195268,1.54,4.32098616989655));
#14999=CARTESIAN_POINT('Ctrl Pts',(3.01342188098039,1.55,4.62903534205956));
#15000=CARTESIAN_POINT('Ctrl Pts',(3.01342188098039,1.54,4.62903534205956));
#15001=CARTESIAN_POINT('Ctrl Pts',(2.98177121855821,1.55,4.58019499810738));
#15002=CARTESIAN_POINT('Ctrl Pts',(2.98177121855821,1.54,4.58019499810738));
#15003=CARTESIAN_POINT('Ctrl Pts',(2.96376286723222,1.55,4.51007207068009));
#15004=CARTESIAN_POINT('Ctrl Pts',(2.96376286723222,1.54,4.51007207068009));
#15005=CARTESIAN_POINT('',(3.01342188098039,1.55,4.62903534205956));
#15006=CARTESIAN_POINT('Ctrl Pts',(3.01342188098039,1.55,4.62903534205956));
#15007=CARTESIAN_POINT('Ctrl Pts',(2.98177121855821,1.55,4.58019499810738));
#15008=CARTESIAN_POINT('Ctrl Pts',(2.96376286723222,1.55,4.51007207068009));
#15009=CARTESIAN_POINT('',(3.01342188098039,1.54,4.62903534205956));
#15010=CARTESIAN_POINT('',(3.01342188098039,1.55,4.62903534205956));
#15011=CARTESIAN_POINT('Ctrl Pts',(3.01342188098039,1.54,4.62903534205956));
#15012=CARTESIAN_POINT('Ctrl Pts',(2.98177121855821,1.54,4.58019499810738));
#15013=CARTESIAN_POINT('Ctrl Pts',(2.96376286723222,1.54,4.51007207068009));
#15014=CARTESIAN_POINT('Ctrl Pts',(3.0936401961049,1.55,4.70379655393166));
#15015=CARTESIAN_POINT('Ctrl Pts',(3.0936401961049,1.54,4.70379655393166));
#15016=CARTESIAN_POINT('Ctrl Pts',(3.04507254340257,1.55,4.67787568601174));
#15017=CARTESIAN_POINT('Ctrl Pts',(3.04507254340257,1.54,4.67787568601174));
#15018=CARTESIAN_POINT('Ctrl Pts',(3.01342188098039,1.55,4.62903534205956));
#15019=CARTESIAN_POINT('Ctrl Pts',(3.01342188098039,1.54,4.62903534205956));
#15020=CARTESIAN_POINT('',(3.0936401961049,1.55,4.70379655393166));
#15021=CARTESIAN_POINT('Ctrl Pts',(3.0936401961049,1.55,4.70379655393166));
#15022=CARTESIAN_POINT('Ctrl Pts',(3.04507254340257,1.55,4.67787568601174));
#15023=CARTESIAN_POINT('Ctrl Pts',(3.01342188098039,1.55,4.62903534205956));
#15024=CARTESIAN_POINT('',(3.0936401961049,1.54,4.70379655393166));
#15025=CARTESIAN_POINT('',(3.0936401961049,1.55,4.70379655393166));
#15026=CARTESIAN_POINT('Ctrl Pts',(3.0936401961049,1.54,4.70379655393166));
#15027=CARTESIAN_POINT('Ctrl Pts',(3.04507254340257,1.54,4.67787568601174));
#15028=CARTESIAN_POINT('Ctrl Pts',(3.01342188098039,1.54,4.62903534205956));
#15029=CARTESIAN_POINT('Ctrl Pts',(3.20660053469743,1.55,4.72971742185158));
#15030=CARTESIAN_POINT('Ctrl Pts',(3.20660053469743,1.54,4.72971742185158));
#15031=CARTESIAN_POINT('Ctrl Pts',(3.14220784880723,1.55,4.72971742185158));
#15032=CARTESIAN_POINT('Ctrl Pts',(3.14220784880723,1.54,4.72971742185158));
#15033=CARTESIAN_POINT('Ctrl Pts',(3.0936401961049,1.55,4.70379655393166));
#15034=CARTESIAN_POINT('Ctrl Pts',(3.0936401961049,1.54,4.70379655393166));
#15035=CARTESIAN_POINT('',(3.20660053469743,1.55,4.72971742185158));
#15036=CARTESIAN_POINT('Ctrl Pts',(3.20660053469743,1.55,4.72971742185158));
#15037=CARTESIAN_POINT('Ctrl Pts',(3.14220784880723,1.55,4.72971742185158));
#15038=CARTESIAN_POINT('Ctrl Pts',(3.0936401961049,1.55,4.70379655393166));
#15039=CARTESIAN_POINT('',(3.20660053469743,1.54,4.72971742185158));
#15040=CARTESIAN_POINT('',(3.20660053469743,1.55,4.72971742185158));
#15041=CARTESIAN_POINT('Ctrl Pts',(3.20660053469743,1.54,4.72971742185158));
#15042=CARTESIAN_POINT('Ctrl Pts',(3.14220784880723,1.54,4.72971742185158));
#15043=CARTESIAN_POINT('Ctrl Pts',(3.0936401961049,1.54,4.70379655393166));
#15044=CARTESIAN_POINT('Ctrl Pts',(3.35148452498521,1.55,4.68278710874123));
#15045=CARTESIAN_POINT('Ctrl Pts',(3.35148452498521,1.54,4.68278710874123));
#15046=CARTESIAN_POINT('Ctrl Pts',(3.29391299464311,1.55,4.72971742185158));
#15047=CARTESIAN_POINT('Ctrl Pts',(3.29391299464311,1.54,4.72971742185158));
#15048=CARTESIAN_POINT('Ctrl Pts',(3.20660053469743,1.55,4.72971742185158));
#15049=CARTESIAN_POINT('Ctrl Pts',(3.20660053469743,1.54,4.72971742185158));
#15050=CARTESIAN_POINT('',(3.35148452498521,1.55,4.68278710874123));
#15051=CARTESIAN_POINT('Ctrl Pts',(3.35148452498521,1.55,4.68278710874123));
#15052=CARTESIAN_POINT('Ctrl Pts',(3.29391299464311,1.55,4.72971742185158));
#15053=CARTESIAN_POINT('Ctrl Pts',(3.20660053469743,1.55,4.72971742185158));
#15054=CARTESIAN_POINT('',(3.35148452498521,1.54,4.68278710874123));
#15055=CARTESIAN_POINT('',(3.35148452498521,1.55,4.68278710874123));
#15056=CARTESIAN_POINT('Ctrl Pts',(3.35148452498521,1.54,4.68278710874123));
#15057=CARTESIAN_POINT('Ctrl Pts',(3.29391299464311,1.54,4.72971742185158));
#15058=CARTESIAN_POINT('Ctrl Pts',(3.20660053469743,1.54,4.72971742185158));
#15059=CARTESIAN_POINT('Ctrl Pts',(3.43825160243119,1.55,4.54936270745796));
#15060=CARTESIAN_POINT('Ctrl Pts',(3.43825160243119,1.54,4.54936270745796));
#15061=CARTESIAN_POINT('Ctrl Pts',(3.40905665137376,1.55,4.63585649760765));
#15062=CARTESIAN_POINT('Ctrl Pts',(3.40905665137376,1.54,4.63585649760765));
#15063=CARTESIAN_POINT('Ctrl Pts',(3.35148452498521,1.55,4.68278710874123));
#15064=CARTESIAN_POINT('Ctrl Pts',(3.35148452498521,1.54,4.68278710874123));
#15065=CARTESIAN_POINT('',(3.43825160243119,1.55,4.54936270745796));
#15066=CARTESIAN_POINT('Ctrl Pts',(3.43825160243119,1.55,4.54936270745796));
#15067=CARTESIAN_POINT('Ctrl Pts',(3.40905665137376,1.55,4.63585649760765));
#15068=CARTESIAN_POINT('Ctrl Pts',(3.35148452498521,1.55,4.68278710874123));
#15069=CARTESIAN_POINT('',(3.43825160243119,1.54,4.54936270745796));
#15070=CARTESIAN_POINT('',(3.43825160243119,1.55,4.54936270745796));
#15071=CARTESIAN_POINT('Ctrl Pts',(3.43825160243119,1.54,4.54936270745796));
#15072=CARTESIAN_POINT('Ctrl Pts',(3.40905665137376,1.54,4.63585649760765));
#15073=CARTESIAN_POINT('Ctrl Pts',(3.35148452498521,1.54,4.68278710874123));
#15074=CARTESIAN_POINT('Ctrl Pts',(3.46744655348863,1.55,4.32098616989655));
#15075=CARTESIAN_POINT('Ctrl Pts',(3.46744655348863,1.54,4.32098616989655));
#15076=CARTESIAN_POINT('Ctrl Pts',(3.46744655348863,1.55,4.46286891730828));
#15077=CARTESIAN_POINT('Ctrl Pts',(3.46744655348863,1.54,4.46286891730828));
#15078=CARTESIAN_POINT('Ctrl Pts',(3.43825160243119,1.55,4.54936270745796));
#15079=CARTESIAN_POINT('Ctrl Pts',(3.43825160243119,1.54,4.54936270745796));
#15080=CARTESIAN_POINT('',(3.46744655348863,1.55,4.32098616989655));
#15081=CARTESIAN_POINT('Ctrl Pts',(3.46744655348863,1.55,4.32098616989655));
#15082=CARTESIAN_POINT('Ctrl Pts',(3.46744655348863,1.55,4.46286891730828));
#15083=CARTESIAN_POINT('Ctrl Pts',(3.43825160243119,1.55,4.54936270745796));
#15084=CARTESIAN_POINT('',(3.46744655348863,1.54,4.32098616989655));
#15085=CARTESIAN_POINT('',(3.46744655348863,1.55,4.32098616989655));
#15086=CARTESIAN_POINT('Ctrl Pts',(3.46744655348863,1.54,4.32098616989655));
#15087=CARTESIAN_POINT('Ctrl Pts',(3.46744655348863,1.54,4.46286891730828));
#15088=CARTESIAN_POINT('Ctrl Pts',(3.43825160243119,1.54,4.54936270745796));
#15089=CARTESIAN_POINT('Ctrl Pts',(3.38831959940995,1.55,3.99574731620354));
#15090=CARTESIAN_POINT('Ctrl Pts',(3.38831959940995,1.54,3.99574731620354));
#15091=CARTESIAN_POINT('Ctrl Pts',(3.46744655348863,1.55,4.0956110242228));
#15092=CARTESIAN_POINT('Ctrl Pts',(3.46744655348863,1.54,4.0956110242228));
#15093=CARTESIAN_POINT('Ctrl Pts',(3.46744655348863,1.55,4.32098616989655));
#15094=CARTESIAN_POINT('Ctrl Pts',(3.46744655348863,1.54,4.32098616989655));
#15095=CARTESIAN_POINT('Ctrl Pts',(3.38831959940995,1.55,3.99574731620354));
#15096=CARTESIAN_POINT('Ctrl Pts',(3.46744655348863,1.55,4.0956110242228));
#15097=CARTESIAN_POINT('Ctrl Pts',(3.46744655348863,1.55,4.32098616989655));
#15098=CARTESIAN_POINT('Ctrl Pts',(3.38831959940995,1.54,3.99574731620354));
#15099=CARTESIAN_POINT('Ctrl Pts',(3.46744655348863,1.54,4.0956110242228));
#15100=CARTESIAN_POINT('Ctrl Pts',(3.46744655348863,1.54,4.32098616989655));
#15101=CARTESIAN_POINT('Origin',(4.35994378939773,1.54,3.7024323377232));
#15102=CARTESIAN_POINT('Origin',(4.17031167723741,1.55,4.26532452138466));
#15103=CARTESIAN_POINT('',(4.17031167723741,1.55,4.26532452138466));
#15104=CARTESIAN_POINT('',(4.17031167723741,1.55,4.16655232342285));
#15105=CARTESIAN_POINT('',(4.17031167723741,1.55,3.83266226069234));
#15106=CARTESIAN_POINT('',(4.17031167723741,1.54,4.26532452138466));
#15107=CARTESIAN_POINT('',(4.17031167723741,1.55,4.26532452138466));
#15108=CARTESIAN_POINT('',(4.17031167723741,1.54,4.16655232342285));
#15109=CARTESIAN_POINT('',(4.17031167723741,1.54,4.26532452138466));
#15110=CARTESIAN_POINT('',(4.17031167723741,1.55,4.16655232342285));
#15111=CARTESIAN_POINT('Origin',(4.47208522536363,1.55,4.26532452138466));
#15112=CARTESIAN_POINT('',(4.47208522536363,1.55,4.26532452138466));
#15113=CARTESIAN_POINT('',(4.14104261268181,1.55,4.26532452138466));
#15114=CARTESIAN_POINT('',(4.47208522536363,1.54,4.26532452138466));
#15115=CARTESIAN_POINT('',(4.47208522536363,1.55,4.26532452138466));
#15116=CARTESIAN_POINT('',(4.47208522536363,1.54,4.26532452138466));
#15117=CARTESIAN_POINT('Origin',(4.47208522536363,1.55,4.16655232342285));
#15118=CARTESIAN_POINT('',(4.47208522536363,1.55,4.16655232342285));
#15119=CARTESIAN_POINT('',(4.47208522536363,1.55,3.78327616171144));
#15120=CARTESIAN_POINT('',(4.47208522536363,1.54,4.16655232342285));
#15121=CARTESIAN_POINT('',(4.47208522536363,1.55,4.16655232342285));
#15122=CARTESIAN_POINT('',(4.47208522536363,1.54,4.16655232342285));
#15123=CARTESIAN_POINT('Origin',(4.17031167723741,1.55,4.16655232342285));
#15124=CARTESIAN_POINT('',(3.9901558386187,1.55,4.16655232342285));
#15125=CARTESIAN_POINT('',(4.17031167723741,1.54,4.16655232342285));
#15126=CARTESIAN_POINT('Origin',(4.35994378939773,1.54,3.7024323377232));
#15127=CARTESIAN_POINT('Origin',(5.49855171420182,1.55,4.0208498123507));
#15128=CARTESIAN_POINT('',(5.49855171420182,1.55,4.0208498123507));
#15129=CARTESIAN_POINT('',(5.49855171420182,1.55,3.92644320758385));
#15130=CARTESIAN_POINT('',(5.49855171420182,1.55,3.71042490617536));
#15131=CARTESIAN_POINT('',(5.49855171420182,1.54,4.0208498123507));
#15132=CARTESIAN_POINT('',(5.49855171420182,1.55,4.0208498123507));
#15133=CARTESIAN_POINT('',(5.49855171420182,1.54,3.92644320758385));
#15134=CARTESIAN_POINT('',(5.49855171420182,1.54,4.0208498123507));
#15135=CARTESIAN_POINT('',(5.49855171420182,1.55,3.92644320758385));
#15136=CARTESIAN_POINT('Origin',(5.98968415238466,1.55,4.0208498123507));
#15137=CARTESIAN_POINT('',(5.98968415238466,1.55,4.0208498123507));
#15138=CARTESIAN_POINT('',(4.89984207619233,1.55,4.0208498123507));
#15139=CARTESIAN_POINT('',(5.98968415238466,1.54,4.0208498123507));
#15140=CARTESIAN_POINT('',(5.98968415238466,1.55,4.0208498123507));
#15141=CARTESIAN_POINT('',(5.98968415238466,1.54,4.0208498123507));
#15142=CARTESIAN_POINT('Origin',(5.98968415238466,1.55,4.29315542014641));
#15143=CARTESIAN_POINT('',(5.98968415238466,1.55,4.29315542014641));
#15144=CARTESIAN_POINT('',(5.98968415238466,1.55,3.84657771007321));
#15145=CARTESIAN_POINT('',(5.98968415238466,1.54,4.29315542014641));
#15146=CARTESIAN_POINT('',(5.98968415238466,1.55,4.29315542014641));
#15147=CARTESIAN_POINT('',(5.98968415238466,1.54,4.29315542014641));
#15148=CARTESIAN_POINT('Origin',(5.54711936690416,1.55,4.29315542014641));
#15149=CARTESIAN_POINT('',(5.54711936690416,1.55,4.29315542014641));
#15150=CARTESIAN_POINT('',(4.67855968345208,1.55,4.29315542014641));
#15151=CARTESIAN_POINT('',(5.54711936690416,1.54,4.29315542014641));
#15152=CARTESIAN_POINT('',(5.54711936690416,1.55,4.29315542014641));
#15153=CARTESIAN_POINT('',(5.54711936690416,1.54,4.29315542014641));
#15154=CARTESIAN_POINT('Origin',(5.54711936690416,1.55,4.38701619537873));
#15155=CARTESIAN_POINT('',(5.54711936690416,1.55,4.38701619537873));
#15156=CARTESIAN_POINT('',(5.54711936690416,1.55,3.89350809768937));
#15157=CARTESIAN_POINT('',(5.54711936690416,1.54,4.38701619537873));
#15158=CARTESIAN_POINT('',(5.54711936690416,1.55,4.38701619537873));
#15159=CARTESIAN_POINT('',(5.54711936690416,1.54,4.38701619537873));
#15160=CARTESIAN_POINT('Origin',(5.98968415238466,1.55,4.38701619537873));
#15161=CARTESIAN_POINT('',(5.98968415238466,1.55,4.38701619537873));
#15162=CARTESIAN_POINT('',(4.89984207619233,1.55,4.38701619537873));
#15163=CARTESIAN_POINT('',(5.98968415238466,1.54,4.38701619537873));
#15164=CARTESIAN_POINT('',(5.98968415238466,1.55,4.38701619537873));
#15165=CARTESIAN_POINT('',(5.98968415238466,1.54,4.38701619537873));
#15166=CARTESIAN_POINT('Origin',(5.98968415238466,1.55,4.63203673394722));
#15167=CARTESIAN_POINT('',(5.98968415238466,1.55,4.63203673394722));
#15168=CARTESIAN_POINT('',(5.98968415238466,1.55,4.01601836697362));
#15169=CARTESIAN_POINT('',(5.98968415238466,1.54,4.63203673394722));
#15170=CARTESIAN_POINT('',(5.98968415238466,1.55,4.63203673394722));
#15171=CARTESIAN_POINT('',(5.98968415238466,1.54,4.63203673394722));
#15172=CARTESIAN_POINT('Origin',(5.51710574605073,1.55,4.63203673394722));
#15173=CARTESIAN_POINT('',(5.51710574605073,1.55,4.63203673394722));
#15174=CARTESIAN_POINT('',(4.66355287302537,1.55,4.63203673394722));
#15175=CARTESIAN_POINT('',(5.51710574605073,1.54,4.63203673394722));
#15176=CARTESIAN_POINT('',(5.51710574605073,1.55,4.63203673394722));
#15177=CARTESIAN_POINT('',(5.51710574605073,1.54,4.63203673394722));
#15178=CARTESIAN_POINT('Origin',(5.51710574605073,1.55,4.72644318970246));
#15179=CARTESIAN_POINT('',(5.51710574605073,1.55,4.72644318970246));
#15180=CARTESIAN_POINT('',(5.51710574605073,1.55,4.06322159485124));
#15181=CARTESIAN_POINT('',(5.51710574605073,1.54,4.72644318970246));
#15182=CARTESIAN_POINT('',(5.51710574605073,1.55,4.72644318970246));
#15183=CARTESIAN_POINT('',(5.51710574605073,1.54,4.72644318970246));
#15184=CARTESIAN_POINT('Origin',(6.09555034615602,1.55,4.72644318970246));
#15185=CARTESIAN_POINT('',(6.09555034615602,1.55,4.72644318970246));
#15186=CARTESIAN_POINT('',(4.95277517307801,1.55,4.72644318970246));
#15187=CARTESIAN_POINT('',(6.09555034615602,1.54,4.72644318970246));
#15188=CARTESIAN_POINT('',(6.09555034615602,1.55,4.72644318970246));
#15189=CARTESIAN_POINT('',(6.09555034615602,1.54,4.72644318970246));
#15190=CARTESIAN_POINT('Origin',(6.09555034615602,1.55,3.92644320758385));
#15191=CARTESIAN_POINT('',(6.09555034615602,1.55,3.92644320758385));
#15192=CARTESIAN_POINT('',(6.09555034615602,1.55,3.66322160379193));
#15193=CARTESIAN_POINT('',(6.09555034615602,1.54,3.92644320758385));
#15194=CARTESIAN_POINT('',(6.09555034615602,1.55,3.92644320758385));
#15195=CARTESIAN_POINT('',(6.09555034615602,1.54,3.92644320758385));
#15196=CARTESIAN_POINT('Origin',(5.49855171420182,1.55,3.92644320758385));
#15197=CARTESIAN_POINT('',(4.65427585710091,1.55,3.92644320758385));
#15198=CARTESIAN_POINT('',(5.49855171420182,1.54,3.92644320758385));
#15199=CARTESIAN_POINT('Origin',(4.35994378939773,1.54,3.7024323377232));
#15200=CARTESIAN_POINT('Ctrl Pts',(7.17495022990312,1.55,4.0612316611628));
#15201=CARTESIAN_POINT('Ctrl Pts',(7.17495022990312,1.54,4.0612316611628));
#15202=CARTESIAN_POINT('Ctrl Pts',(7.12529121615495,1.55,4.11416490706009));
#15203=CARTESIAN_POINT('Ctrl Pts',(7.12529121615495,1.54,4.11416490706009));
#15204=CARTESIAN_POINT('Ctrl Pts',(7.12529121615495,1.55,4.26477884086174));
#15205=CARTESIAN_POINT('Ctrl Pts',(7.12529121615495,1.54,4.26477884086174));
#15206=CARTESIAN_POINT('',(7.17495022990312,1.55,4.0612316611628));
#15207=CARTESIAN_POINT('',(7.12529121615495,1.55,4.26477884086174));
#15208=CARTESIAN_POINT('Ctrl Pts',(7.17495022990312,1.55,4.0612316611628));
#15209=CARTESIAN_POINT('Ctrl Pts',(7.12529121615495,1.55,4.11416490706009));
#15210=CARTESIAN_POINT('Ctrl Pts',(7.12529121615495,1.55,4.26477884086174));
#15211=CARTESIAN_POINT('',(7.17495022990312,1.54,4.0612316611628));
#15212=CARTESIAN_POINT('',(7.17495022990312,1.55,4.0612316611628));
#15213=CARTESIAN_POINT('',(7.12529121615495,1.54,4.26477884086174));
#15214=CARTESIAN_POINT('Ctrl Pts',(7.17495022990312,1.54,4.0612316611628));
#15215=CARTESIAN_POINT('Ctrl Pts',(7.12529121615495,1.54,4.11416490706009));
#15216=CARTESIAN_POINT('Ctrl Pts',(7.12529121615495,1.54,4.26477884086174));
#15217=CARTESIAN_POINT('',(7.12529121615495,1.55,4.26477884086174));
#15218=CARTESIAN_POINT('Ctrl Pts',(7.34138949491586,1.55,4.00829856427712));
#15219=CARTESIAN_POINT('Ctrl Pts',(7.34138949491586,1.54,4.00829856427712));
#15220=CARTESIAN_POINT('Ctrl Pts',(7.22460909463968,1.55,4.00829856427712));
#15221=CARTESIAN_POINT('Ctrl Pts',(7.22460909463968,1.54,4.00829856427712));
#15222=CARTESIAN_POINT('Ctrl Pts',(7.17495022990312,1.55,4.0612316611628));
#15223=CARTESIAN_POINT('Ctrl Pts',(7.17495022990312,1.54,4.0612316611628));
#15224=CARTESIAN_POINT('',(7.34138949491586,1.55,4.00829856427712));
#15225=CARTESIAN_POINT('Ctrl Pts',(7.34138949491586,1.55,4.00829856427712));
#15226=CARTESIAN_POINT('Ctrl Pts',(7.22460909463968,1.55,4.00829856427712));
#15227=CARTESIAN_POINT('Ctrl Pts',(7.17495022990312,1.55,4.0612316611628));
#15228=CARTESIAN_POINT('',(7.34138949491586,1.54,4.00829856427712));
#15229=CARTESIAN_POINT('',(7.34138949491586,1.55,4.00829856427712));
#15230=CARTESIAN_POINT('Ctrl Pts',(7.34138949491586,1.54,4.00829856427712));
#15231=CARTESIAN_POINT('Ctrl Pts',(7.22460909463968,1.54,4.00829856427712));
#15232=CARTESIAN_POINT('Ctrl Pts',(7.17495022990312,1.54,4.0612316611628));
#15233=CARTESIAN_POINT('Ctrl Pts',(7.45680554487314,1.55,4.03503810199303));
#15234=CARTESIAN_POINT('Ctrl Pts',(7.45680554487314,1.54,4.03503810199303));
#15235=CARTESIAN_POINT('Ctrl Pts',(7.40960224248971,1.55,4.00829856427712));
#15236=CARTESIAN_POINT('Ctrl Pts',(7.40960224248971,1.54,4.00829856427712));
#15237=CARTESIAN_POINT('Ctrl Pts',(7.34138949491586,1.55,4.00829856427712));
#15238=CARTESIAN_POINT('Ctrl Pts',(7.34138949491586,1.54,4.00829856427712));
#15239=CARTESIAN_POINT('',(7.45680554487314,1.55,4.03503810199303));
#15240=CARTESIAN_POINT('Ctrl Pts',(7.45680554487314,1.55,4.03503810199303));
#15241=CARTESIAN_POINT('Ctrl Pts',(7.40960224248971,1.55,4.00829856427712));
#15242=CARTESIAN_POINT('Ctrl Pts',(7.34138949491586,1.55,4.00829856427712));
#15243=CARTESIAN_POINT('',(7.45680554487314,1.54,4.03503810199303));
#15244=CARTESIAN_POINT('',(7.45680554487314,1.55,4.03503810199303));
#15245=CARTESIAN_POINT('Ctrl Pts',(7.45680554487314,1.54,4.03503810199303));
#15246=CARTESIAN_POINT('Ctrl Pts',(7.40960224248971,1.54,4.00829856427712));
#15247=CARTESIAN_POINT('Ctrl Pts',(7.34138949491586,1.54,4.00829856427712));
#15248=CARTESIAN_POINT('Ctrl Pts',(7.52338125087823,1.55,4.11116351517243));
#15249=CARTESIAN_POINT('Ctrl Pts',(7.52338125087823,1.54,4.11116351517243));
#15250=CARTESIAN_POINT('Ctrl Pts',(7.50400884725656,1.55,4.06177734168572));
#15251=CARTESIAN_POINT('Ctrl Pts',(7.50400884725656,1.54,4.06177734168572));
#15252=CARTESIAN_POINT('Ctrl Pts',(7.45680554487314,1.55,4.03503810199303));
#15253=CARTESIAN_POINT('Ctrl Pts',(7.45680554487314,1.54,4.03503810199303));
#15254=CARTESIAN_POINT('',(7.52338125087823,1.55,4.11116351517243));
#15255=CARTESIAN_POINT('Ctrl Pts',(7.52338125087823,1.55,4.11116351517243));
#15256=CARTESIAN_POINT('Ctrl Pts',(7.50400884725656,1.55,4.06177734168572));
#15257=CARTESIAN_POINT('Ctrl Pts',(7.45680554487314,1.55,4.03503810199303));
#15258=CARTESIAN_POINT('',(7.52338125087823,1.54,4.11116351517243));
#15259=CARTESIAN_POINT('',(7.52338125087823,1.55,4.11116351517243));
#15260=CARTESIAN_POINT('Ctrl Pts',(7.52338125087823,1.54,4.11116351517243));
#15261=CARTESIAN_POINT('Ctrl Pts',(7.50400884725656,1.54,4.06177734168572));
#15262=CARTESIAN_POINT('Ctrl Pts',(7.45680554487314,1.54,4.03503810199303));
#15263=CARTESIAN_POINT('Ctrl Pts',(7.54275365449991,1.55,4.26477884086174));
#15264=CARTESIAN_POINT('Ctrl Pts',(7.54275365449991,1.54,4.26477884086174));
#15265=CARTESIAN_POINT('Ctrl Pts',(7.54275365449991,1.55,4.16054953964752));
#15266=CARTESIAN_POINT('Ctrl Pts',(7.54275365449991,1.54,4.16054953964752));
#15267=CARTESIAN_POINT('Ctrl Pts',(7.52338125087823,1.55,4.11116351517243));
#15268=CARTESIAN_POINT('Ctrl Pts',(7.52338125087823,1.54,4.11116351517243));
#15269=CARTESIAN_POINT('',(7.54275365449991,1.55,4.26477884086174));
#15270=CARTESIAN_POINT('Ctrl Pts',(7.54275365449991,1.55,4.26477884086174));
#15271=CARTESIAN_POINT('Ctrl Pts',(7.54275365449991,1.55,4.16054953964752));
#15272=CARTESIAN_POINT('Ctrl Pts',(7.52338125087823,1.55,4.11116351517243));
#15273=CARTESIAN_POINT('',(7.54275365449991,1.54,4.26477884086174));
#15274=CARTESIAN_POINT('',(7.54275365449991,1.55,4.26477884086174));
#15275=CARTESIAN_POINT('Ctrl Pts',(7.54275365449991,1.54,4.26477884086174));
#15276=CARTESIAN_POINT('Ctrl Pts',(7.54275365449991,1.54,4.16054953964752));
#15277=CARTESIAN_POINT('Ctrl Pts',(7.52338125087823,1.54,4.11116351517243));
#15278=CARTESIAN_POINT('Origin',(7.54275365449991,1.55,4.72644318970246));
#15279=CARTESIAN_POINT('',(7.54275365449991,1.55,4.72644318970246));
#15280=CARTESIAN_POINT('',(7.54275365449991,1.55,4.06322159485124));
#15281=CARTESIAN_POINT('',(7.54275365449991,1.54,4.72644318970246));
#15282=CARTESIAN_POINT('',(7.54275365449991,1.55,4.72644318970246));
#15283=CARTESIAN_POINT('',(7.54275365449991,1.54,4.72644318970246));
#15284=CARTESIAN_POINT('Origin',(7.64861999728288,1.55,4.72644318970246));
#15285=CARTESIAN_POINT('',(7.64861999728288,1.55,4.72644318970246));
#15286=CARTESIAN_POINT('',(5.72930999864144,1.55,4.72644318970246));
#15287=CARTESIAN_POINT('',(7.64861999728288,1.54,4.72644318970246));
#15288=CARTESIAN_POINT('',(7.64861999728288,1.55,4.72644318970246));
#15289=CARTESIAN_POINT('',(7.64861999728288,1.54,4.72644318970246));
#15290=CARTESIAN_POINT('Origin',(7.64861999728288,1.55,4.26423316033882));
#15291=CARTESIAN_POINT('',(7.64861999728288,1.55,4.26423316033882));
#15292=CARTESIAN_POINT('',(7.64861999728288,1.55,3.83211658016942));
#15293=CARTESIAN_POINT('',(7.64861999728288,1.54,4.26423316033882));
#15294=CARTESIAN_POINT('',(7.64861999728288,1.55,4.26423316033882));
#15295=CARTESIAN_POINT('',(7.64861999728288,1.54,4.26423316033882));
#15296=CARTESIAN_POINT('Ctrl Pts',(7.61806069590654,1.55,4.06368737252754));
#15297=CARTESIAN_POINT('Ctrl Pts',(7.61806069590654,1.54,4.06368737252754));
#15298=CARTESIAN_POINT('Ctrl Pts',(7.64861999728288,1.55,4.13708438309235));
#15299=CARTESIAN_POINT('Ctrl Pts',(7.64861999728288,1.54,4.13708438309235));
#15300=CARTESIAN_POINT('Ctrl Pts',(7.64861999728288,1.55,4.26423316033882));
#15301=CARTESIAN_POINT('Ctrl Pts',(7.64861999728288,1.54,4.26423316033882));
#15302=CARTESIAN_POINT('',(7.61806069590654,1.55,4.06368737252754));
#15303=CARTESIAN_POINT('Ctrl Pts',(7.61806069590654,1.55,4.06368737252754));
#15304=CARTESIAN_POINT('Ctrl Pts',(7.64861999728288,1.55,4.13708438309235));
#15305=CARTESIAN_POINT('Ctrl Pts',(7.64861999728288,1.55,4.26423316033882));
#15306=CARTESIAN_POINT('',(7.61806069590654,1.54,4.06368737252754));
#15307=CARTESIAN_POINT('',(7.61806069590654,1.55,4.06368737252754));
#15308=CARTESIAN_POINT('Ctrl Pts',(7.61806069590654,1.54,4.06368737252754));
#15309=CARTESIAN_POINT('Ctrl Pts',(7.64861999728288,1.54,4.13708438309235));
#15310=CARTESIAN_POINT('Ctrl Pts',(7.64861999728288,1.54,4.26423316033882));
#15311=CARTESIAN_POINT('Ctrl Pts',(7.51601426579561,1.55,3.95154540570778));
#15312=CARTESIAN_POINT('Ctrl Pts',(7.51601426579561,1.54,3.95154540570778));
#15313=CARTESIAN_POINT('Ctrl Pts',(7.58750124551858,1.55,3.99029051097435));
#15314=CARTESIAN_POINT('Ctrl Pts',(7.58750124551858,1.54,3.99029051097435));
#15315=CARTESIAN_POINT('Ctrl Pts',(7.61806069590654,1.55,4.06368737252754));
#15316=CARTESIAN_POINT('Ctrl Pts',(7.61806069590654,1.54,4.06368737252754));
#15317=CARTESIAN_POINT('',(7.51601426579561,1.55,3.95154540570778));
#15318=CARTESIAN_POINT('Ctrl Pts',(7.51601426579561,1.55,3.95154540570778));
#15319=CARTESIAN_POINT('Ctrl Pts',(7.58750124551858,1.55,3.99029051097435));
#15320=CARTESIAN_POINT('Ctrl Pts',(7.61806069590654,1.55,4.06368737252754));
#15321=CARTESIAN_POINT('',(7.51601426579561,1.54,3.95154540570778));
#15322=CARTESIAN_POINT('',(7.51601426579561,1.55,3.95154540570778));
#15323=CARTESIAN_POINT('Ctrl Pts',(7.51601426579561,1.54,3.95154540570778));
#15324=CARTESIAN_POINT('Ctrl Pts',(7.58750124551858,1.54,3.99029051097435));
#15325=CARTESIAN_POINT('Ctrl Pts',(7.61806069590654,1.54,4.06368737252754));
#15326=CARTESIAN_POINT('Ctrl Pts',(7.33211247899141,1.55,3.91280059846443));
#15327=CARTESIAN_POINT('Ctrl Pts',(7.33211247899141,1.54,3.91280059846443));
#15328=CARTESIAN_POINT('Ctrl Pts',(7.44452728607263,1.55,3.91280059846443));
#15329=CARTESIAN_POINT('Ctrl Pts',(7.44452728607263,1.54,3.91280059846443));
#15330=CARTESIAN_POINT('Ctrl Pts',(7.51601426579561,1.55,3.95154540570778));
#15331=CARTESIAN_POINT('Ctrl Pts',(7.51601426579561,1.54,3.95154540570778));
#15332=CARTESIAN_POINT('',(7.33211247899141,1.55,3.91280059846443));
#15333=CARTESIAN_POINT('Ctrl Pts',(7.33211247899141,1.55,3.91280059846443));
#15334=CARTESIAN_POINT('Ctrl Pts',(7.44452728607263,1.55,3.91280059846443));
#15335=CARTESIAN_POINT('Ctrl Pts',(7.51601426579561,1.55,3.95154540570778));
#15336=CARTESIAN_POINT('',(7.33211247899141,1.54,3.91280059846443));
#15337=CARTESIAN_POINT('',(7.33211247899141,1.55,3.91280059846443));
#15338=CARTESIAN_POINT('Ctrl Pts',(7.33211247899141,1.54,3.91280059846443));
#15339=CARTESIAN_POINT('Ctrl Pts',(7.44452728607263,1.54,3.91280059846443));
#15340=CARTESIAN_POINT('Ctrl Pts',(7.51601426579561,1.54,3.95154540570778));
#15341=CARTESIAN_POINT('Ctrl Pts',(7.14520930029954,1.55,3.95727549823326));
#15342=CARTESIAN_POINT('Ctrl Pts',(7.14520930029954,1.54,3.95727549823326));
#15343=CARTESIAN_POINT('Ctrl Pts',(7.21642358877267,1.55,3.91280059846443));
#15344=CARTESIAN_POINT('Ctrl Pts',(7.21642358877267,1.54,3.91280059846443));
#15345=CARTESIAN_POINT('Ctrl Pts',(7.33211247899141,1.55,3.91280059846443));
#15346=CARTESIAN_POINT('Ctrl Pts',(7.33211247899141,1.54,3.91280059846443));
#15347=CARTESIAN_POINT('',(7.14520930029954,1.55,3.95727549823326));
#15348=CARTESIAN_POINT('Ctrl Pts',(7.14520930029954,1.55,3.95727549823326));
#15349=CARTESIAN_POINT('Ctrl Pts',(7.21642358877267,1.55,3.91280059846443));
#15350=CARTESIAN_POINT('Ctrl Pts',(7.33211247899141,1.55,3.91280059846443));
#15351=CARTESIAN_POINT('',(7.14520930029954,1.54,3.95727549823326));
#15352=CARTESIAN_POINT('',(7.14520930029954,1.55,3.95727549823326));
#15353=CARTESIAN_POINT('Ctrl Pts',(7.14520930029954,1.54,3.95727549823326));
#15354=CARTESIAN_POINT('Ctrl Pts',(7.21642358877267,1.54,3.91280059846443));
#15355=CARTESIAN_POINT('Ctrl Pts',(7.33211247899141,1.54,3.91280059846443));
#15356=CARTESIAN_POINT('Ctrl Pts',(7.04671009161081,1.55,4.07269154819054));
#15357=CARTESIAN_POINT('Ctrl Pts',(7.04671009161081,1.54,4.07269154819054));
#15358=CARTESIAN_POINT('Ctrl Pts',(7.07399516083802,1.55,4.00175009997887));
#15359=CARTESIAN_POINT('Ctrl Pts',(7.07399516083802,1.54,4.00175009997887));
#15360=CARTESIAN_POINT('Ctrl Pts',(7.14520930029954,1.55,3.95727549823326));
#15361=CARTESIAN_POINT('Ctrl Pts',(7.14520930029954,1.54,3.95727549823326));
#15362=CARTESIAN_POINT('',(7.04671009161081,1.55,4.07269154819054));
#15363=CARTESIAN_POINT('Ctrl Pts',(7.04671009161081,1.55,4.07269154819054));
#15364=CARTESIAN_POINT('Ctrl Pts',(7.07399516083802,1.55,4.00175009997887));
#15365=CARTESIAN_POINT('Ctrl Pts',(7.14520930029954,1.55,3.95727549823326));
#15366=CARTESIAN_POINT('',(7.04671009161081,1.54,4.07269154819054));
#15367=CARTESIAN_POINT('',(7.04671009161081,1.55,4.07269154819054));
#15368=CARTESIAN_POINT('Ctrl Pts',(7.04671009161081,1.54,4.07269154819054));
#15369=CARTESIAN_POINT('Ctrl Pts',(7.07399516083802,1.54,4.00175009997887));
#15370=CARTESIAN_POINT('Ctrl Pts',(7.14520930029954,1.54,3.95727549823326));
#15371=CARTESIAN_POINT('Ctrl Pts',(7.01942502238359,1.55,4.26423316033882));
#15372=CARTESIAN_POINT('Ctrl Pts',(7.01942502238359,1.54,4.26423316033882));
#15373=CARTESIAN_POINT('Ctrl Pts',(7.01942502238359,1.55,4.1436328473906));
#15374=CARTESIAN_POINT('Ctrl Pts',(7.01942502238359,1.54,4.1436328473906));
#15375=CARTESIAN_POINT('Ctrl Pts',(7.04671009161081,1.55,4.07269154819054));
#15376=CARTESIAN_POINT('Ctrl Pts',(7.04671009161081,1.54,4.07269154819054));
#15377=CARTESIAN_POINT('',(7.01942502238359,1.55,4.26423316033882));
#15378=CARTESIAN_POINT('Ctrl Pts',(7.01942502238359,1.55,4.26423316033882));
#15379=CARTESIAN_POINT('Ctrl Pts',(7.01942502238359,1.55,4.1436328473906));
#15380=CARTESIAN_POINT('Ctrl Pts',(7.04671009161081,1.55,4.07269154819054));
#15381=CARTESIAN_POINT('',(7.01942502238359,1.54,4.26423316033882));
#15382=CARTESIAN_POINT('',(7.01942502238359,1.55,4.26423316033882));
#15383=CARTESIAN_POINT('Ctrl Pts',(7.01942502238359,1.54,4.26423316033882));
#15384=CARTESIAN_POINT('Ctrl Pts',(7.01942502238359,1.54,4.1436328473906));
#15385=CARTESIAN_POINT('Ctrl Pts',(7.04671009161081,1.54,4.07269154819054));
#15386=CARTESIAN_POINT('Origin',(7.01942502238359,1.55,4.72644318970246));
#15387=CARTESIAN_POINT('',(7.01942502238359,1.55,4.72644318970246));
#15388=CARTESIAN_POINT('',(7.01942502238359,1.55,4.06322159485124));
#15389=CARTESIAN_POINT('',(7.01942502238359,1.54,4.72644318970246));
#15390=CARTESIAN_POINT('',(7.01942502238359,1.55,4.72644318970246));
#15391=CARTESIAN_POINT('',(7.01942502238359,1.54,4.72644318970246));
#15392=CARTESIAN_POINT('Origin',(7.12529121615495,1.55,4.72644318970246));
#15393=CARTESIAN_POINT('',(7.12529121615495,1.55,4.72644318970246));
#15394=CARTESIAN_POINT('',(5.46764560807747,1.55,4.72644318970246));
#15395=CARTESIAN_POINT('',(7.12529121615495,1.54,4.72644318970246));
#15396=CARTESIAN_POINT('',(7.12529121615495,1.55,4.72644318970246));
#15397=CARTESIAN_POINT('',(7.12529121615495,1.54,4.72644318970246));
#15398=CARTESIAN_POINT('Origin',(7.12529121615495,1.55,4.26477884086174));
#15399=CARTESIAN_POINT('',(7.12529121615495,1.55,3.83238942043088));
#15400=CARTESIAN_POINT('',(7.12529121615495,1.54,4.26477884086174));
#15401=CARTESIAN_POINT('Origin',(4.35994378939773,1.54,3.7024323377232));
#15402=CARTESIAN_POINT('Origin',(9.21751484923567,1.55,4.30352364810509));
#15403=CARTESIAN_POINT('',(9.21751484923567,1.55,4.30352364810509));
#15404=CARTESIAN_POINT('',(9.21751484923567,1.55,3.92644320758385));
#15405=CARTESIAN_POINT('',(9.21751484923567,1.55,3.85176182405255));
#15406=CARTESIAN_POINT('',(9.21751484923567,1.54,4.30352364810509));
#15407=CARTESIAN_POINT('',(9.21751484923567,1.55,4.30352364810509));
#15408=CARTESIAN_POINT('',(9.21751484923567,1.54,3.92644320758385));
#15409=CARTESIAN_POINT('',(9.21751484923567,1.54,4.30352364810509));
#15410=CARTESIAN_POINT('',(9.21751484923567,1.55,3.92644320758385));
#15411=CARTESIAN_POINT('Origin',(8.80168950833882,1.55,4.30352364810509));
#15412=CARTESIAN_POINT('',(8.80168950833882,1.55,4.30352364810509));
#15413=CARTESIAN_POINT('',(6.30584475416941,1.55,4.30352364810509));
#15414=CARTESIAN_POINT('',(8.80168950833882,1.54,4.30352364810509));
#15415=CARTESIAN_POINT('',(8.80168950833882,1.55,4.30352364810509));
#15416=CARTESIAN_POINT('',(8.80168950833882,1.54,4.30352364810509));
#15417=CARTESIAN_POINT('Origin',(8.80168950833882,1.55,3.92644320758385));
#15418=CARTESIAN_POINT('',(8.80168950833882,1.55,3.92644320758385));
#15419=CARTESIAN_POINT('',(8.80168950833882,1.55,3.66322160379193));
#15420=CARTESIAN_POINT('',(8.80168950833882,1.54,3.92644320758385));
#15421=CARTESIAN_POINT('',(8.80168950833882,1.55,3.92644320758385));
#15422=CARTESIAN_POINT('',(8.80168950833882,1.54,3.92644320758385));
#15423=CARTESIAN_POINT('Origin',(8.69582324006166,1.55,3.92644320758385));
#15424=CARTESIAN_POINT('',(8.69582324006166,1.55,3.92644320758385));
#15425=CARTESIAN_POINT('',(6.25291162003083,1.55,3.92644320758385));
#15426=CARTESIAN_POINT('',(8.69582324006166,1.54,3.92644320758385));
#15427=CARTESIAN_POINT('',(8.69582324006166,1.55,3.92644320758385));
#15428=CARTESIAN_POINT('',(8.69582324006166,1.54,3.92644320758385));
#15429=CARTESIAN_POINT('Origin',(8.69582324006166,1.55,4.72644318970246));
#15430=CARTESIAN_POINT('',(8.69582324006166,1.55,4.72644318970246));
#15431=CARTESIAN_POINT('',(8.69582324006166,1.55,4.06322159485124));
#15432=CARTESIAN_POINT('',(8.69582324006166,1.54,4.72644318970246));
#15433=CARTESIAN_POINT('',(8.69582324006166,1.55,4.72644318970246));
#15434=CARTESIAN_POINT('',(8.69582324006166,1.54,4.72644318970246));
#15435=CARTESIAN_POINT('Origin',(8.80168950833882,1.55,4.72644318970246));
#15436=CARTESIAN_POINT('',(8.80168950833882,1.55,4.72644318970246));
#15437=CARTESIAN_POINT('',(6.30584475416941,1.55,4.72644318970246));
#15438=CARTESIAN_POINT('',(8.80168950833882,1.54,4.72644318970246));
#15439=CARTESIAN_POINT('',(8.80168950833882,1.55,4.72644318970246));
#15440=CARTESIAN_POINT('',(8.80168950833882,1.54,4.72644318970246));
#15441=CARTESIAN_POINT('Origin',(8.80168950833882,1.55,4.39793025287194));
#15442=CARTESIAN_POINT('',(8.80168950833882,1.55,4.39793025287194));
#15443=CARTESIAN_POINT('',(8.80168950833882,1.55,3.89896512643598));
#15444=CARTESIAN_POINT('',(8.80168950833882,1.54,4.39793025287194));
#15445=CARTESIAN_POINT('',(8.80168950833882,1.55,4.39793025287194));
#15446=CARTESIAN_POINT('',(8.80168950833882,1.54,4.39793025287194));
#15447=CARTESIAN_POINT('Origin',(9.21751484923567,1.55,4.39793025287194));
#15448=CARTESIAN_POINT('',(9.21751484923567,1.55,4.39793025287194));
#15449=CARTESIAN_POINT('',(6.51375742461784,1.55,4.39793025287194));
#15450=CARTESIAN_POINT('',(9.21751484923567,1.54,4.39793025287194));
#15451=CARTESIAN_POINT('',(9.21751484923567,1.55,4.39793025287194));
#15452=CARTESIAN_POINT('',(9.21751484923567,1.54,4.39793025287194));
#15453=CARTESIAN_POINT('Origin',(9.21751484923567,1.55,4.72644318970246));
#15454=CARTESIAN_POINT('',(9.21751484923567,1.55,4.72644318970246));
#15455=CARTESIAN_POINT('',(9.21751484923567,1.55,4.06322159485124));
#15456=CARTESIAN_POINT('',(9.21751484923567,1.54,4.72644318970246));
#15457=CARTESIAN_POINT('',(9.21751484923567,1.55,4.72644318970246));
#15458=CARTESIAN_POINT('',(9.21751484923567,1.54,4.72644318970246));
#15459=CARTESIAN_POINT('Origin',(9.32338113613929,1.55,4.72644318970246));
#15460=CARTESIAN_POINT('',(9.32338113613929,1.55,4.72644318970246));
#15461=CARTESIAN_POINT('',(6.56669056806965,1.55,4.72644318970246));
#15462=CARTESIAN_POINT('',(9.32338113613929,1.54,4.72644318970246));
#15463=CARTESIAN_POINT('',(9.32338113613929,1.55,4.72644318970246));
#15464=CARTESIAN_POINT('',(9.32338113613929,1.54,4.72644318970246));
#15465=CARTESIAN_POINT('Origin',(9.32338113613929,1.55,3.92644320758385));
#15466=CARTESIAN_POINT('',(9.32338113613929,1.55,3.92644320758385));
#15467=CARTESIAN_POINT('',(9.32338113613929,1.55,3.66322160379193));
#15468=CARTESIAN_POINT('',(9.32338113613929,1.54,3.92644320758385));
#15469=CARTESIAN_POINT('',(9.32338113613929,1.55,3.92644320758385));
#15470=CARTESIAN_POINT('',(9.32338113613929,1.54,3.92644320758385));
#15471=CARTESIAN_POINT('Origin',(9.21751484923567,1.55,3.92644320758385));
#15472=CARTESIAN_POINT('',(6.51375742461784,1.55,3.92644320758385));
#15473=CARTESIAN_POINT('',(9.21751484923567,1.54,3.92644320758385));
#15474=CARTESIAN_POINT('Origin',(4.35994378939773,1.54,3.7024323377232));
#15475=CARTESIAN_POINT('Origin',(3.81,1.55,3.40000000000002));
#15476=CARTESIAN_POINT('Origin',(3.81,1.55,3.40000000000002));
#15477=CARTESIAN_POINT('Origin',(3.81,1.55,3.40000000000002));
#15478=CARTESIAN_POINT('Origin',(3.81,1.55,3.40000000000002));
#15479=CARTESIAN_POINT('Origin',(3.81,1.55,3.40000000000002));
#15480=CARTESIAN_POINT('Origin',(3.81,1.55,3.40000000000002));
#15481=CARTESIAN_POINT('Origin',(3.81,1.55,3.40000000000002));
#15482=CARTESIAN_POINT('Origin',(3.81,1.55,3.40000000000002));
#15483=CARTESIAN_POINT('Origin',(3.81,1.55,3.40000000000002));
#15484=CARTESIAN_POINT('Origin',(-0.24,1.35,8.88178419700125E-15));
#15485=CARTESIAN_POINT('',(-0.24,1.35,8.88178419700125E-15));
#15486=CARTESIAN_POINT('',(-2.04,1.35,8.88178419700125E-15));
#15487=CARTESIAN_POINT('',(-1.215,1.35,-2.22044604925031E-15));
#15488=CARTESIAN_POINT('',(-0.24,1.35,0.500000000000008));
#15489=CARTESIAN_POINT('',(-0.24,1.35,-2.22044604925031E-15));
#15490=CARTESIAN_POINT('',(-2.04,1.35,0.500000000000008));
#15491=CARTESIAN_POINT('',(-0.24,1.35,0.500000000000008));
#15492=CARTESIAN_POINT('',(-2.04,1.35,8.88178419700125E-15));
#15493=CARTESIAN_POINT('Origin',(-2.04,1.35,8.88178419700125E-15));
#15494=CARTESIAN_POINT('',(-2.04,-0.449999999999999,8.88178419700125E-15));
#15495=CARTESIAN_POINT('',(-2.04,1.45,-2.22044604925031E-15));
#15496=CARTESIAN_POINT('',(-2.04,-0.449999999999999,0.500000000000008));
#15497=CARTESIAN_POINT('',(-2.04,1.35,0.500000000000008));
#15498=CARTESIAN_POINT('',(-2.04,-0.449999999999999,-2.22044604925031E-15));
#15499=CARTESIAN_POINT('Origin',(9.66,1.35,-2.22044604925031E-15));
#15500=CARTESIAN_POINT('',(9.66,1.35,-2.22044604925031E-15));
#15501=CARTESIAN_POINT('',(7.86,1.35,-2.22044604925031E-15));
#15502=CARTESIAN_POINT('',(8.76,1.35,-2.22044604925031E-15));
#15503=CARTESIAN_POINT('',(9.66,1.35,0.499999999999998));
#15504=CARTESIAN_POINT('',(9.66,1.35,-2.22044604925031E-15));
#15505=CARTESIAN_POINT('',(7.86,1.35,0.499999999999998));
#15506=CARTESIAN_POINT('',(7.86,1.35,0.499999999999998));
#15507=CARTESIAN_POINT('',(7.86,1.35,0.250000000000008));
#15508=CARTESIAN_POINT('Origin',(9.66,-0.450000000000002,-2.22044604925031E-15));
#15509=CARTESIAN_POINT('',(9.66,-0.450000000000002,-2.22044604925031E-15));
#15510=CARTESIAN_POINT('',(9.66,0.549999999999998,-2.22044604925031E-15));
#15511=CARTESIAN_POINT('',(9.66,-0.450000000000002,0.499999999999998));
#15512=CARTESIAN_POINT('',(9.66,-0.450000000000002,-2.22044604925031E-15));
#15513=CARTESIAN_POINT('',(9.66,1.35,0.499999999999998));
#15514=CARTESIAN_POINT('Origin',(-2.04,-13.25,8.88178419700125E-15));
#15515=CARTESIAN_POINT('',(-2.04,-13.25,8.88178419700125E-15));
#15516=CARTESIAN_POINT('',(-0.240000000000003,-13.25,8.88178419700125E-15));
#15517=CARTESIAN_POINT('',(-2.115,-13.25,-2.22044604925031E-15));
#15518=CARTESIAN_POINT('',(-2.04,-13.25,0.500000000000008));
#15519=CARTESIAN_POINT('',(-2.04,-13.25,8.88178419700125E-15));
#15520=CARTESIAN_POINT('',(-0.240000000000003,-13.25,0.500000000000008));
#15521=CARTESIAN_POINT('',(-0.240000000000003,-13.25,0.500000000000008));
#15522=CARTESIAN_POINT('',(-0.240000000000003,-13.25,8.88178419700125E-15));
#15523=CARTESIAN_POINT('Origin',(-2.04,-11.45,8.88178419700125E-15));
#15524=CARTESIAN_POINT('',(-2.04,-11.45,8.88178419700125E-15));
#15525=CARTESIAN_POINT('',(-2.04,-4.95,-2.22044604925031E-15));
#15526=CARTESIAN_POINT('',(-2.04,-11.45,0.500000000000008));
#15527=CARTESIAN_POINT('',(-2.04,-11.45,0.250000000000008));
#15528=CARTESIAN_POINT('',(-2.04,-13.25,0.500000000000008));
#15529=CARTESIAN_POINT('Origin',(7.86,-13.25,-2.22044604925031E-15));
#15530=CARTESIAN_POINT('',(7.86,-13.25,-2.22044604925031E-15));
#15531=CARTESIAN_POINT('',(9.65999999999999,-13.25,-2.22044604925031E-15));
#15532=CARTESIAN_POINT('',(7.86,-13.25,-2.22044604925031E-15));
#15533=CARTESIAN_POINT('',(7.86,-13.25,0.499999999999998));
#15534=CARTESIAN_POINT('',(7.86,-13.25,0.249999999999998));
#15535=CARTESIAN_POINT('',(9.65999999999999,-13.25,0.499999999999998));
#15536=CARTESIAN_POINT('',(7.86,-13.25,0.499999999999998));
#15537=CARTESIAN_POINT('',(9.65999999999999,-13.25,-2.22044604925031E-15));
#15538=CARTESIAN_POINT('Origin',(9.65999999999999,-13.25,-2.22044604925031E-15));
#15539=CARTESIAN_POINT('',(9.65999999999999,-11.45,-2.22044604925031E-15));
#15540=CARTESIAN_POINT('',(9.66,-5.85,-2.22044604925031E-15));
#15541=CARTESIAN_POINT('',(9.65999999999999,-11.45,0.499999999999998));
#15542=CARTESIAN_POINT('',(9.65999999999999,-13.25,0.499999999999998));
#15543=CARTESIAN_POINT('',(9.65999999999999,-11.45,0.249999999999998));
#15544=CARTESIAN_POINT('Origin',(-2.19,1.55,-2.22044604925031E-15));
#15545=CARTESIAN_POINT('',(-2.19,-0.449999999999999,-2.22044604925031E-15));
#15546=CARTESIAN_POINT('',(-2.19,-0.449999999999999,-2.22044604925031E-15));
#15547=CARTESIAN_POINT('',(-2.19,1.55,-2.22044604925031E-15));
#15548=CARTESIAN_POINT('',(-2.19,1.55,-2.22044604925031E-15));
#15549=CARTESIAN_POINT('',(-0.24,1.55,-2.22044604925031E-15));
#15550=CARTESIAN_POINT('',(-0.24,1.55,-2.22044604925031E-15));
#15551=CARTESIAN_POINT('',(-0.24,1.55,-2.22044604925031E-15));
#15552=CARTESIAN_POINT('Origin',(7.86,1.55,0.499999999999998));
#15553=CARTESIAN_POINT('',(7.86,1.55,0.499999999999998));
#15554=CARTESIAN_POINT('',(7.86,1.55,0.499999999999998));
#15555=CARTESIAN_POINT('',(7.86,1.55,-2.22044604925031E-15));
#15556=CARTESIAN_POINT('',(7.86,1.55,-2.22044604925031E-15));
#15557=CARTESIAN_POINT('',(7.86,1.55,-2.22044604925031E-15));
#15558=CARTESIAN_POINT('Origin',(-0.24,1.55,-2.22044604925031E-15));
#15559=CARTESIAN_POINT('',(-0.240000000000003,-13.45,0.499999999999998));
#15560=CARTESIAN_POINT('',(-0.24,1.55,0.499999999999998));
#15561=CARTESIAN_POINT('',(-0.240000000000003,-13.45,-2.22044604925031E-15));
#15562=CARTESIAN_POINT('',(-0.240000000000003,-13.45,0.499999999999998));
#15563=CARTESIAN_POINT('',(-0.24,1.55,-2.22044604925031E-15));
#15564=CARTESIAN_POINT('Origin',(7.86,1.55,-2.22044604925031E-15));
#15565=CARTESIAN_POINT('',(9.81,-11.45,-2.22044604925031E-15));
#15566=CARTESIAN_POINT('',(2.835,-11.45,8.88178419700125E-15));
#15567=CARTESIAN_POINT('',(9.81,-13.45,-2.22044604925031E-15));
#15568=CARTESIAN_POINT('',(9.81,1.55,-2.22044604925031E-15));
#15569=CARTESIAN_POINT('',(7.86,-13.45,-2.22044604925031E-15));
#15570=CARTESIAN_POINT('',(9.81,-13.45,-2.22044604925031E-15));
#15571=CARTESIAN_POINT('',(7.86,1.55,-2.22044604925031E-15));
#15572=CARTESIAN_POINT('Origin',(6.0322069122805,-5.91728127459928,6.80000000000002));
#15573=CARTESIAN_POINT('',(6.0322069122805,-6.31728127459928,6.80000000000002));
#15574=CARTESIAN_POINT('Origin',(6.0322069122805,-5.91728127459928,6.80000000000002));
#15575=CARTESIAN_POINT('',(6.0322069122805,-6.31728127459928,6.70000000000002));
#15576=CARTESIAN_POINT('',(6.0322069122805,-6.31728127459928,6.80000000000002));
#15577=CARTESIAN_POINT('Origin',(6.0322069122805,-5.91728127459928,6.70000000000002));
#15578=CARTESIAN_POINT('Origin',(6.0322069122805,-5.91728127459928,6.70000000000002));
#15579=CARTESIAN_POINT('Origin',(2.6322069122805,-1.31728127459928,6.80000000000002));
#15580=CARTESIAN_POINT('',(2.6322069122805,-1.71728127459928,6.80000000000002));
#15581=CARTESIAN_POINT('Origin',(2.6322069122805,-1.31728127459928,6.80000000000002));
#15582=CARTESIAN_POINT('',(2.6322069122805,-1.71728127459928,6.70000000000002));
#15583=CARTESIAN_POINT('',(2.6322069122805,-1.71728127459928,6.80000000000002));
#15584=CARTESIAN_POINT('Origin',(2.6322069122805,-1.31728127459928,6.70000000000002));
#15585=CARTESIAN_POINT('Origin',(2.6322069122805,-1.31728127459928,6.70000000000002));
#15586=CARTESIAN_POINT('Origin',(3.7552523669936,-6.90881656496613,6.80000000000002));
#15587=CARTESIAN_POINT('',(3.7552523669936,-7.30881656496613,6.80000000000002));
#15588=CARTESIAN_POINT('Origin',(3.7552523669936,-6.90881656496613,6.80000000000002));
#15589=CARTESIAN_POINT('',(3.7552523669936,-7.30881656496613,6.70000000000002));
#15590=CARTESIAN_POINT('',(3.7552523669936,-7.30881656496613,6.80000000000002));
#15591=CARTESIAN_POINT('Origin',(3.7552523669936,-6.90881656496613,6.70000000000002));
#15592=CARTESIAN_POINT('Origin',(3.7552523669936,-6.90881656496613,6.70000000000002));
#15593=CARTESIAN_POINT('Origin',(8.3867299756072,-8.21558252232963,6.80000000000002));
#15594=CARTESIAN_POINT('',(8.38672997560719,-8.6155825223296,6.80000000000002));
#15595=CARTESIAN_POINT('Origin',(8.3867299756072,-8.21558252232963,6.80000000000002));
#15596=CARTESIAN_POINT('',(8.38672997560719,-8.6155825223296,6.70000000000002));
#15597=CARTESIAN_POINT('',(8.3867299756072,-8.61558252232963,6.80000000000002));
#15598=CARTESIAN_POINT('Origin',(8.3867299756072,-8.21558252232963,6.70000000000002));
#15599=CARTESIAN_POINT('Origin',(8.3867299756072,-8.21558252232963,6.70000000000002));
#15600=CARTESIAN_POINT('Origin',(2.2653706752924,-7.33384166171652,6.80000000000002));
#15601=CARTESIAN_POINT('',(2.6653706752924,-7.33384166171652,6.80000000000002));
#15602=CARTESIAN_POINT('Origin',(2.2653706752924,-7.33384166171652,6.80000000000002));
#15603=CARTESIAN_POINT('',(2.6653706752924,-7.33384166171652,6.70000000000002));
#15604=CARTESIAN_POINT('',(2.6653706752924,-7.33384166171652,6.80000000000002));
#15605=CARTESIAN_POINT('Origin',(2.2653706752924,-7.33384166171652,6.70000000000002));
#15606=CARTESIAN_POINT('Origin',(2.2653706752924,-7.33384166171652,6.70000000000002));
#15607=CARTESIAN_POINT('Origin',(8.3867299756072,-7.01558252232963,6.80000000000002));
#15608=CARTESIAN_POINT('',(8.3867299756072,-7.41558252232963,6.80000000000002));
#15609=CARTESIAN_POINT('Origin',(8.3867299756072,-7.01558252232963,6.80000000000002));
#15610=CARTESIAN_POINT('',(8.3867299756072,-7.41558252232963,6.70000000000002));
#15611=CARTESIAN_POINT('',(8.3867299756072,-7.41558252232963,6.80000000000002));
#15612=CARTESIAN_POINT('Origin',(8.3867299756072,-7.01558252232963,6.70000000000002));
#15613=CARTESIAN_POINT('Origin',(8.3867299756072,-7.01558252232963,6.70000000000002));
#15614=CARTESIAN_POINT('Origin',(6.0148516632218,-3.60657912746732,6.80000000000002));
#15615=CARTESIAN_POINT('',(6.4148516632218,-3.60657912746732,6.80000000000002));
#15616=CARTESIAN_POINT('Origin',(6.0148516632218,-3.60657912746732,6.80000000000002));
#15617=CARTESIAN_POINT('',(6.4148516632218,-3.60657912746732,6.70000000000002));
#15618=CARTESIAN_POINT('',(6.4148516632218,-3.60657912746732,6.80000000000002));
#15619=CARTESIAN_POINT('Origin',(6.0148516632218,-3.60657912746732,6.70000000000002));
#15620=CARTESIAN_POINT('Origin',(6.0148516632218,-3.60657912746732,6.70000000000002));
#15621=CARTESIAN_POINT('Origin',(-0.913270024392803,-9.4155825223296,6.80000000000002));
#15622=CARTESIAN_POINT('',(-1.3132700243928,-9.4155825223296,6.80000000000002));
#15623=CARTESIAN_POINT('Origin',(-0.913270024392803,-9.4155825223296,6.80000000000002));
#15624=CARTESIAN_POINT('',(-1.3132700243928,-9.4155825223296,6.70000000000002));
#15625=CARTESIAN_POINT('',(-1.3132700243928,-9.4155825223296,6.80000000000002));
#15626=CARTESIAN_POINT('Origin',(-0.913270024392803,-9.4155825223296,6.70000000000002));
#15627=CARTESIAN_POINT('Origin',(-0.913270024392803,-9.4155825223296,6.70000000000002));
#15628=CARTESIAN_POINT('Origin',(0.6077961739467,-2.74007254977914,6.80000000000002));
#15629=CARTESIAN_POINT('',(0.8906388864213,-3.02291526225376,6.80000000000002));
#15630=CARTESIAN_POINT('Origin',(0.6077961739467,-2.74007254977914,6.80000000000002));
#15631=CARTESIAN_POINT('',(0.8906388864213,-3.02291526225376,6.70000000000002));
#15632=CARTESIAN_POINT('',(0.89063888642132,-3.02291526225376,6.80000000000002));
#15633=CARTESIAN_POINT('Origin',(0.6077961739467,-2.74007254977914,6.70000000000002));
#15634=CARTESIAN_POINT('Origin',(0.6077961739467,-2.74007254977914,6.70000000000002));
#15635=CARTESIAN_POINT('Origin',(8.3867299756072,-3.61558252232963,6.80000000000002));
#15636=CARTESIAN_POINT('',(8.3867299756072,-4.01558252232963,6.80000000000002));
#15637=CARTESIAN_POINT('Origin',(8.3867299756072,-3.61558252232963,6.80000000000002));
#15638=CARTESIAN_POINT('',(8.3867299756072,-4.01558252232963,6.70000000000002));
#15639=CARTESIAN_POINT('',(8.3867299756072,-4.01558252232963,6.80000000000002));
#15640=CARTESIAN_POINT('Origin',(8.3867299756072,-3.61558252232963,6.70000000000002));
#15641=CARTESIAN_POINT('Origin',(8.3867299756072,-3.61558252232963,6.70000000000002));
#15642=CARTESIAN_POINT('Origin',(7.2322069122805,-10.5172812745993,6.80000000000002));
#15643=CARTESIAN_POINT('',(7.2322069122805,-10.9172812745993,6.80000000000002));
#15644=CARTESIAN_POINT('Origin',(7.2322069122805,-10.5172812745993,6.80000000000002));
#15645=CARTESIAN_POINT('',(7.2322069122805,-10.9172812745993,6.70000000000002));
#15646=CARTESIAN_POINT('',(7.2322069122805,-10.9172812745993,6.80000000000002));
#15647=CARTESIAN_POINT('Origin',(7.2322069122805,-10.5172812745993,6.70000000000002));
#15648=CARTESIAN_POINT('Origin',(7.2322069122805,-10.5172812745993,6.70000000000002));
#15649=CARTESIAN_POINT('Origin',(4.8322069122805,-1.31728127459928,6.80000000000002));
#15650=CARTESIAN_POINT('',(4.8322069122805,-1.71728127459928,6.80000000000002));
#15651=CARTESIAN_POINT('Origin',(4.8322069122805,-1.31728127459928,6.80000000000002));
#15652=CARTESIAN_POINT('',(4.8322069122805,-1.71728127459928,6.70000000000002));
#15653=CARTESIAN_POINT('',(4.8322069122805,-1.71728127459928,6.80000000000002));
#15654=CARTESIAN_POINT('Origin',(4.8322069122805,-1.31728127459928,6.70000000000002));
#15655=CARTESIAN_POINT('Origin',(4.8322069122805,-1.31728127459928,6.70000000000002));
#15656=CARTESIAN_POINT('Origin',(6.0322069122805,-1.31728127459928,6.80000000000002));
#15657=CARTESIAN_POINT('',(6.0322069122805,-1.71728127459928,6.80000000000002));
#15658=CARTESIAN_POINT('Origin',(6.0322069122805,-1.31728127459928,6.80000000000002));
#15659=CARTESIAN_POINT('',(6.0322069122805,-1.71728127459928,6.70000000000002));
#15660=CARTESIAN_POINT('',(6.0322069122805,-1.71728127459928,6.80000000000002));
#15661=CARTESIAN_POINT('Origin',(6.0322069122805,-1.31728127459928,6.70000000000002));
#15662=CARTESIAN_POINT('Origin',(6.0322069122805,-1.31728127459928,6.70000000000002));
#15663=CARTESIAN_POINT('Origin',(1.4563243113706,-3.588600687203,6.80000000000002));
#15664=CARTESIAN_POINT('',(1.7391670238452,-3.87144339967762,6.80000000000002));
#15665=CARTESIAN_POINT('Origin',(1.4563243113706,-3.588600687203,6.80000000000002));
#15666=CARTESIAN_POINT('',(1.7391670238452,-3.87144339967762,6.70000000000002));
#15667=CARTESIAN_POINT('',(1.73916702384522,-3.87144339967762,6.80000000000002));
#15668=CARTESIAN_POINT('Origin',(1.4563243113706,-3.588600687203,6.70000000000002));
#15669=CARTESIAN_POINT('Origin',(1.4563243113706,-3.588600687203,6.70000000000002));
#15670=CARTESIAN_POINT('Origin',(3.7925016343136,-2.52649774882938,6.80000000000002));
#15671=CARTESIAN_POINT('',(3.7925016343136,-2.92649774882938,6.80000000000002));
#15672=CARTESIAN_POINT('Origin',(3.7925016343136,-2.52649774882938,6.80000000000002));
#15673=CARTESIAN_POINT('',(3.7925016343136,-2.92649774882938,6.70000000000002));
#15674=CARTESIAN_POINT('',(3.7925016343136,-2.92649774882938,6.80000000000002));
#15675=CARTESIAN_POINT('Origin',(3.7925016343136,-2.52649774882938,6.70000000000002));
#15676=CARTESIAN_POINT('Origin',(3.7925016343136,-2.52649774882938,6.70000000000002));
#15677=CARTESIAN_POINT('Origin',(3.7925016343136,-3.72649774882938,6.80000000000002));
#15678=CARTESIAN_POINT('',(3.7925016343136,-4.12649774882938,6.80000000000002));
#15679=CARTESIAN_POINT('Origin',(3.7925016343136,-3.72649774882938,6.80000000000002));
#15680=CARTESIAN_POINT('',(3.7925016343136,-4.12649774882938,6.70000000000002));
#15681=CARTESIAN_POINT('',(3.7925016343136,-4.12649774882938,6.80000000000002));
#15682=CARTESIAN_POINT('Origin',(3.7925016343136,-3.72649774882938,6.70000000000002));
#15683=CARTESIAN_POINT('Origin',(3.7925016343136,-3.72649774882938,6.70000000000002));
#15684=CARTESIAN_POINT('Origin',(-0.913270024392803,-3.61558252232963,6.80000000000002));
#15685=CARTESIAN_POINT('',(-1.3132700243928,-3.61558252232963,6.80000000000002));
#15686=CARTESIAN_POINT('Origin',(-0.913270024392803,-3.61558252232963,6.80000000000002));
#15687=CARTESIAN_POINT('',(-1.3132700243928,-3.61558252232963,6.70000000000002));
#15688=CARTESIAN_POINT('',(-1.3132700243928,-3.61558252232963,6.80000000000002));
#15689=CARTESIAN_POINT('Origin',(-0.913270024392803,-3.61558252232963,6.70000000000002));
#15690=CARTESIAN_POINT('Origin',(-0.913270024392803,-3.61558252232963,6.70000000000002));
#15691=CARTESIAN_POINT('Origin',(6.8633798006456,-2.75805099004346,6.80000000000002));
#15692=CARTESIAN_POINT('',(7.2633798006456,-2.75805099004346,6.80000000000002));
#15693=CARTESIAN_POINT('Origin',(6.8633798006456,-2.75805099004346,6.80000000000002));
#15694=CARTESIAN_POINT('',(7.2633798006456,-2.75805099004346,6.70000000000002));
#15695=CARTESIAN_POINT('',(7.2633798006456,-2.75805099004346,6.80000000000002));
#15696=CARTESIAN_POINT('Origin',(6.8633798006456,-2.75805099004346,6.70000000000002));
#15697=CARTESIAN_POINT('Origin',(6.8633798006456,-2.75805099004346,6.70000000000002));
#15698=CARTESIAN_POINT('Origin',(0.232206912280501,-1.31728127459928,6.80000000000002));
#15699=CARTESIAN_POINT('',(0.232206912280501,-1.71728127459928,6.80000000000002));
#15700=CARTESIAN_POINT('Origin',(0.232206912280501,-1.31728127459928,6.80000000000002));
#15701=CARTESIAN_POINT('',(0.232206912280501,-1.71728127459928,6.70000000000002));
#15702=CARTESIAN_POINT('',(0.232206912280501,-1.71728127459928,6.80000000000002));
#15703=CARTESIAN_POINT('Origin',(0.232206912280501,-1.31728127459928,6.70000000000002));
#15704=CARTESIAN_POINT('Origin',(0.232206912280501,-1.31728127459928,6.70000000000002));
#15705=CARTESIAN_POINT('Origin',(5.1835868456198,-7.33808167513238,6.80000000000002));
#15706=CARTESIAN_POINT('',(5.4664295580944,-7.620924387607,6.80000000000002));
#15707=CARTESIAN_POINT('Origin',(5.1835868456198,-7.33808167513238,6.80000000000002));
#15708=CARTESIAN_POINT('',(5.4664295580944,-7.620924387607,6.70000000000002));
#15709=CARTESIAN_POINT('',(5.46642955809442,-7.620924387607,6.80000000000002));
#15710=CARTESIAN_POINT('Origin',(5.1835868456198,-7.33808167513238,6.70000000000002));
#15711=CARTESIAN_POINT('Origin',(5.1835868456198,-7.33808167513238,6.70000000000002));
#15712=CARTESIAN_POINT('Origin',(3.7552523669936,-9.3088165649661,6.80000000000002));
#15713=CARTESIAN_POINT('',(3.7552523669936,-9.7088165649661,6.80000000000002));
#15714=CARTESIAN_POINT('Origin',(3.7552523669936,-9.3088165649661,6.80000000000002));
#15715=CARTESIAN_POINT('',(3.7552523669936,-9.7088165649661,6.70000000000002));
#15716=CARTESIAN_POINT('',(3.7552523669936,-9.7088165649661,6.80000000000002));
#15717=CARTESIAN_POINT('Origin',(3.7552523669936,-9.3088165649661,6.70000000000002));
#15718=CARTESIAN_POINT('Origin',(3.7552523669936,-9.3088165649661,6.70000000000002));
#15719=CARTESIAN_POINT('Origin',(8.3867299756072,-2.41558252232964,6.80000000000002));
#15720=CARTESIAN_POINT('',(8.3867299756072,-2.81558252232964,6.80000000000002));
#15721=CARTESIAN_POINT('Origin',(8.3867299756072,-2.41558252232964,6.80000000000002));
#15722=CARTESIAN_POINT('',(8.3867299756072,-2.81558252232964,6.70000000000002));
#15723=CARTESIAN_POINT('',(8.3867299756072,-2.81558252232964,6.80000000000002));
#15724=CARTESIAN_POINT('Origin',(8.3867299756072,-2.41558252232964,6.70000000000002));
#15725=CARTESIAN_POINT('Origin',(8.3867299756072,-2.41558252232964,6.70000000000002));
#15726=CARTESIAN_POINT('Origin',(3.7552523669936,-8.10881656496613,6.80000000000002));
#15727=CARTESIAN_POINT('',(3.7552523669936,-8.5088165649661,6.80000000000002));
#15728=CARTESIAN_POINT('Origin',(3.7552523669936,-8.10881656496613,6.80000000000002));
#15729=CARTESIAN_POINT('',(3.7552523669936,-8.5088165649661,6.70000000000002));
#15730=CARTESIAN_POINT('',(3.7552523669936,-8.50881656496613,6.80000000000002));
#15731=CARTESIAN_POINT('Origin',(3.7552523669936,-8.10881656496613,6.70000000000002));
#15732=CARTESIAN_POINT('Origin',(3.7552523669936,-8.10881656496613,6.70000000000002));
#15733=CARTESIAN_POINT('Origin',(0.232206912280499,-5.91728127459928,6.80000000000002));
#15734=CARTESIAN_POINT('',(0.232206912280499,-6.31728127459928,6.80000000000002));
#15735=CARTESIAN_POINT('Origin',(0.232206912280499,-5.91728127459928,6.80000000000002));
#15736=CARTESIAN_POINT('',(0.232206912280499,-6.31728127459928,6.70000000000002));
#15737=CARTESIAN_POINT('',(0.232206912280499,-6.31728127459928,6.80000000000002));
#15738=CARTESIAN_POINT('Origin',(0.232206912280499,-5.91728127459928,6.70000000000002));
#15739=CARTESIAN_POINT('Origin',(0.232206912280499,-5.91728127459928,6.70000000000002));
#15740=CARTESIAN_POINT('Origin',(2.3048524487944,-4.43712882462685,6.80000000000002));
#15741=CARTESIAN_POINT('',(2.587695161269,-4.71997153710147,6.80000000000002));
#15742=CARTESIAN_POINT('Origin',(2.3048524487944,-4.43712882462685,6.80000000000002));
#15743=CARTESIAN_POINT('',(2.587695161269,-4.71997153710147,6.70000000000002));
#15744=CARTESIAN_POINT('',(2.58769516126902,-4.71997153710147,6.80000000000002));
#15745=CARTESIAN_POINT('Origin',(2.3048524487944,-4.43712882462685,6.70000000000002));
#15746=CARTESIAN_POINT('Origin',(2.3048524487944,-4.43712882462685,6.70000000000002));
#15747=CARTESIAN_POINT('Origin',(8.3867299756072,-4.81558252232964,6.80000000000002));
#15748=CARTESIAN_POINT('',(8.3867299756072,-5.21558252232964,6.80000000000002));
#15749=CARTESIAN_POINT('Origin',(8.3867299756072,-4.81558252232964,6.80000000000002));
#15750=CARTESIAN_POINT('',(8.3867299756072,-5.21558252232964,6.70000000000002));
#15751=CARTESIAN_POINT('',(8.3867299756072,-5.21558252232964,6.80000000000002));
#15752=CARTESIAN_POINT('Origin',(8.3867299756072,-4.81558252232964,6.70000000000002));
#15753=CARTESIAN_POINT('Origin',(8.3867299756072,-4.81558252232964,6.70000000000002));
#15754=CARTESIAN_POINT('Origin',(-0.913270024392803,-7.01558252232963,6.80000000000002));
#15755=CARTESIAN_POINT('',(-1.3132700243928,-7.01558252232963,6.80000000000002));
#15756=CARTESIAN_POINT('Origin',(-0.913270024392803,-7.01558252232963,6.80000000000002));
#15757=CARTESIAN_POINT('',(-1.3132700243928,-7.01558252232963,6.70000000000002));
#15758=CARTESIAN_POINT('',(-1.3132700243928,-7.01558252232963,6.80000000000002));
#15759=CARTESIAN_POINT('Origin',(-0.913270024392803,-7.01558252232963,6.70000000000002));
#15760=CARTESIAN_POINT('Origin',(-0.913270024392803,-7.01558252232963,6.70000000000002));
#15761=CARTESIAN_POINT('Origin',(0.232206912280499,-10.5172812745993,6.80000000000002));
#15762=CARTESIAN_POINT('',(0.232206912280499,-10.9172812745993,6.80000000000002));
#15763=CARTESIAN_POINT('Origin',(0.232206912280499,-10.5172812745993,6.80000000000002));
#15764=CARTESIAN_POINT('',(0.232206912280499,-10.9172812745993,6.70000000000002));
#15765=CARTESIAN_POINT('',(0.232206912280499,-10.9172812745993,6.80000000000002));
#15766=CARTESIAN_POINT('Origin',(0.232206912280499,-10.5172812745993,6.70000000000002));
#15767=CARTESIAN_POINT('Origin',(0.232206912280499,-10.5172812745993,6.70000000000002));
#15768=CARTESIAN_POINT('Origin',(-0.913270024392803,-4.81558252232964,6.80000000000002));
#15769=CARTESIAN_POINT('',(-1.3132700243928,-4.81558252232964,6.80000000000002));
#15770=CARTESIAN_POINT('Origin',(-0.913270024392803,-4.81558252232964,6.80000000000002));
#15771=CARTESIAN_POINT('',(-1.3132700243928,-4.81558252232964,6.70000000000002));
#15772=CARTESIAN_POINT('',(-1.3132700243928,-4.81558252232964,6.80000000000002));
#15773=CARTESIAN_POINT('Origin',(-0.913270024392803,-4.81558252232964,6.70000000000002));
#15774=CARTESIAN_POINT('Origin',(-0.913270024392803,-4.81558252232964,6.70000000000002));
#15775=CARTESIAN_POINT('Origin',(0.568314400444698,-9.0308979365642,6.80000000000002));
#15776=CARTESIAN_POINT('',(0.968314400444699,-9.0308979365642,6.80000000000002));
#15777=CARTESIAN_POINT('Origin',(0.568314400444698,-9.0308979365642,6.80000000000002));
#15778=CARTESIAN_POINT('',(0.968314400444699,-9.0308979365642,6.70000000000002));
#15779=CARTESIAN_POINT('',(0.968314400444698,-9.0308979365642,6.80000000000002));
#15780=CARTESIAN_POINT('Origin',(0.568314400444698,-9.0308979365642,6.70000000000002));
#15781=CARTESIAN_POINT('Origin',(0.568314400444698,-9.0308979365642,6.70000000000002));
#15782=CARTESIAN_POINT('Origin',(-0.913270024392801,-2.41558252232964,6.80000000000002));
#15783=CARTESIAN_POINT('',(-1.3132700243928,-2.41558252232964,6.80000000000002));
#15784=CARTESIAN_POINT('Origin',(-0.913270024392801,-2.41558252232964,6.80000000000002));
#15785=CARTESIAN_POINT('',(-1.3132700243928,-2.41558252232964,6.70000000000002));
#15786=CARTESIAN_POINT('',(-1.3132700243928,-2.41558252232964,6.80000000000002));
#15787=CARTESIAN_POINT('Origin',(-0.913270024392801,-2.41558252232964,6.70000000000002));
#15788=CARTESIAN_POINT('Origin',(-0.913270024392801,-2.41558252232964,6.70000000000002));
#15789=CARTESIAN_POINT('Origin',(1.4168425378685,-8.18236979914037,6.80000000000002));
#15790=CARTESIAN_POINT('',(1.8168425378685,-8.18236979914037,6.80000000000002));
#15791=CARTESIAN_POINT('Origin',(1.4168425378685,-8.18236979914037,6.80000000000002));
#15792=CARTESIAN_POINT('',(1.8168425378685,-8.18236979914037,6.70000000000002));
#15793=CARTESIAN_POINT('',(1.8168425378685,-8.18236979914037,6.80000000000002));
#15794=CARTESIAN_POINT('Origin',(1.4168425378685,-8.18236979914037,6.70000000000002));
#15795=CARTESIAN_POINT('Origin',(1.4168425378685,-8.18236979914037,6.70000000000002));
#15796=CARTESIAN_POINT('Origin',(2.6322069122805,-10.5172812745993,6.80000000000002));
#15797=CARTESIAN_POINT('',(2.6322069122805,-10.9172812745993,6.80000000000002));
#15798=CARTESIAN_POINT('Origin',(2.6322069122805,-10.5172812745993,6.80000000000002));
#15799=CARTESIAN_POINT('',(2.6322069122805,-10.9172812745993,6.70000000000002));
#15800=CARTESIAN_POINT('',(2.6322069122805,-10.9172812745993,6.80000000000002));
#15801=CARTESIAN_POINT('Origin',(2.6322069122805,-10.5172812745993,6.70000000000002));
#15802=CARTESIAN_POINT('Origin',(2.6322069122805,-10.5172812745993,6.70000000000002));
#15803=CARTESIAN_POINT('Origin',(1.4322069122805,-10.5172812745993,6.80000000000002));
#15804=CARTESIAN_POINT('',(1.4322069122805,-10.9172812745993,6.80000000000002));
#15805=CARTESIAN_POINT('Origin',(1.4322069122805,-10.5172812745993,6.80000000000002));
#15806=CARTESIAN_POINT('',(1.4322069122805,-10.9172812745993,6.70000000000002));
#15807=CARTESIAN_POINT('',(1.4322069122805,-10.9172812745993,6.80000000000002));
#15808=CARTESIAN_POINT('Origin',(1.4322069122805,-10.5172812745993,6.70000000000002));
#15809=CARTESIAN_POINT('Origin',(1.4322069122805,-10.5172812745993,6.70000000000002));
#15810=CARTESIAN_POINT('Origin',(6.8806431204675,-9.0351379499801,6.80000000000002));
#15811=CARTESIAN_POINT('',(7.1634858329421,-9.3179806624547,6.80000000000002));
#15812=CARTESIAN_POINT('Origin',(6.8806431204675,-9.0351379499801,6.80000000000002));
#15813=CARTESIAN_POINT('',(7.1634858329421,-9.3179806624547,6.70000000000002));
#15814=CARTESIAN_POINT('',(7.16348583294212,-9.31798066245472,6.80000000000002));
#15815=CARTESIAN_POINT('Origin',(6.8806431204675,-9.0351379499801,6.70000000000002));
#15816=CARTESIAN_POINT('Origin',(6.8806431204675,-9.0351379499801,6.70000000000002));
#15817=CARTESIAN_POINT('Origin',(7.2322069122805,-1.31728127459928,6.80000000000002));
#15818=CARTESIAN_POINT('',(7.2322069122805,-1.71728127459928,6.80000000000002));
#15819=CARTESIAN_POINT('Origin',(7.2322069122805,-1.31728127459928,6.80000000000002));
#15820=CARTESIAN_POINT('',(7.2322069122805,-1.71728127459928,6.70000000000002));
#15821=CARTESIAN_POINT('',(7.2322069122805,-1.71728127459928,6.80000000000002));
#15822=CARTESIAN_POINT('Origin',(7.2322069122805,-1.31728127459928,6.70000000000002));
#15823=CARTESIAN_POINT('Origin',(7.2322069122805,-1.31728127459928,6.70000000000002));
#15824=CARTESIAN_POINT('Origin',(6.0322069122805,-10.5172812745993,6.80000000000002));
#15825=CARTESIAN_POINT('',(6.0322069122805,-10.9172812745993,6.80000000000002));
#15826=CARTESIAN_POINT('Origin',(6.0322069122805,-10.5172812745993,6.80000000000002));
#15827=CARTESIAN_POINT('',(6.0322069122805,-10.9172812745993,6.70000000000002));
#15828=CARTESIAN_POINT('',(6.0322069122805,-10.9172812745993,6.80000000000002));
#15829=CARTESIAN_POINT('Origin',(6.0322069122805,-10.5172812745993,6.70000000000002));
#15830=CARTESIAN_POINT('Origin',(6.0322069122805,-10.5172812745993,6.70000000000002));
#15831=CARTESIAN_POINT('Origin',(1.4322069122805,-5.91728127459928,6.80000000000002));
#15832=CARTESIAN_POINT('',(1.4322069122805,-6.31728127459928,6.80000000000002));
#15833=CARTESIAN_POINT('Origin',(1.4322069122805,-5.91728127459928,6.80000000000002));
#15834=CARTESIAN_POINT('',(1.4322069122805,-6.31728127459928,6.70000000000002));
#15835=CARTESIAN_POINT('',(1.4322069122805,-6.31728127459928,6.80000000000002));
#15836=CARTESIAN_POINT('Origin',(1.4322069122805,-5.91728127459928,6.70000000000002));
#15837=CARTESIAN_POINT('Origin',(1.4322069122805,-5.91728127459928,6.70000000000002));
#15838=CARTESIAN_POINT('Origin',(4.8322069122805,-5.91728127459928,6.80000000000002));
#15839=CARTESIAN_POINT('',(4.8322069122805,-6.31728127459928,6.80000000000002));
#15840=CARTESIAN_POINT('Origin',(4.8322069122805,-5.91728127459928,6.80000000000002));
#15841=CARTESIAN_POINT('',(4.8322069122805,-6.31728127459928,6.70000000000002));
#15842=CARTESIAN_POINT('',(4.8322069122805,-6.31728127459928,6.80000000000002));
#15843=CARTESIAN_POINT('Origin',(4.8322069122805,-5.91728127459928,6.70000000000002));
#15844=CARTESIAN_POINT('Origin',(4.8322069122805,-5.91728127459928,6.70000000000002));
#15845=CARTESIAN_POINT('Origin',(2.6322069122805,-5.91728127459928,6.80000000000002));
#15846=CARTESIAN_POINT('',(2.6322069122805,-6.31728127459928,6.80000000000002));
#15847=CARTESIAN_POINT('Origin',(2.6322069122805,-5.91728127459928,6.80000000000002));
#15848=CARTESIAN_POINT('',(2.6322069122805,-6.31728127459928,6.70000000000002));
#15849=CARTESIAN_POINT('',(2.6322069122805,-6.31728127459928,6.80000000000002));
#15850=CARTESIAN_POINT('Origin',(2.6322069122805,-5.91728127459928,6.70000000000002));
#15851=CARTESIAN_POINT('Origin',(2.6322069122805,-5.91728127459928,6.70000000000002));
#15852=CARTESIAN_POINT('Origin',(6.0321149830436,-8.18660981255624,6.80000000000002));
#15853=CARTESIAN_POINT('',(6.3149576955183,-8.4694525250309,6.80000000000002));
#15854=CARTESIAN_POINT('Origin',(6.0321149830436,-8.18660981255624,6.80000000000002));
#15855=CARTESIAN_POINT('',(6.3149576955183,-8.4694525250309,6.70000000000002));
#15856=CARTESIAN_POINT('',(6.31495769551822,-8.46945252503086,6.80000000000002));
#15857=CARTESIAN_POINT('Origin',(6.0321149830436,-8.18660981255624,6.70000000000002));
#15858=CARTESIAN_POINT('Origin',(6.0321149830436,-8.18660981255624,6.70000000000002));
#15859=CARTESIAN_POINT('Origin',(8.38672997560719,-9.4155825223296,6.80000000000002));
#15860=CARTESIAN_POINT('',(8.38672997560719,-9.8155825223296,6.80000000000002));
#15861=CARTESIAN_POINT('Origin',(8.38672997560719,-9.4155825223296,6.80000000000002));
#15862=CARTESIAN_POINT('',(8.38672997560719,-9.8155825223296,6.70000000000002));
#15863=CARTESIAN_POINT('',(8.38672997560719,-9.8155825223296,6.80000000000002));
#15864=CARTESIAN_POINT('Origin',(8.38672997560719,-9.4155825223296,6.70000000000002));
#15865=CARTESIAN_POINT('Origin',(8.38672997560719,-9.4155825223296,6.70000000000002));
#15866=CARTESIAN_POINT('Origin',(5.1663235257979,-4.45510726489117,6.80000000000002));
#15867=CARTESIAN_POINT('',(5.5663235257979,-4.45510726489117,6.80000000000002));
#15868=CARTESIAN_POINT('Origin',(5.1663235257979,-4.45510726489117,6.80000000000002));
#15869=CARTESIAN_POINT('',(5.5663235257979,-4.45510726489117,6.70000000000002));
#15870=CARTESIAN_POINT('',(5.5663235257979,-4.45510726489117,6.80000000000002));
#15871=CARTESIAN_POINT('Origin',(5.1663235257979,-4.45510726489117,6.70000000000002));
#15872=CARTESIAN_POINT('Origin',(5.1663235257979,-4.45510726489117,6.70000000000002));
#15873=CARTESIAN_POINT('Origin',(7.2322069122805,-5.91728127459928,6.80000000000002));
#15874=CARTESIAN_POINT('',(7.2322069122805,-6.31728127459928,6.80000000000002));
#15875=CARTESIAN_POINT('Origin',(7.2322069122805,-5.91728127459928,6.80000000000002));
#15876=CARTESIAN_POINT('',(7.2322069122805,-6.31728127459928,6.70000000000002));
#15877=CARTESIAN_POINT('',(7.2322069122805,-6.31728127459928,6.80000000000002));
#15878=CARTESIAN_POINT('Origin',(7.2322069122805,-5.91728127459928,6.70000000000002));
#15879=CARTESIAN_POINT('Origin',(7.2322069122805,-5.91728127459928,6.70000000000002));
#15880=CARTESIAN_POINT('Origin',(1.4322069122805,-1.31728127459928,6.80000000000002));
#15881=CARTESIAN_POINT('',(1.4322069122805,-1.71728127459928,6.80000000000002));
#15882=CARTESIAN_POINT('Origin',(1.4322069122805,-1.31728127459928,6.80000000000002));
#15883=CARTESIAN_POINT('',(1.4322069122805,-1.71728127459928,6.70000000000002));
#15884=CARTESIAN_POINT('',(1.4322069122805,-1.71728127459928,6.80000000000002));
#15885=CARTESIAN_POINT('Origin',(1.4322069122805,-1.31728127459928,6.70000000000002));
#15886=CARTESIAN_POINT('Origin',(1.4322069122805,-1.31728127459928,6.70000000000002));
#15887=CARTESIAN_POINT('Origin',(3.7925016343136,-4.92649774882938,6.80000000000002));
#15888=CARTESIAN_POINT('',(3.7925016343136,-5.32649774882938,6.80000000000002));
#15889=CARTESIAN_POINT('Origin',(3.7925016343136,-4.92649774882938,6.80000000000002));
#15890=CARTESIAN_POINT('',(3.7925016343136,-5.32649774882938,6.70000000000002));
#15891=CARTESIAN_POINT('',(3.7925016343136,-5.32649774882938,6.80000000000002));
#15892=CARTESIAN_POINT('Origin',(3.7925016343136,-4.92649774882938,6.70000000000002));
#15893=CARTESIAN_POINT('Origin',(3.7925016343136,-4.92649774882938,6.70000000000002));
#15894=CARTESIAN_POINT('Origin',(-0.913270024392803,-8.21558252232963,6.80000000000002));
#15895=CARTESIAN_POINT('',(-1.3132700243928,-8.21558252232963,6.80000000000002));
#15896=CARTESIAN_POINT('Origin',(-0.913270024392803,-8.21558252232963,6.80000000000002));
#15897=CARTESIAN_POINT('',(-1.3132700243928,-8.21558252232963,6.70000000000002));
#15898=CARTESIAN_POINT('',(-1.3132700243928,-8.21558252232963,6.80000000000002));
#15899=CARTESIAN_POINT('Origin',(-0.913270024392803,-8.21558252232963,6.70000000000002));
#15900=CARTESIAN_POINT('Origin',(-0.913270024392803,-8.21558252232963,6.70000000000002));
#15901=CARTESIAN_POINT('Origin',(4.8322069122805,-10.5172812745993,6.80000000000002));
#15902=CARTESIAN_POINT('',(4.8322069122805,-10.9172812745993,6.80000000000002));
#15903=CARTESIAN_POINT('Origin',(4.8322069122805,-10.5172812745993,6.80000000000002));
#15904=CARTESIAN_POINT('',(4.8322069122805,-10.9172812745993,6.70000000000002));
#15905=CARTESIAN_POINT('',(4.8322069122805,-10.9172812745993,6.80000000000002));
#15906=CARTESIAN_POINT('Origin',(4.8322069122805,-10.5172812745993,6.70000000000002));
#15907=CARTESIAN_POINT('Origin',(4.8322069122805,-10.5172812745993,6.70000000000002));
#15908=CARTESIAN_POINT('Origin',(-2.4980018054066E-15,-11.9,0.499999999999998));
#15909=CARTESIAN_POINT('',(-2.4980018054066E-15,-11.675,-8.));
#15910=CARTESIAN_POINT('Origin',(-2.4980018054066E-15,-11.9,-8.));
#15911=CARTESIAN_POINT('',(-2.4980018054066E-15,-11.675,0.499999999999998));
#15912=CARTESIAN_POINT('',(-2.42048721631765E-15,-11.675,0.499999999999998));
#15913=CARTESIAN_POINT('Origin',(-2.4980018054066E-15,-11.9,0.499999999999998));
#15914=CARTESIAN_POINT('Origin',(-2.4980018054066E-15,-11.9,-8.));
#15915=CARTESIAN_POINT('Origin',(-2.77555756156289E-16,0.,0.499999999999998));
#15916=CARTESIAN_POINT('',(-2.77555756156289E-16,0.225000000000001,-8.));
#15917=CARTESIAN_POINT('Origin',(-2.77555756156289E-16,0.,-8.));
#15918=CARTESIAN_POINT('',(-2.77555756156289E-16,0.225000000000001,0.499999999999998));
#15919=CARTESIAN_POINT('',(-2.00041167067342E-16,0.225,0.499999999999998));
#15920=CARTESIAN_POINT('Origin',(-2.77555756156289E-16,0.,0.499999999999998));
#15921=CARTESIAN_POINT('Origin',(-2.77555756156289E-16,0.,-8.));
#15922=CARTESIAN_POINT('Origin',(7.61999999999999,-11.9,0.499999999999998));
#15923=CARTESIAN_POINT('',(7.61999999999999,-11.675,-8.));
#15924=CARTESIAN_POINT('Origin',(7.61999999999999,-11.9,-8.));
#15925=CARTESIAN_POINT('',(7.61999999999999,-11.675,0.499999999999998));
#15926=CARTESIAN_POINT('',(7.61999999999999,-11.675,0.499999999999998));
#15927=CARTESIAN_POINT('Origin',(7.61999999999999,-11.9,0.499999999999998));
#15928=CARTESIAN_POINT('Origin',(7.61999999999999,-11.9,-8.));
#15929=CARTESIAN_POINT('Origin',(7.62,-1.11022302462516E-15,0.499999999999998));
#15930=CARTESIAN_POINT('',(7.62,0.224999999999999,-8.));
#15931=CARTESIAN_POINT('Origin',(7.62,-1.11022302462516E-15,-8.));
#15932=CARTESIAN_POINT('',(7.62,0.224999999999999,0.499999999999998));
#15933=CARTESIAN_POINT('',(7.62,0.224999999999999,0.499999999999998));
#15934=CARTESIAN_POINT('Origin',(7.62,-1.11022302462516E-15,0.499999999999998));
#15935=CARTESIAN_POINT('Origin',(7.62,-1.11022302462516E-15,-8.));
#15936=CARTESIAN_POINT('Origin',(5.08,-1.11022302462516E-15,0.499999999999998));
#15937=CARTESIAN_POINT('',(5.08,0.225,-8.));
#15938=CARTESIAN_POINT('Origin',(5.08,-1.11022302462516E-15,-8.));
#15939=CARTESIAN_POINT('',(5.08,0.225,0.499999999999998));
#15940=CARTESIAN_POINT('',(5.08,0.224999999999999,0.499999999999998));
#15941=CARTESIAN_POINT('Origin',(5.08,-1.11022302462516E-15,0.499999999999998));
#15942=CARTESIAN_POINT('Origin',(5.08,-1.11022302462516E-15,-8.));
#15943=CARTESIAN_POINT('Origin',(2.54,0.,0.499999999999998));
#15944=CARTESIAN_POINT('',(2.54,0.225,-8.));
#15945=CARTESIAN_POINT('Origin',(2.54,0.,-8.));
#15946=CARTESIAN_POINT('',(2.54,0.225,0.499999999999998));
#15947=CARTESIAN_POINT('',(2.54,0.225,0.499999999999998));
#15948=CARTESIAN_POINT('Origin',(2.54,0.,0.499999999999998));
#15949=CARTESIAN_POINT('Origin',(2.54,0.,-8.));
#15950=CARTESIAN_POINT('Origin',(2.54,-11.9,0.499999999999998));
#15951=CARTESIAN_POINT('',(2.54,-11.675,-8.));
#15952=CARTESIAN_POINT('Origin',(2.54,-11.9,-8.));
#15953=CARTESIAN_POINT('',(2.54,-11.675,0.499999999999998));
#15954=CARTESIAN_POINT('',(2.54,-11.675,0.499999999999998));
#15955=CARTESIAN_POINT('Origin',(2.54,-11.9,0.499999999999998));
#15956=CARTESIAN_POINT('Origin',(2.54,-11.9,-8.));
#15957=CARTESIAN_POINT('Origin',(5.08,-11.9,0.499999999999998));
#15958=CARTESIAN_POINT('',(5.08,-11.675,-8.));
#15959=CARTESIAN_POINT('Origin',(5.08,-11.9,-8.));
#15960=CARTESIAN_POINT('',(5.08,-11.675,0.499999999999998));
#15961=CARTESIAN_POINT('',(5.08,-11.675,0.499999999999998));
#15962=CARTESIAN_POINT('Origin',(5.08,-11.9,0.499999999999998));
#15963=CARTESIAN_POINT('Origin',(5.08,-11.9,-8.));
#15964=CARTESIAN_POINT('Origin',(-2.19,-11.45,0.499999999999998));
#15965=CARTESIAN_POINT('',(-2.19,-11.45,-2.22044604925031E-15));
#15966=CARTESIAN_POINT('',(-2.19,-11.45,-2.22044604925031E-15));
#15967=CARTESIAN_POINT('',(-2.19,-11.45,0.499999999999998));
#15968=CARTESIAN_POINT('',(-2.19,-11.45,3.65000000000002));
#15969=CARTESIAN_POINT('',(-2.19,-11.45,0.499999999999998));
#15970=CARTESIAN_POINT('Origin',(-2.19,-0.449999999999999,-2.22044604925031E-15));
#15971=CARTESIAN_POINT('',(-2.19,-0.449999999999999,0.499999999999998));
#15972=CARTESIAN_POINT('',(-2.19,-0.449999999999999,0.499999999999998));
#15973=CARTESIAN_POINT('',(-2.19,-0.449999999999999,3.40000000000002));
#15974=CARTESIAN_POINT('Origin',(-2.19,-0.449999999999999,-2.22044604925031E-15));
#15975=CARTESIAN_POINT('',(9.81,-0.450000000000002,-2.22044604925031E-15));
#15976=CARTESIAN_POINT('',(2.835,-0.45,8.88178419700125E-15));
#15977=CARTESIAN_POINT('',(9.81,-0.450000000000002,0.499999999999998));
#15978=CARTESIAN_POINT('',(9.81,-0.450000000000002,-2.22044604925031E-15));
#15979=CARTESIAN_POINT('',(-2.19,-0.449999999999999,0.499999999999998));
#15980=CARTESIAN_POINT('Origin',(-2.19,-11.45,0.499999999999998));
#15981=CARTESIAN_POINT('',(9.81,-11.45,0.499999999999998));
#15982=CARTESIAN_POINT('',(-2.19,-11.45,0.499999999999998));
#15983=CARTESIAN_POINT('',(9.81,-11.45,0.249999999999998));
#15984=CARTESIAN_POINT('Origin',(9.81,1.55,-2.22044604925031E-15));
#15985=CARTESIAN_POINT('',(9.81,0.549999999999998,0.499999999999998));
#15986=CARTESIAN_POINT('',(9.81,1.55,-2.22044604925031E-15));
#15987=CARTESIAN_POINT('',(9.81,1.55,-2.22044604925031E-15));
#15988=CARTESIAN_POINT('',(9.81,1.55,6.80000000000002));
#15989=CARTESIAN_POINT('',(9.81,1.55,6.80000000000002));
#15990=CARTESIAN_POINT('',(9.81,-13.45,6.80000000000002));
#15991=CARTESIAN_POINT('',(9.81,1.55,6.80000000000002));
#15992=CARTESIAN_POINT('',(9.81,-13.45,6.80000000000002));
#15993=CARTESIAN_POINT('Origin',(7.86,1.55,-2.22044604925031E-15));
#15994=CARTESIAN_POINT('',(9.81,1.55,-2.22044604925031E-15));
#15995=CARTESIAN_POINT('Origin',(-2.19,1.55,6.80000000000002));
#15996=CARTESIAN_POINT('',(-2.19,0.55,0.499999999999998));
#15997=CARTESIAN_POINT('',(-2.19,-13.45,-2.22044604925031E-15));
#15998=CARTESIAN_POINT('',(-2.19,1.55,-2.22044604925031E-15));
#15999=CARTESIAN_POINT('',(-2.19,-13.45,6.80000000000002));
#16000=CARTESIAN_POINT('',(-2.19,-13.45,-2.22044604925031E-15));
#16001=CARTESIAN_POINT('',(-2.19,1.55,6.80000000000002));
#16002=CARTESIAN_POINT('',(-2.19,1.55,6.80000000000002));
#16003=CARTESIAN_POINT('',(-2.19,1.55,-2.22044604925031E-15));
#16004=CARTESIAN_POINT('Origin',(-0.24,1.55,-2.22044604925031E-15));
#16005=CARTESIAN_POINT('',(-0.24,1.55,0.499999999999998));
#16006=CARTESIAN_POINT('',(-0.24,1.55,0.499999999999998));
#16007=CARTESIAN_POINT('',(-0.24,1.55,0.499999999999998));
#16008=CARTESIAN_POINT('Origin',(-2.19,1.55,-2.22044604925031E-15));
#16009=CARTESIAN_POINT('',(-0.240000000000003,-13.45,-2.22044604925031E-15));
#16010=CARTESIAN_POINT('Origin',(9.81,1.55,6.80000000000002));
#16011=CARTESIAN_POINT('',(-2.19,1.55,6.80000000000002));
#16012=CARTESIAN_POINT('',(-2.19,-13.45,6.80000000000002));
#16013=CARTESIAN_POINT('Origin',(7.86,1.55,0.499999999999998));
#16014=CARTESIAN_POINT('',(7.86,-13.45,0.499999999999998));
#16015=CARTESIAN_POINT('',(7.86,-13.45,-2.22044604925031E-15));
#16016=CARTESIAN_POINT('',(7.86,1.55,0.499999999999998));
#16017=CARTESIAN_POINT('Origin',(-0.24,1.55,0.499999999999998));
#16018=CARTESIAN_POINT('',(7.86,-13.45,0.499999999999998));
#16019=CARTESIAN_POINT('',(7.86,1.55,0.499999999999998));
#16020=CARTESIAN_POINT('Origin',(3.81,-13.45,3.40000000000002));
#16021=CARTESIAN_POINT('Origin',(3.81,1.55,3.40000000000002));
#16022=UNCERTAINTY_MEASURE_WITH_UNIT(LENGTH_MEASURE(0.01),#16026,
'DISTANCE_ACCURACY_VALUE',
'Maximum model space distance between geometric entities at asserted c
onnectivities');
#16023=UNCERTAINTY_MEASURE_WITH_UNIT(LENGTH_MEASURE(0.01),#16026,
'DISTANCE_ACCURACY_VALUE',
'Maximum model space distance between geometric entities at asserted c
onnectivities');
#16024=(
GEOMETRIC_REPRESENTATION_CONTEXT(3)
GLOBAL_UNCERTAINTY_ASSIGNED_CONTEXT((#16022))
GLOBAL_UNIT_ASSIGNED_CONTEXT((#16026,#16028,#16029))
REPRESENTATION_CONTEXT('','3D')
);
#16025=(
GEOMETRIC_REPRESENTATION_CONTEXT(3)
GLOBAL_UNCERTAINTY_ASSIGNED_CONTEXT((#16023))
GLOBAL_UNIT_ASSIGNED_CONTEXT((#16026,#16028,#16029))
REPRESENTATION_CONTEXT('','3D')
);
#16026=(
LENGTH_UNIT()
NAMED_UNIT(*)
SI_UNIT(.MILLI.,.METRE.)
);
#16027=(
LENGTH_UNIT()
NAMED_UNIT(*)
SI_UNIT($,.METRE.)
);
#16028=(
NAMED_UNIT(*)
PLANE_ANGLE_UNIT()
SI_UNIT($,.RADIAN.)
);
#16029=(
NAMED_UNIT(*)
SI_UNIT($,.STERADIAN.)
SOLID_ANGLE_UNIT()
);
#16030=SHAPE_DEFINITION_REPRESENTATION(#16031,#16032);
#16031=PRODUCT_DEFINITION_SHAPE('',$,#16034);
#16032=SHAPE_REPRESENTATION('',(#9226),#16024);
#16033=PRODUCT_DEFINITION_CONTEXT('part definition',#16038,'design');
#16034=PRODUCT_DEFINITION('2026-10-03-14-56-08-833','UFCSingleDigit',#16035,
#16033);
#16035=PRODUCT_DEFINITION_FORMATION('',$,#16040);
#16036=PRODUCT_RELATED_PRODUCT_CATEGORY('UFCSingleDigit',
'UFCSingleDigit',(#16040));
#16037=APPLICATION_PROTOCOL_DEFINITION('international standard',
'automotive_design',2009,#16038);
#16038=APPLICATION_CONTEXT(
'Core Data for Automotive Mechanical Design Process');
#16039=PRODUCT_CONTEXT('part definition',#16038,'mechanical');
#16040=PRODUCT('2026-10-03-14-56-08-833','UFCSingleDigit',
'DISPLAY, LED, 16 SEG, GRN, TEKCREATIONS',(#16039));
#16041=PRESENTATION_STYLE_ASSIGNMENT((#16046));
#16042=PRESENTATION_STYLE_ASSIGNMENT((#16047));
#16043=PRESENTATION_STYLE_ASSIGNMENT((#16048));
#16044=PRESENTATION_STYLE_ASSIGNMENT((#16049));
#16045=PRESENTATION_STYLE_ASSIGNMENT((#16050));
#16046=SURFACE_STYLE_USAGE(.BOTH.,#16051);
#16047=SURFACE_STYLE_USAGE(.BOTH.,#16052);
#16048=SURFACE_STYLE_USAGE(.BOTH.,#16053);
#16049=SURFACE_STYLE_USAGE(.BOTH.,#16054);
#16050=SURFACE_STYLE_USAGE(.BOTH.,#16055);
#16051=SURFACE_SIDE_STYLE('',(#16056));
#16052=SURFACE_SIDE_STYLE('',(#16057));
#16053=SURFACE_SIDE_STYLE('',(#16058));
#16054=SURFACE_SIDE_STYLE('',(#16059));
#16055=SURFACE_SIDE_STYLE('',(#16060));
#16056=SURFACE_STYLE_FILL_AREA(#16061);
#16057=SURFACE_STYLE_FILL_AREA(#16062);
#16058=SURFACE_STYLE_FILL_AREA(#16063);
#16059=SURFACE_STYLE_FILL_AREA(#16064);
#16060=SURFACE_STYLE_FILL_AREA(#16065);
#16061=FILL_AREA_STYLE('Steel - Satin',(#16066));
#16062=FILL_AREA_STYLE('ABS (White)',(#16067));
#16063=FILL_AREA_STYLE('Paint - Enamel Flat (Lusterless Black)',(#16068));
#16064=FILL_AREA_STYLE('LED (Green)',(#16069));
#16065=FILL_AREA_STYLE('Gold - Polished',(#16070));
#16066=FILL_AREA_STYLE_COLOUR('Steel - Satin',#16071);
#16067=FILL_AREA_STYLE_COLOUR('ABS (White)',#16072);
#16068=FILL_AREA_STYLE_COLOUR('Paint - Enamel Flat (Lusterless Black)',
#16073);
#16069=FILL_AREA_STYLE_COLOUR('LED (Green)',#16074);
#16070=FILL_AREA_STYLE_COLOUR('Gold - Polished',#16075);
#16071=COLOUR_RGB('Steel - Satin',0.627450980392157,0.627450980392157,0.627450980392157);
#16072=COLOUR_RGB('ABS (White)',0.964705882352941,0.964705882352941,0.952941176470588);
#16073=COLOUR_RGB('Paint - Enamel Flat (Lusterless Black)',0.0196078431372549,
0.0666666666666667,0.0666666666666667);
#16074=COLOUR_RGB('LED (Green)',0.266666666666667,0.588235294117647,0.282352941176471);
#16075=COLOUR_RGB('Gold - Polished',0.956862745098039,0.898039215686275,
0.654901960784314);
ENDSEC;
END-ISO-10303-21;
